"MTU (UTC)","Area","Sequence","Day-ahead Price (EUR/MWh)","Intraday Period (UTC)","Intraday Price (EUR/MWh)"
"01/01/2026 00:00:00 - 01/01/2026 00:15:00","BZN|NL","Without Sequence","75.66","",""
"01/01/2026 00:15:00 - 01/01/2026 00:30:00","BZN|NL","Without Sequence","65.08","",""
"01/01/2026 00:30:00 - 01/01/2026 00:45:00","BZN|NL","Without Sequence","65.48","",""
"01/01/2026 00:45:00 - 01/01/2026 01:00:00","BZN|NL","Without Sequence","53.63","",""
"01/01/2026 01:00:00 - 01/01/2026 01:15:00","BZN|NL","Without Sequence","68.39","",""
"01/01/2026 01:15:00 - 01/01/2026 01:30:00","BZN|NL","Without Sequence","54.35","",""
"01/01/2026 01:30:00 - 01/01/2026 01:45:00","BZN|NL","Without Sequence","55.61","",""
"01/01/2026 01:45:00 - 01/01/2026 02:00:00","BZN|NL","Without Sequence","42.82","",""
"01/01/2026 02:00:00 - 01/01/2026 02:15:00","BZN|NL","Without Sequence","54.38","",""
"01/01/2026 02:15:00 - 01/01/2026 02:30:00","BZN|NL","Without Sequence","46.32","",""
"01/01/2026 02:30:00 - 01/01/2026 02:45:00","BZN|NL","Without Sequence","31.41","",""
"01/01/2026 02:45:00 - 01/01/2026 03:00:00","BZN|NL","Without Sequence","29.71","",""
"01/01/2026 03:00:00 - 01/01/2026 03:15:00","BZN|NL","Without Sequence","27.39","",""
"01/01/2026 03:15:00 - 01/01/2026 03:30:00","BZN|NL","Without Sequence","20.00","",""
"01/01/2026 03:30:00 - 01/01/2026 03:45:00","BZN|NL","Without Sequence","26.17","",""
"01/01/2026 03:45:00 - 01/01/2026 04:00:00","BZN|NL","Without Sequence","26.14","",""
"01/01/2026 04:00:00 - 01/01/2026 04:15:00","BZN|NL","Without Sequence","21.51","",""
"01/01/2026 04:15:00 - 01/01/2026 04:30:00","BZN|NL","Without Sequence","20.00","",""
"01/01/2026 04:30:00 - 01/01/2026 04:45:00","BZN|NL","Without Sequence","24.75","",""
"01/01/2026 04:45:00 - 01/01/2026 05:00:00","BZN|NL","Without Sequence","10.00","",""
"01/01/2026 05:00:00 - 01/01/2026 05:15:00","BZN|NL","Without Sequence","2.34","",""
"01/01/2026 05:15:00 - 01/01/2026 05:30:00","BZN|NL","Without Sequence","3.62","",""
"01/01/2026 05:30:00 - 01/01/2026 05:45:00","BZN|NL","Without Sequence","8.00","",""
"01/01/2026 05:45:00 - 01/01/2026 06:00:00","BZN|NL","Without Sequence","10.00","",""
"01/01/2026 06:00:00 - 01/01/2026 06:15:00","BZN|NL","Without Sequence","8.90","",""
"01/01/2026 06:15:00 - 01/01/2026 06:30:00","BZN|NL","Without Sequence","16.09","",""
"01/01/2026 06:30:00 - 01/01/2026 06:45:00","BZN|NL","Without Sequence","18.72","",""
"01/01/2026 06:45:00 - 01/01/2026 07:00:00","BZN|NL","Without Sequence","16.29","",""
"01/01/2026 07:00:00 - 01/01/2026 07:15:00","BZN|NL","Without Sequence","29.67","",""
"01/01/2026 07:15:00 - 01/01/2026 07:30:00","BZN|NL","Without Sequence","26.68","",""
"01/01/2026 07:30:00 - 01/01/2026 07:45:00","BZN|NL","Without Sequence","18.57","",""
"01/01/2026 07:45:00 - 01/01/2026 08:00:00","BZN|NL","Without Sequence","9.46","",""
"01/01/2026 08:00:00 - 01/01/2026 08:15:00","BZN|NL","Without Sequence","46.22","",""
"01/01/2026 08:15:00 - 01/01/2026 08:30:00","BZN|NL","Without Sequence","36.45","",""
"01/01/2026 08:30:00 - 01/01/2026 08:45:00","BZN|NL","Without Sequence","29.00","",""
"01/01/2026 08:45:00 - 01/01/2026 09:00:00","BZN|NL","Without Sequence","9.93","",""
"01/01/2026 09:00:00 - 01/01/2026 09:15:00","BZN|NL","Without Sequence","46.01","",""
"01/01/2026 09:15:00 - 01/01/2026 09:30:00","BZN|NL","Without Sequence","26.62","",""
"01/01/2026 09:30:00 - 01/01/2026 09:45:00","BZN|NL","Without Sequence","23.86","",""
"01/01/2026 09:45:00 - 01/01/2026 10:00:00","BZN|NL","Without Sequence","14.77","",""
"01/01/2026 10:00:00 - 01/01/2026 10:15:00","BZN|NL","Without Sequence","46.80","",""
"01/01/2026 10:15:00 - 01/01/2026 10:30:00","BZN|NL","Without Sequence","32.99","",""
"01/01/2026 10:30:00 - 01/01/2026 10:45:00","BZN|NL","Without Sequence","33.34","",""
"01/01/2026 10:45:00 - 01/01/2026 11:00:00","BZN|NL","Without Sequence","26.87","",""
"01/01/2026 11:00:00 - 01/01/2026 11:15:00","BZN|NL","Without Sequence","59.96","",""
"01/01/2026 11:15:00 - 01/01/2026 11:30:00","BZN|NL","Without Sequence","49.81","",""
"01/01/2026 11:30:00 - 01/01/2026 11:45:00","BZN|NL","Without Sequence","49.53","",""
"01/01/2026 11:45:00 - 01/01/2026 12:00:00","BZN|NL","Without Sequence","46.07","",""
"01/01/2026 12:00:00 - 01/01/2026 12:15:00","BZN|NL","Without Sequence","44.75","",""
"01/01/2026 12:15:00 - 01/01/2026 12:30:00","BZN|NL","Without Sequence","45.50","",""
"01/01/2026 12:30:00 - 01/01/2026 12:45:00","BZN|NL","Without Sequence","41.60","",""
"01/01/2026 12:45:00 - 01/01/2026 13:00:00","BZN|NL","Without Sequence","42.03","",""
"01/01/2026 13:00:00 - 01/01/2026 13:15:00","BZN|NL","Without Sequence","30.10","",""
"01/01/2026 13:15:00 - 01/01/2026 13:30:00","BZN|NL","Without Sequence","37.70","",""
"01/01/2026 13:30:00 - 01/01/2026 13:45:00","BZN|NL","Without Sequence","37.70","",""
"01/01/2026 13:45:00 - 01/01/2026 14:00:00","BZN|NL","Without Sequence","45.72","",""
"01/01/2026 14:00:00 - 01/01/2026 14:15:00","BZN|NL","Without Sequence","41.16","",""
"01/01/2026 14:15:00 - 01/01/2026 14:30:00","BZN|NL","Without Sequence","51.04","",""
"01/01/2026 14:30:00 - 01/01/2026 14:45:00","BZN|NL","Without Sequence","61.88","",""
"01/01/2026 14:45:00 - 01/01/2026 15:00:00","BZN|NL","Without Sequence","65.13","",""
"01/01/2026 15:00:00 - 01/01/2026 15:15:00","BZN|NL","Without Sequence","63.07","",""
"01/01/2026 15:15:00 - 01/01/2026 15:30:00","BZN|NL","Without Sequence","66.94","",""
"01/01/2026 15:30:00 - 01/01/2026 15:45:00","BZN|NL","Without Sequence","66.94","",""
"01/01/2026 15:45:00 - 01/01/2026 16:00:00","BZN|NL","Without Sequence","82.12","",""
"01/01/2026 16:00:00 - 01/01/2026 16:15:00","BZN|NL","Without Sequence","69.90","",""
"01/01/2026 16:15:00 - 01/01/2026 16:30:00","BZN|NL","Without Sequence","84.40","",""
"01/01/2026 16:30:00 - 01/01/2026 16:45:00","BZN|NL","Without Sequence","91.25","",""
"01/01/2026 16:45:00 - 01/01/2026 17:00:00","BZN|NL","Without Sequence","96.84","",""
"01/01/2026 17:00:00 - 01/01/2026 17:15:00","BZN|NL","Without Sequence","80.00","",""
"01/01/2026 17:15:00 - 01/01/2026 17:30:00","BZN|NL","Without Sequence","80.11","",""
"01/01/2026 17:30:00 - 01/01/2026 17:45:00","BZN|NL","Without Sequence","72.46","",""
"01/01/2026 17:45:00 - 01/01/2026 18:00:00","BZN|NL","Without Sequence","79.27","",""
"01/01/2026 18:00:00 - 01/01/2026 18:15:00","BZN|NL","Without Sequence","77.00","",""
"01/01/2026 18:15:00 - 01/01/2026 18:30:00","BZN|NL","Without Sequence","79.17","",""
"01/01/2026 18:30:00 - 01/01/2026 18:45:00","BZN|NL","Without Sequence","69.27","",""
"01/01/2026 18:45:00 - 01/01/2026 19:00:00","BZN|NL","Without Sequence","69.76","",""
"01/01/2026 19:00:00 - 01/01/2026 19:15:00","BZN|NL","Without Sequence","68.78","",""
"01/01/2026 19:15:00 - 01/01/2026 19:30:00","BZN|NL","Without Sequence","68.45","",""
"01/01/2026 19:30:00 - 01/01/2026 19:45:00","BZN|NL","Without Sequence","68.35","",""
"01/01/2026 19:45:00 - 01/01/2026 20:00:00","BZN|NL","Without Sequence","64.71","",""
"01/01/2026 20:00:00 - 01/01/2026 20:15:00","BZN|NL","Without Sequence","64.13","",""
"01/01/2026 20:15:00 - 01/01/2026 20:30:00","BZN|NL","Without Sequence","62.33","",""
"01/01/2026 20:30:00 - 01/01/2026 20:45:00","BZN|NL","Without Sequence","61.83","",""
"01/01/2026 20:45:00 - 01/01/2026 21:00:00","BZN|NL","Without Sequence","56.51","",""
"01/01/2026 21:00:00 - 01/01/2026 21:15:00","BZN|NL","Without Sequence","55.10","",""
"01/01/2026 21:15:00 - 01/01/2026 21:30:00","BZN|NL","Without Sequence","57.63","",""
"01/01/2026 21:30:00 - 01/01/2026 21:45:00","BZN|NL","Without Sequence","68.99","",""
"01/01/2026 21:45:00 - 01/01/2026 22:00:00","BZN|NL","Without Sequence","65.50","",""
"01/01/2026 22:00:00 - 01/01/2026 22:15:00","BZN|NL","Without Sequence","52.18","",""
"01/01/2026 22:15:00 - 01/01/2026 22:30:00","BZN|NL","Without Sequence","50.45","",""
"01/01/2026 22:30:00 - 01/01/2026 22:45:00","BZN|NL","Without Sequence","45.17","",""
"01/01/2026 22:45:00 - 01/01/2026 23:00:00","BZN|NL","Without Sequence","43.35","",""
"01/01/2026 23:00:00 - 01/01/2026 23:15:00","BZN|NL","Without Sequence","30.46","",""
"01/01/2026 23:15:00 - 01/01/2026 23:30:00","BZN|NL","Without Sequence","39.95","",""
"01/01/2026 23:30:00 - 01/01/2026 23:45:00","BZN|NL","Without Sequence","27.00","",""
"01/01/2026 23:45:00 - 02/01/2026 00:00:00","BZN|NL","Without Sequence","14.99","",""
"02/01/2026 00:00:00 - 02/01/2026 00:15:00","BZN|NL","Without Sequence","25.30","",""
"02/01/2026 00:15:00 - 02/01/2026 00:30:00","BZN|NL","Without Sequence","18.22","",""
"02/01/2026 00:30:00 - 02/01/2026 00:45:00","BZN|NL","Without Sequence","13.04","",""
"02/01/2026 00:45:00 - 02/01/2026 01:00:00","BZN|NL","Without Sequence","9.94","",""
"02/01/2026 01:00:00 - 02/01/2026 01:15:00","BZN|NL","Without Sequence","20.00","",""
"02/01/2026 01:15:00 - 02/01/2026 01:30:00","BZN|NL","Without Sequence","15.57","",""
"02/01/2026 01:30:00 - 02/01/2026 01:45:00","BZN|NL","Without Sequence","14.42","",""
"02/01/2026 01:45:00 - 02/01/2026 02:00:00","BZN|NL","Without Sequence","9.99","",""
"02/01/2026 02:00:00 - 02/01/2026 02:15:00","BZN|NL","Without Sequence","9.99","",""
"02/01/2026 02:15:00 - 02/01/2026 02:30:00","BZN|NL","Without Sequence","7.75","",""
"02/01/2026 02:30:00 - 02/01/2026 02:45:00","BZN|NL","Without Sequence","9.93","",""
"02/01/2026 02:45:00 - 02/01/2026 03:00:00","BZN|NL","Without Sequence","7.60","",""
"02/01/2026 03:00:00 - 02/01/2026 03:15:00","BZN|NL","Without Sequence","9.42","",""
"02/01/2026 03:15:00 - 02/01/2026 03:30:00","BZN|NL","Without Sequence","9.42","",""
"02/01/2026 03:30:00 - 02/01/2026 03:45:00","BZN|NL","Without Sequence","10.00","",""
"02/01/2026 03:45:00 - 02/01/2026 04:00:00","BZN|NL","Without Sequence","11.17","",""
"02/01/2026 04:00:00 - 02/01/2026 04:15:00","BZN|NL","Without Sequence","9.82","",""
"02/01/2026 04:15:00 - 02/01/2026 04:30:00","BZN|NL","Without Sequence","14.00","",""
"02/01/2026 04:30:00 - 02/01/2026 04:45:00","BZN|NL","Without Sequence","15.57","",""
"02/01/2026 04:45:00 - 02/01/2026 05:00:00","BZN|NL","Without Sequence","22.83","",""
"02/01/2026 05:00:00 - 02/01/2026 05:15:00","BZN|NL","Without Sequence","12.41","",""
"02/01/2026 05:15:00 - 02/01/2026 05:30:00","BZN|NL","Without Sequence","26.46","",""
"02/01/2026 05:30:00 - 02/01/2026 05:45:00","BZN|NL","Without Sequence","37.22","",""
"02/01/2026 05:45:00 - 02/01/2026 06:00:00","BZN|NL","Without Sequence","43.29","",""
"02/01/2026 06:00:00 - 02/01/2026 06:15:00","BZN|NL","Without Sequence","36.12","",""
"02/01/2026 06:15:00 - 02/01/2026 06:30:00","BZN|NL","Without Sequence","47.67","",""
"02/01/2026 06:30:00 - 02/01/2026 06:45:00","BZN|NL","Without Sequence","59.99","",""
"02/01/2026 06:45:00 - 02/01/2026 07:00:00","BZN|NL","Without Sequence","71.04","",""
"02/01/2026 07:00:00 - 02/01/2026 07:15:00","BZN|NL","Without Sequence","70.69","",""
"02/01/2026 07:15:00 - 02/01/2026 07:30:00","BZN|NL","Without Sequence","73.08","",""
"02/01/2026 07:30:00 - 02/01/2026 07:45:00","BZN|NL","Without Sequence","74.52","",""
"02/01/2026 07:45:00 - 02/01/2026 08:00:00","BZN|NL","Without Sequence","89.97","",""
"02/01/2026 08:00:00 - 02/01/2026 08:15:00","BZN|NL","Without Sequence","103.64","",""
"02/01/2026 08:15:00 - 02/01/2026 08:30:00","BZN|NL","Without Sequence","100.00","",""
"02/01/2026 08:30:00 - 02/01/2026 08:45:00","BZN|NL","Without Sequence","84.92","",""
"02/01/2026 08:45:00 - 02/01/2026 09:00:00","BZN|NL","Without Sequence","79.44","",""
"02/01/2026 09:00:00 - 02/01/2026 09:15:00","BZN|NL","Without Sequence","69.21","",""
"02/01/2026 09:15:00 - 02/01/2026 09:30:00","BZN|NL","Without Sequence","72.84","",""
"02/01/2026 09:30:00 - 02/01/2026 09:45:00","BZN|NL","Without Sequence","72.75","",""
"02/01/2026 09:45:00 - 02/01/2026 10:00:00","BZN|NL","Without Sequence","69.21","",""
"02/01/2026 10:00:00 - 02/01/2026 10:15:00","BZN|NL","Without Sequence","68.00","",""
"02/01/2026 10:15:00 - 02/01/2026 10:30:00","BZN|NL","Without Sequence","67.61","",""
"02/01/2026 10:30:00 - 02/01/2026 10:45:00","BZN|NL","Without Sequence","67.26","",""
"02/01/2026 10:45:00 - 02/01/2026 11:00:00","BZN|NL","Without Sequence","65.97","",""
"02/01/2026 11:00:00 - 02/01/2026 11:15:00","BZN|NL","Without Sequence","54.82","",""
"02/01/2026 11:15:00 - 02/01/2026 11:30:00","BZN|NL","Without Sequence","57.50","",""
"02/01/2026 11:30:00 - 02/01/2026 11:45:00","BZN|NL","Without Sequence","60.00","",""
"02/01/2026 11:45:00 - 02/01/2026 12:00:00","BZN|NL","Without Sequence","59.69","",""
"02/01/2026 12:00:00 - 02/01/2026 12:15:00","BZN|NL","Without Sequence","71.16","",""
"02/01/2026 12:15:00 - 02/01/2026 12:30:00","BZN|NL","Without Sequence","66.68","",""
"02/01/2026 12:30:00 - 02/01/2026 12:45:00","BZN|NL","Without Sequence","65.77","",""
"02/01/2026 12:45:00 - 02/01/2026 13:00:00","BZN|NL","Without Sequence","70.53","",""
"02/01/2026 13:00:00 - 02/01/2026 13:15:00","BZN|NL","Without Sequence","68.86","",""
"02/01/2026 13:15:00 - 02/01/2026 13:30:00","BZN|NL","Without Sequence","71.86","",""
"02/01/2026 13:30:00 - 02/01/2026 13:45:00","BZN|NL","Without Sequence","71.69","",""
"02/01/2026 13:45:00 - 02/01/2026 14:00:00","BZN|NL","Without Sequence","75.82","",""
"02/01/2026 14:00:00 - 02/01/2026 14:15:00","BZN|NL","Without Sequence","74.29","",""
"02/01/2026 14:15:00 - 02/01/2026 14:30:00","BZN|NL","Without Sequence","80.17","",""
"02/01/2026 14:30:00 - 02/01/2026 14:45:00","BZN|NL","Without Sequence","82.82","",""
"02/01/2026 14:45:00 - 02/01/2026 15:00:00","BZN|NL","Without Sequence","84.81","",""
"02/01/2026 15:00:00 - 02/01/2026 15:15:00","BZN|NL","Without Sequence","79.20","",""
"02/01/2026 15:15:00 - 02/01/2026 15:30:00","BZN|NL","Without Sequence","86.96","",""
"02/01/2026 15:30:00 - 02/01/2026 15:45:00","BZN|NL","Without Sequence","88.27","",""
"02/01/2026 15:45:00 - 02/01/2026 16:00:00","BZN|NL","Without Sequence","89.88","",""
"02/01/2026 16:00:00 - 02/01/2026 16:15:00","BZN|NL","Without Sequence","95.10","",""
"02/01/2026 16:15:00 - 02/01/2026 16:30:00","BZN|NL","Without Sequence","107.55","",""
"02/01/2026 16:30:00 - 02/01/2026 16:45:00","BZN|NL","Without Sequence","109.71","",""
"02/01/2026 16:45:00 - 02/01/2026 17:00:00","BZN|NL","Without Sequence","119.98","",""
"02/01/2026 17:00:00 - 02/01/2026 17:15:00","BZN|NL","Without Sequence","108.68","",""
"02/01/2026 17:15:00 - 02/01/2026 17:30:00","BZN|NL","Without Sequence","109.25","",""
"02/01/2026 17:30:00 - 02/01/2026 17:45:00","BZN|NL","Without Sequence","112.64","",""
"02/01/2026 17:45:00 - 02/01/2026 18:00:00","BZN|NL","Without Sequence","113.84","",""
"02/01/2026 18:00:00 - 02/01/2026 18:15:00","BZN|NL","Without Sequence","107.78","",""
"02/01/2026 18:15:00 - 02/01/2026 18:30:00","BZN|NL","Without Sequence","106.82","",""
"02/01/2026 18:30:00 - 02/01/2026 18:45:00","BZN|NL","Without Sequence","102.97","",""
"02/01/2026 18:45:00 - 02/01/2026 19:00:00","BZN|NL","Without Sequence","98.83","",""
"02/01/2026 19:00:00 - 02/01/2026 19:15:00","BZN|NL","Without Sequence","96.71","",""
"02/01/2026 19:15:00 - 02/01/2026 19:30:00","BZN|NL","Without Sequence","91.43","",""
"02/01/2026 19:30:00 - 02/01/2026 19:45:00","BZN|NL","Without Sequence","88.36","",""
"02/01/2026 19:45:00 - 02/01/2026 20:00:00","BZN|NL","Without Sequence","86.32","",""
"02/01/2026 20:00:00 - 02/01/2026 20:15:00","BZN|NL","Without Sequence","86.65","",""
"02/01/2026 20:15:00 - 02/01/2026 20:30:00","BZN|NL","Without Sequence","85.52","",""
"02/01/2026 20:30:00 - 02/01/2026 20:45:00","BZN|NL","Without Sequence","85.10","",""
"02/01/2026 20:45:00 - 02/01/2026 21:00:00","BZN|NL","Without Sequence","81.34","",""
"02/01/2026 21:00:00 - 02/01/2026 21:15:00","BZN|NL","Without Sequence","88.23","",""
"02/01/2026 21:15:00 - 02/01/2026 21:30:00","BZN|NL","Without Sequence","84.97","",""
"02/01/2026 21:30:00 - 02/01/2026 21:45:00","BZN|NL","Without Sequence","86.82","",""
"02/01/2026 21:45:00 - 02/01/2026 22:00:00","BZN|NL","Without Sequence","84.46","",""
"02/01/2026 22:00:00 - 02/01/2026 22:15:00","BZN|NL","Without Sequence","83.80","",""
"02/01/2026 22:15:00 - 02/01/2026 22:30:00","BZN|NL","Without Sequence","83.01","",""
"02/01/2026 22:30:00 - 02/01/2026 22:45:00","BZN|NL","Without Sequence","81.65","",""
"02/01/2026 22:45:00 - 02/01/2026 23:00:00","BZN|NL","Without Sequence","78.97","",""
"02/01/2026 23:00:00 - 02/01/2026 23:15:00","BZN|NL","Without Sequence","84.34","",""
"02/01/2026 23:15:00 - 02/01/2026 23:30:00","BZN|NL","Without Sequence","82.79","",""
"02/01/2026 23:30:00 - 02/01/2026 23:45:00","BZN|NL","Without Sequence","79.37","",""
"02/01/2026 23:45:00 - 03/01/2026 00:00:00","BZN|NL","Without Sequence","77.10","",""
"03/01/2026 00:00:00 - 03/01/2026 00:15:00","BZN|NL","Without Sequence","80.90","",""
"03/01/2026 00:15:00 - 03/01/2026 00:30:00","BZN|NL","Without Sequence","77.99","",""
"03/01/2026 00:30:00 - 03/01/2026 00:45:00","BZN|NL","Without Sequence","77.60","",""
"03/01/2026 00:45:00 - 03/01/2026 01:00:00","BZN|NL","Without Sequence","77.04","",""
"03/01/2026 01:00:00 - 03/01/2026 01:15:00","BZN|NL","Without Sequence","78.15","",""
"03/01/2026 01:15:00 - 03/01/2026 01:30:00","BZN|NL","Without Sequence","76.53","",""
"03/01/2026 01:30:00 - 03/01/2026 01:45:00","BZN|NL","Without Sequence","75.36","",""
"03/01/2026 01:45:00 - 03/01/2026 02:00:00","BZN|NL","Without Sequence","73.84","",""
"03/01/2026 02:00:00 - 03/01/2026 02:15:00","BZN|NL","Without Sequence","76.71","",""
"03/01/2026 02:15:00 - 03/01/2026 02:30:00","BZN|NL","Without Sequence","75.38","",""
"03/01/2026 02:30:00 - 03/01/2026 02:45:00","BZN|NL","Without Sequence","74.20","",""
"03/01/2026 02:45:00 - 03/01/2026 03:00:00","BZN|NL","Without Sequence","73.72","",""
"03/01/2026 03:00:00 - 03/01/2026 03:15:00","BZN|NL","Without Sequence","73.42","",""
"03/01/2026 03:15:00 - 03/01/2026 03:30:00","BZN|NL","Without Sequence","73.09","",""
"03/01/2026 03:30:00 - 03/01/2026 03:45:00","BZN|NL","Without Sequence","73.20","",""
"03/01/2026 03:45:00 - 03/01/2026 04:00:00","BZN|NL","Without Sequence","73.07","",""
"03/01/2026 04:00:00 - 03/01/2026 04:15:00","BZN|NL","Without Sequence","73.99","",""
"03/01/2026 04:15:00 - 03/01/2026 04:30:00","BZN|NL","Without Sequence","73.89","",""
"03/01/2026 04:30:00 - 03/01/2026 04:45:00","BZN|NL","Without Sequence","75.30","",""
"03/01/2026 04:45:00 - 03/01/2026 05:00:00","BZN|NL","Without Sequence","76.97","",""
"03/01/2026 05:00:00 - 03/01/2026 05:15:00","BZN|NL","Without Sequence","72.73","",""
"03/01/2026 05:15:00 - 03/01/2026 05:30:00","BZN|NL","Without Sequence","74.61","",""
"03/01/2026 05:30:00 - 03/01/2026 05:45:00","BZN|NL","Without Sequence","77.16","",""
"03/01/2026 05:45:00 - 03/01/2026 06:00:00","BZN|NL","Without Sequence","79.79","",""
"03/01/2026 06:00:00 - 03/01/2026 06:15:00","BZN|NL","Without Sequence","78.56","",""
"03/01/2026 06:15:00 - 03/01/2026 06:30:00","BZN|NL","Without Sequence","77.03","",""
"03/01/2026 06:30:00 - 03/01/2026 06:45:00","BZN|NL","Without Sequence","79.73","",""
"03/01/2026 06:45:00 - 03/01/2026 07:00:00","BZN|NL","Without Sequence","82.18","",""
"03/01/2026 07:00:00 - 03/01/2026 07:15:00","BZN|NL","Without Sequence","87.85","",""
"03/01/2026 07:15:00 - 03/01/2026 07:30:00","BZN|NL","Without Sequence","90.35","",""
"03/01/2026 07:30:00 - 03/01/2026 07:45:00","BZN|NL","Without Sequence","91.91","",""
"03/01/2026 07:45:00 - 03/01/2026 08:00:00","BZN|NL","Without Sequence","92.65","",""
"03/01/2026 08:00:00 - 03/01/2026 08:15:00","BZN|NL","Without Sequence","95.35","",""
"03/01/2026 08:15:00 - 03/01/2026 08:30:00","BZN|NL","Without Sequence","95.63","",""
"03/01/2026 08:30:00 - 03/01/2026 08:45:00","BZN|NL","Without Sequence","94.34","",""
"03/01/2026 08:45:00 - 03/01/2026 09:00:00","BZN|NL","Without Sequence","91.04","",""
"03/01/2026 09:00:00 - 03/01/2026 09:15:00","BZN|NL","Without Sequence","98.94","",""
"03/01/2026 09:15:00 - 03/01/2026 09:30:00","BZN|NL","Without Sequence","95.00","",""
"03/01/2026 09:30:00 - 03/01/2026 09:45:00","BZN|NL","Without Sequence","91.45","",""
"03/01/2026 09:45:00 - 03/01/2026 10:00:00","BZN|NL","Without Sequence","87.85","",""
"03/01/2026 10:00:00 - 03/01/2026 10:15:00","BZN|NL","Without Sequence","91.95","",""
"03/01/2026 10:15:00 - 03/01/2026 10:30:00","BZN|NL","Without Sequence","89.00","",""
"03/01/2026 10:30:00 - 03/01/2026 10:45:00","BZN|NL","Without Sequence","87.85","",""
"03/01/2026 10:45:00 - 03/01/2026 11:00:00","BZN|NL","Without Sequence","86.03","",""
"03/01/2026 11:00:00 - 03/01/2026 11:15:00","BZN|NL","Without Sequence","87.85","",""
"03/01/2026 11:15:00 - 03/01/2026 11:30:00","BZN|NL","Without Sequence","87.06","",""
"03/01/2026 11:30:00 - 03/01/2026 11:45:00","BZN|NL","Without Sequence","87.16","",""
"03/01/2026 11:45:00 - 03/01/2026 12:00:00","BZN|NL","Without Sequence","87.58","",""
"03/01/2026 12:00:00 - 03/01/2026 12:15:00","BZN|NL","Without Sequence","85.85","",""
"03/01/2026 12:15:00 - 03/01/2026 12:30:00","BZN|NL","Without Sequence","85.55","",""
"03/01/2026 12:30:00 - 03/01/2026 12:45:00","BZN|NL","Without Sequence","86.03","",""
"03/01/2026 12:45:00 - 03/01/2026 13:00:00","BZN|NL","Without Sequence","88.99","",""
"03/01/2026 13:00:00 - 03/01/2026 13:15:00","BZN|NL","Without Sequence","85.11","",""
"03/01/2026 13:15:00 - 03/01/2026 13:30:00","BZN|NL","Without Sequence","88.15","",""
"03/01/2026 13:30:00 - 03/01/2026 13:45:00","BZN|NL","Without Sequence","90.70","",""
"03/01/2026 13:45:00 - 03/01/2026 14:00:00","BZN|NL","Without Sequence","94.77","",""
"03/01/2026 14:00:00 - 03/01/2026 14:15:00","BZN|NL","Without Sequence","90.00","",""
"03/01/2026 14:15:00 - 03/01/2026 14:30:00","BZN|NL","Without Sequence","94.00","",""
"03/01/2026 14:30:00 - 03/01/2026 14:45:00","BZN|NL","Without Sequence","96.50","",""
"03/01/2026 14:45:00 - 03/01/2026 15:00:00","BZN|NL","Without Sequence","97.33","",""
"03/01/2026 15:00:00 - 03/01/2026 15:15:00","BZN|NL","Without Sequence","94.16","",""
"03/01/2026 15:15:00 - 03/01/2026 15:30:00","BZN|NL","Without Sequence","98.49","",""
"03/01/2026 15:30:00 - 03/01/2026 15:45:00","BZN|NL","Without Sequence","100.32","",""
"03/01/2026 15:45:00 - 03/01/2026 16:00:00","BZN|NL","Without Sequence","104.20","",""
"03/01/2026 16:00:00 - 03/01/2026 16:15:00","BZN|NL","Without Sequence","105.35","",""
"03/01/2026 16:15:00 - 03/01/2026 16:30:00","BZN|NL","Without Sequence","109.98","",""
"03/01/2026 16:30:00 - 03/01/2026 16:45:00","BZN|NL","Without Sequence","111.01","",""
"03/01/2026 16:45:00 - 03/01/2026 17:00:00","BZN|NL","Without Sequence","111.91","",""
"03/01/2026 17:00:00 - 03/01/2026 17:15:00","BZN|NL","Without Sequence","112.72","",""
"03/01/2026 17:15:00 - 03/01/2026 17:30:00","BZN|NL","Without Sequence","110.91","",""
"03/01/2026 17:30:00 - 03/01/2026 17:45:00","BZN|NL","Without Sequence","109.67","",""
"03/01/2026 17:45:00 - 03/01/2026 18:00:00","BZN|NL","Without Sequence","109.41","",""
"03/01/2026 18:00:00 - 03/01/2026 18:15:00","BZN|NL","Without Sequence","110.96","",""
"03/01/2026 18:15:00 - 03/01/2026 18:30:00","BZN|NL","Without Sequence","105.34","",""
"03/01/2026 18:30:00 - 03/01/2026 18:45:00","BZN|NL","Without Sequence","101.95","",""
"03/01/2026 18:45:00 - 03/01/2026 19:00:00","BZN|NL","Without Sequence","98.67","",""
"03/01/2026 19:00:00 - 03/01/2026 19:15:00","BZN|NL","Without Sequence","98.12","",""
"03/01/2026 19:15:00 - 03/01/2026 19:30:00","BZN|NL","Without Sequence","98.02","",""
"03/01/2026 19:30:00 - 03/01/2026 19:45:00","BZN|NL","Without Sequence","96.98","",""
"03/01/2026 19:45:00 - 03/01/2026 20:00:00","BZN|NL","Without Sequence","93.59","",""
"03/01/2026 20:00:00 - 03/01/2026 20:15:00","BZN|NL","Without Sequence","94.33","",""
"03/01/2026 20:15:00 - 03/01/2026 20:30:00","BZN|NL","Without Sequence","91.18","",""
"03/01/2026 20:30:00 - 03/01/2026 20:45:00","BZN|NL","Without Sequence","90.63","",""
"03/01/2026 20:45:00 - 03/01/2026 21:00:00","BZN|NL","Without Sequence","85.46","",""
"03/01/2026 21:00:00 - 03/01/2026 21:15:00","BZN|NL","Without Sequence","93.59","",""
"03/01/2026 21:15:00 - 03/01/2026 21:30:00","BZN|NL","Without Sequence","90.30","",""
"03/01/2026 21:30:00 - 03/01/2026 21:45:00","BZN|NL","Without Sequence","90.83","",""
"03/01/2026 21:45:00 - 03/01/2026 22:00:00","BZN|NL","Without Sequence","86.99","",""
"03/01/2026 22:00:00 - 03/01/2026 22:15:00","BZN|NL","Without Sequence","91.44","",""
"03/01/2026 22:15:00 - 03/01/2026 22:30:00","BZN|NL","Without Sequence","86.48","",""
"03/01/2026 22:30:00 - 03/01/2026 22:45:00","BZN|NL","Without Sequence","84.80","",""
"03/01/2026 22:45:00 - 03/01/2026 23:00:00","BZN|NL","Without Sequence","81.34","",""
"03/01/2026 23:00:00 - 03/01/2026 23:15:00","BZN|NL","Without Sequence","94.01","",""
"03/01/2026 23:15:00 - 03/01/2026 23:30:00","BZN|NL","Without Sequence","89.42","",""
"03/01/2026 23:30:00 - 03/01/2026 23:45:00","BZN|NL","Without Sequence","87.78","",""
"03/01/2026 23:45:00 - 04/01/2026 00:00:00","BZN|NL","Without Sequence","84.08","",""
"04/01/2026 00:00:00 - 04/01/2026 00:15:00","BZN|NL","Without Sequence","87.72","",""
"04/01/2026 00:15:00 - 04/01/2026 00:30:00","BZN|NL","Without Sequence","85.43","",""
"04/01/2026 00:30:00 - 04/01/2026 00:45:00","BZN|NL","Without Sequence","84.24","",""
"04/01/2026 00:45:00 - 04/01/2026 01:00:00","BZN|NL","Without Sequence","83.93","",""
"04/01/2026 01:00:00 - 04/01/2026 01:15:00","BZN|NL","Without Sequence","87.13","",""
"04/01/2026 01:15:00 - 04/01/2026 01:30:00","BZN|NL","Without Sequence","84.85","",""
"04/01/2026 01:30:00 - 04/01/2026 01:45:00","BZN|NL","Without Sequence","84.18","",""
"04/01/2026 01:45:00 - 04/01/2026 02:00:00","BZN|NL","Without Sequence","84.01","",""
"04/01/2026 02:00:00 - 04/01/2026 02:15:00","BZN|NL","Without Sequence","84.63","",""
"04/01/2026 02:15:00 - 04/01/2026 02:30:00","BZN|NL","Without Sequence","83.87","",""
"04/01/2026 02:30:00 - 04/01/2026 02:45:00","BZN|NL","Without Sequence","83.43","",""
"04/01/2026 02:45:00 - 04/01/2026 03:00:00","BZN|NL","Without Sequence","83.05","",""
"04/01/2026 03:00:00 - 04/01/2026 03:15:00","BZN|NL","Without Sequence","82.60","",""
"04/01/2026 03:15:00 - 04/01/2026 03:30:00","BZN|NL","Without Sequence","82.19","",""
"04/01/2026 03:30:00 - 04/01/2026 03:45:00","BZN|NL","Without Sequence","82.41","",""
"04/01/2026 03:45:00 - 04/01/2026 04:00:00","BZN|NL","Without Sequence","83.03","",""
"04/01/2026 04:00:00 - 04/01/2026 04:15:00","BZN|NL","Without Sequence","82.51","",""
"04/01/2026 04:15:00 - 04/01/2026 04:30:00","BZN|NL","Without Sequence","83.18","",""
"04/01/2026 04:30:00 - 04/01/2026 04:45:00","BZN|NL","Without Sequence","84.01","",""
"04/01/2026 04:45:00 - 04/01/2026 05:00:00","BZN|NL","Without Sequence","83.93","",""
"04/01/2026 05:00:00 - 04/01/2026 05:15:00","BZN|NL","Without Sequence","82.71","",""
"04/01/2026 05:15:00 - 04/01/2026 05:30:00","BZN|NL","Without Sequence","84.00","",""
"04/01/2026 05:30:00 - 04/01/2026 05:45:00","BZN|NL","Without Sequence","83.70","",""
"04/01/2026 05:45:00 - 04/01/2026 06:00:00","BZN|NL","Without Sequence","84.79","",""
"04/01/2026 06:00:00 - 04/01/2026 06:15:00","BZN|NL","Without Sequence","84.49","",""
"04/01/2026 06:15:00 - 04/01/2026 06:30:00","BZN|NL","Without Sequence","84.50","",""
"04/01/2026 06:30:00 - 04/01/2026 06:45:00","BZN|NL","Without Sequence","86.90","",""
"04/01/2026 06:45:00 - 04/01/2026 07:00:00","BZN|NL","Without Sequence","90.10","",""
"04/01/2026 07:00:00 - 04/01/2026 07:15:00","BZN|NL","Without Sequence","86.53","",""
"04/01/2026 07:15:00 - 04/01/2026 07:30:00","BZN|NL","Without Sequence","87.56","",""
"04/01/2026 07:30:00 - 04/01/2026 07:45:00","BZN|NL","Without Sequence","88.85","",""
"04/01/2026 07:45:00 - 04/01/2026 08:00:00","BZN|NL","Without Sequence","89.59","",""
"04/01/2026 08:00:00 - 04/01/2026 08:15:00","BZN|NL","Without Sequence","94.02","",""
"04/01/2026 08:15:00 - 04/01/2026 08:30:00","BZN|NL","Without Sequence","96.00","",""
"04/01/2026 08:30:00 - 04/01/2026 08:45:00","BZN|NL","Without Sequence","95.99","",""
"04/01/2026 08:45:00 - 04/01/2026 09:00:00","BZN|NL","Without Sequence","91.19","",""
"04/01/2026 09:00:00 - 04/01/2026 09:15:00","BZN|NL","Without Sequence","103.94","",""
"04/01/2026 09:15:00 - 04/01/2026 09:30:00","BZN|NL","Without Sequence","97.19","",""
"04/01/2026 09:30:00 - 04/01/2026 09:45:00","BZN|NL","Without Sequence","90.92","",""
"04/01/2026 09:45:00 - 04/01/2026 10:00:00","BZN|NL","Without Sequence","86.97","",""
"04/01/2026 10:00:00 - 04/01/2026 10:15:00","BZN|NL","Without Sequence","93.85","",""
"04/01/2026 10:15:00 - 04/01/2026 10:30:00","BZN|NL","Without Sequence","89.99","",""
"04/01/2026 10:30:00 - 04/01/2026 10:45:00","BZN|NL","Without Sequence","89.96","",""
"04/01/2026 10:45:00 - 04/01/2026 11:00:00","BZN|NL","Without Sequence","89.71","",""
"04/01/2026 11:00:00 - 04/01/2026 11:15:00","BZN|NL","Without Sequence","91.30","",""
"04/01/2026 11:15:00 - 04/01/2026 11:30:00","BZN|NL","Without Sequence","89.70","",""
"04/01/2026 11:30:00 - 04/01/2026 11:45:00","BZN|NL","Without Sequence","89.94","",""
"04/01/2026 11:45:00 - 04/01/2026 12:00:00","BZN|NL","Without Sequence","87.23","",""
"04/01/2026 12:00:00 - 04/01/2026 12:15:00","BZN|NL","Without Sequence","86.20","",""
"04/01/2026 12:15:00 - 04/01/2026 12:30:00","BZN|NL","Without Sequence","85.27","",""
"04/01/2026 12:30:00 - 04/01/2026 12:45:00","BZN|NL","Without Sequence","86.19","",""
"04/01/2026 12:45:00 - 04/01/2026 13:00:00","BZN|NL","Without Sequence","89.45","",""
"04/01/2026 13:00:00 - 04/01/2026 13:15:00","BZN|NL","Without Sequence","83.50","",""
"04/01/2026 13:15:00 - 04/01/2026 13:30:00","BZN|NL","Without Sequence","89.51","",""
"04/01/2026 13:30:00 - 04/01/2026 13:45:00","BZN|NL","Without Sequence","93.38","",""
"04/01/2026 13:45:00 - 04/01/2026 14:00:00","BZN|NL","Without Sequence","100.91","",""
"04/01/2026 14:00:00 - 04/01/2026 14:15:00","BZN|NL","Without Sequence","83.52","",""
"04/01/2026 14:15:00 - 04/01/2026 14:30:00","BZN|NL","Without Sequence","90.62","",""
"04/01/2026 14:30:00 - 04/01/2026 14:45:00","BZN|NL","Without Sequence","95.07","",""
"04/01/2026 14:45:00 - 04/01/2026 15:00:00","BZN|NL","Without Sequence","102.47","",""
"04/01/2026 15:00:00 - 04/01/2026 15:15:00","BZN|NL","Without Sequence","85.44","",""
"04/01/2026 15:15:00 - 04/01/2026 15:30:00","BZN|NL","Without Sequence","97.58","",""
"04/01/2026 15:30:00 - 04/01/2026 15:45:00","BZN|NL","Without Sequence","102.26","",""
"04/01/2026 15:45:00 - 04/01/2026 16:00:00","BZN|NL","Without Sequence","111.63","",""
"04/01/2026 16:00:00 - 04/01/2026 16:15:00","BZN|NL","Without Sequence","113.99","",""
"04/01/2026 16:15:00 - 04/01/2026 16:30:00","BZN|NL","Without Sequence","119.02","",""
"04/01/2026 16:30:00 - 04/01/2026 16:45:00","BZN|NL","Without Sequence","117.50","",""
"04/01/2026 16:45:00 - 04/01/2026 17:00:00","BZN|NL","Without Sequence","123.19","",""
"04/01/2026 17:00:00 - 04/01/2026 17:15:00","BZN|NL","Without Sequence","121.00","",""
"04/01/2026 17:15:00 - 04/01/2026 17:30:00","BZN|NL","Without Sequence","120.93","",""
"04/01/2026 17:30:00 - 04/01/2026 17:45:00","BZN|NL","Without Sequence","119.49","",""
"04/01/2026 17:45:00 - 04/01/2026 18:00:00","BZN|NL","Without Sequence","123.30","",""
"04/01/2026 18:00:00 - 04/01/2026 18:15:00","BZN|NL","Without Sequence","123.50","",""
"04/01/2026 18:15:00 - 04/01/2026 18:30:00","BZN|NL","Without Sequence","120.92","",""
"04/01/2026 18:30:00 - 04/01/2026 18:45:00","BZN|NL","Without Sequence","119.38","",""
"04/01/2026 18:45:00 - 04/01/2026 19:00:00","BZN|NL","Without Sequence","115.06","",""
"04/01/2026 19:00:00 - 04/01/2026 19:15:00","BZN|NL","Without Sequence","121.30","",""
"04/01/2026 19:15:00 - 04/01/2026 19:30:00","BZN|NL","Without Sequence","115.33","",""
"04/01/2026 19:30:00 - 04/01/2026 19:45:00","BZN|NL","Without Sequence","110.00","",""
"04/01/2026 19:45:00 - 04/01/2026 20:00:00","BZN|NL","Without Sequence","103.17","",""
"04/01/2026 20:00:00 - 04/01/2026 20:15:00","BZN|NL","Without Sequence","106.87","",""
"04/01/2026 20:15:00 - 04/01/2026 20:30:00","BZN|NL","Without Sequence","101.70","",""
"04/01/2026 20:30:00 - 04/01/2026 20:45:00","BZN|NL","Without Sequence","97.55","",""
"04/01/2026 20:45:00 - 04/01/2026 21:00:00","BZN|NL","Without Sequence","92.63","",""
"04/01/2026 21:00:00 - 04/01/2026 21:15:00","BZN|NL","Without Sequence","97.65","",""
"04/01/2026 21:15:00 - 04/01/2026 21:30:00","BZN|NL","Without Sequence","96.28","",""
"04/01/2026 21:30:00 - 04/01/2026 21:45:00","BZN|NL","Without Sequence","97.83","",""
"04/01/2026 21:45:00 - 04/01/2026 22:00:00","BZN|NL","Without Sequence","90.68","",""
"04/01/2026 22:00:00 - 04/01/2026 22:15:00","BZN|NL","Without Sequence","97.61","",""
"04/01/2026 22:15:00 - 04/01/2026 22:30:00","BZN|NL","Without Sequence","89.73","",""
"04/01/2026 22:30:00 - 04/01/2026 22:45:00","BZN|NL","Without Sequence","86.33","",""
"04/01/2026 22:45:00 - 04/01/2026 23:00:00","BZN|NL","Without Sequence","83.17","",""
"04/01/2026 23:00:00 - 04/01/2026 23:15:00","BZN|NL","Without Sequence","107.81","",""
"04/01/2026 23:15:00 - 04/01/2026 23:30:00","BZN|NL","Without Sequence","91.48","",""
"04/01/2026 23:30:00 - 04/01/2026 23:45:00","BZN|NL","Without Sequence","87.94","",""
"04/01/2026 23:45:00 - 05/01/2026 00:00:00","BZN|NL","Without Sequence","82.58","",""
"05/01/2026 00:00:00 - 05/01/2026 00:15:00","BZN|NL","Without Sequence","92.96","",""
"05/01/2026 00:15:00 - 05/01/2026 00:30:00","BZN|NL","Without Sequence","90.00","",""
"05/01/2026 00:30:00 - 05/01/2026 00:45:00","BZN|NL","Without Sequence","86.74","",""
"05/01/2026 00:45:00 - 05/01/2026 01:00:00","BZN|NL","Without Sequence","85.69","",""
"05/01/2026 01:00:00 - 05/01/2026 01:15:00","BZN|NL","Without Sequence","87.21","",""
"05/01/2026 01:15:00 - 05/01/2026 01:30:00","BZN|NL","Without Sequence","86.61","",""
"05/01/2026 01:30:00 - 05/01/2026 01:45:00","BZN|NL","Without Sequence","86.93","",""
"05/01/2026 01:45:00 - 05/01/2026 02:00:00","BZN|NL","Without Sequence","85.28","",""
"05/01/2026 02:00:00 - 05/01/2026 02:15:00","BZN|NL","Without Sequence","86.36","",""
"05/01/2026 02:15:00 - 05/01/2026 02:30:00","BZN|NL","Without Sequence","85.97","",""
"05/01/2026 02:30:00 - 05/01/2026 02:45:00","BZN|NL","Without Sequence","85.74","",""
"05/01/2026 02:45:00 - 05/01/2026 03:00:00","BZN|NL","Without Sequence","87.18","",""
"05/01/2026 03:00:00 - 05/01/2026 03:15:00","BZN|NL","Without Sequence","86.25","",""
"05/01/2026 03:15:00 - 05/01/2026 03:30:00","BZN|NL","Without Sequence","86.73","",""
"05/01/2026 03:30:00 - 05/01/2026 03:45:00","BZN|NL","Without Sequence","87.01","",""
"05/01/2026 03:45:00 - 05/01/2026 04:00:00","BZN|NL","Without Sequence","89.99","",""
"05/01/2026 04:00:00 - 05/01/2026 04:15:00","BZN|NL","Without Sequence","87.46","",""
"05/01/2026 04:15:00 - 05/01/2026 04:30:00","BZN|NL","Without Sequence","88.35","",""
"05/01/2026 04:30:00 - 05/01/2026 04:45:00","BZN|NL","Without Sequence","89.11","",""
"05/01/2026 04:45:00 - 05/01/2026 05:00:00","BZN|NL","Without Sequence","98.51","",""
"05/01/2026 05:00:00 - 05/01/2026 05:15:00","BZN|NL","Without Sequence","87.38","",""
"05/01/2026 05:15:00 - 05/01/2026 05:30:00","BZN|NL","Without Sequence","104.90","",""
"05/01/2026 05:30:00 - 05/01/2026 05:45:00","BZN|NL","Without Sequence","118.71","",""
"05/01/2026 05:45:00 - 05/01/2026 06:00:00","BZN|NL","Without Sequence","125.10","",""
"05/01/2026 06:00:00 - 05/01/2026 06:15:00","BZN|NL","Without Sequence","114.46","",""
"05/01/2026 06:15:00 - 05/01/2026 06:30:00","BZN|NL","Without Sequence","120.92","",""
"05/01/2026 06:30:00 - 05/01/2026 06:45:00","BZN|NL","Without Sequence","132.96","",""
"05/01/2026 06:45:00 - 05/01/2026 07:00:00","BZN|NL","Without Sequence","148.91","",""
"05/01/2026 07:00:00 - 05/01/2026 07:15:00","BZN|NL","Without Sequence","145.35","",""
"05/01/2026 07:15:00 - 05/01/2026 07:30:00","BZN|NL","Without Sequence","156.49","",""
"05/01/2026 07:30:00 - 05/01/2026 07:45:00","BZN|NL","Without Sequence","148.97","",""
"05/01/2026 07:45:00 - 05/01/2026 08:00:00","BZN|NL","Without Sequence","153.89","",""
"05/01/2026 08:00:00 - 05/01/2026 08:15:00","BZN|NL","Without Sequence","162.99","",""
"05/01/2026 08:15:00 - 05/01/2026 08:30:00","BZN|NL","Without Sequence","161.49","",""
"05/01/2026 08:30:00 - 05/01/2026 08:45:00","BZN|NL","Without Sequence","147.22","",""
"05/01/2026 08:45:00 - 05/01/2026 09:00:00","BZN|NL","Without Sequence","136.90","",""
"05/01/2026 09:00:00 - 05/01/2026 09:15:00","BZN|NL","Without Sequence","162.46","",""
"05/01/2026 09:15:00 - 05/01/2026 09:30:00","BZN|NL","Without Sequence","143.36","",""
"05/01/2026 09:30:00 - 05/01/2026 09:45:00","BZN|NL","Without Sequence","138.94","",""
"05/01/2026 09:45:00 - 05/01/2026 10:00:00","BZN|NL","Without Sequence","132.44","",""
"05/01/2026 10:00:00 - 05/01/2026 10:15:00","BZN|NL","Without Sequence","138.05","",""
"05/01/2026 10:15:00 - 05/01/2026 10:30:00","BZN|NL","Without Sequence","135.47","",""
"05/01/2026 10:30:00 - 05/01/2026 10:45:00","BZN|NL","Without Sequence","134.73","",""
"05/01/2026 10:45:00 - 05/01/2026 11:00:00","BZN|NL","Without Sequence","132.53","",""
"05/01/2026 11:00:00 - 05/01/2026 11:15:00","BZN|NL","Without Sequence","133.13","",""
"05/01/2026 11:15:00 - 05/01/2026 11:30:00","BZN|NL","Without Sequence","131.58","",""
"05/01/2026 11:30:00 - 05/01/2026 11:45:00","BZN|NL","Without Sequence","132.30","",""
"05/01/2026 11:45:00 - 05/01/2026 12:00:00","BZN|NL","Without Sequence","133.17","",""
"05/01/2026 12:00:00 - 05/01/2026 12:15:00","BZN|NL","Without Sequence","130.23","",""
"05/01/2026 12:15:00 - 05/01/2026 12:30:00","BZN|NL","Without Sequence","129.21","",""
"05/01/2026 12:30:00 - 05/01/2026 12:45:00","BZN|NL","Without Sequence","132.23","",""
"05/01/2026 12:45:00 - 05/01/2026 13:00:00","BZN|NL","Without Sequence","134.97","",""
"05/01/2026 13:00:00 - 05/01/2026 13:15:00","BZN|NL","Without Sequence","125.77","",""
"05/01/2026 13:15:00 - 05/01/2026 13:30:00","BZN|NL","Without Sequence","128.67","",""
"05/01/2026 13:30:00 - 05/01/2026 13:45:00","BZN|NL","Without Sequence","136.67","",""
"05/01/2026 13:45:00 - 05/01/2026 14:00:00","BZN|NL","Without Sequence","155.31","",""
"05/01/2026 14:00:00 - 05/01/2026 14:15:00","BZN|NL","Without Sequence","132.89","",""
"05/01/2026 14:15:00 - 05/01/2026 14:30:00","BZN|NL","Without Sequence","140.50","",""
"05/01/2026 14:30:00 - 05/01/2026 14:45:00","BZN|NL","Without Sequence","160.38","",""
"05/01/2026 14:45:00 - 05/01/2026 15:00:00","BZN|NL","Without Sequence","154.30","",""
"05/01/2026 15:00:00 - 05/01/2026 15:15:00","BZN|NL","Without Sequence","158.45","",""
"05/01/2026 15:15:00 - 05/01/2026 15:30:00","BZN|NL","Without Sequence","162.39","",""
"05/01/2026 15:30:00 - 05/01/2026 15:45:00","BZN|NL","Without Sequence","185.96","",""
"05/01/2026 15:45:00 - 05/01/2026 16:00:00","BZN|NL","Without Sequence","197.20","",""
"05/01/2026 16:00:00 - 05/01/2026 16:15:00","BZN|NL","Without Sequence","188.82","",""
"05/01/2026 16:15:00 - 05/01/2026 16:30:00","BZN|NL","Without Sequence","208.00","",""
"05/01/2026 16:30:00 - 05/01/2026 16:45:00","BZN|NL","Without Sequence","244.39","",""
"05/01/2026 16:45:00 - 05/01/2026 17:00:00","BZN|NL","Without Sequence","243.18","",""
"05/01/2026 17:00:00 - 05/01/2026 17:15:00","BZN|NL","Without Sequence","219.44","",""
"05/01/2026 17:15:00 - 05/01/2026 17:30:00","BZN|NL","Without Sequence","216.52","",""
"05/01/2026 17:30:00 - 05/01/2026 17:45:00","BZN|NL","Without Sequence","217.38","",""
"05/01/2026 17:45:00 - 05/01/2026 18:00:00","BZN|NL","Without Sequence","201.00","",""
"05/01/2026 18:00:00 - 05/01/2026 18:15:00","BZN|NL","Without Sequence","222.12","",""
"05/01/2026 18:15:00 - 05/01/2026 18:30:00","BZN|NL","Without Sequence","208.97","",""
"05/01/2026 18:30:00 - 05/01/2026 18:45:00","BZN|NL","Without Sequence","162.00","",""
"05/01/2026 18:45:00 - 05/01/2026 19:00:00","BZN|NL","Without Sequence","138.11","",""
"05/01/2026 19:00:00 - 05/01/2026 19:15:00","BZN|NL","Without Sequence","171.30","",""
"05/01/2026 19:15:00 - 05/01/2026 19:30:00","BZN|NL","Without Sequence","146.73","",""
"05/01/2026 19:30:00 - 05/01/2026 19:45:00","BZN|NL","Without Sequence","138.09","",""
"05/01/2026 19:45:00 - 05/01/2026 20:00:00","BZN|NL","Without Sequence","132.01","",""
"05/01/2026 20:00:00 - 05/01/2026 20:15:00","BZN|NL","Without Sequence","137.82","",""
"05/01/2026 20:15:00 - 05/01/2026 20:30:00","BZN|NL","Without Sequence","135.05","",""
"05/01/2026 20:30:00 - 05/01/2026 20:45:00","BZN|NL","Without Sequence","125.76","",""
"05/01/2026 20:45:00 - 05/01/2026 21:00:00","BZN|NL","Without Sequence","117.78","",""
"05/01/2026 21:00:00 - 05/01/2026 21:15:00","BZN|NL","Without Sequence","128.71","",""
"05/01/2026 21:15:00 - 05/01/2026 21:30:00","BZN|NL","Without Sequence","122.48","",""
"05/01/2026 21:30:00 - 05/01/2026 21:45:00","BZN|NL","Without Sequence","124.17","",""
"05/01/2026 21:45:00 - 05/01/2026 22:00:00","BZN|NL","Without Sequence","120.04","",""
"05/01/2026 22:00:00 - 05/01/2026 22:15:00","BZN|NL","Without Sequence","119.51","",""
"05/01/2026 22:15:00 - 05/01/2026 22:30:00","BZN|NL","Without Sequence","112.41","",""
"05/01/2026 22:30:00 - 05/01/2026 22:45:00","BZN|NL","Without Sequence","107.26","",""
"05/01/2026 22:45:00 - 05/01/2026 23:00:00","BZN|NL","Without Sequence","106.02","",""
"05/01/2026 23:00:00 - 05/01/2026 23:15:00","BZN|NL","Without Sequence","114.77","",""
"05/01/2026 23:15:00 - 05/01/2026 23:30:00","BZN|NL","Without Sequence","107.38","",""
"05/01/2026 23:30:00 - 05/01/2026 23:45:00","BZN|NL","Without Sequence","100.90","",""
"05/01/2026 23:45:00 - 06/01/2026 00:00:00","BZN|NL","Without Sequence","95.73","",""
"06/01/2026 00:00:00 - 06/01/2026 00:15:00","BZN|NL","Without Sequence","110.00","",""
"06/01/2026 00:15:00 - 06/01/2026 00:30:00","BZN|NL","Without Sequence","106.42","",""
"06/01/2026 00:30:00 - 06/01/2026 00:45:00","BZN|NL","Without Sequence","102.27","",""
"06/01/2026 00:45:00 - 06/01/2026 01:00:00","BZN|NL","Without Sequence","99.71","",""
"06/01/2026 01:00:00 - 06/01/2026 01:15:00","BZN|NL","Without Sequence","104.37","",""
"06/01/2026 01:15:00 - 06/01/2026 01:30:00","BZN|NL","Without Sequence","100.84","",""
"06/01/2026 01:30:00 - 06/01/2026 01:45:00","BZN|NL","Without Sequence","100.86","",""
"06/01/2026 01:45:00 - 06/01/2026 02:00:00","BZN|NL","Without Sequence","100.11","",""
"06/01/2026 02:00:00 - 06/01/2026 02:15:00","BZN|NL","Without Sequence","101.03","",""
"06/01/2026 02:15:00 - 06/01/2026 02:30:00","BZN|NL","Without Sequence","100.05","",""
"06/01/2026 02:30:00 - 06/01/2026 02:45:00","BZN|NL","Without Sequence","100.01","",""
"06/01/2026 02:45:00 - 06/01/2026 03:00:00","BZN|NL","Without Sequence","99.26","",""
"06/01/2026 03:00:00 - 06/01/2026 03:15:00","BZN|NL","Without Sequence","99.11","",""
"06/01/2026 03:15:00 - 06/01/2026 03:30:00","BZN|NL","Without Sequence","99.88","",""
"06/01/2026 03:30:00 - 06/01/2026 03:45:00","BZN|NL","Without Sequence","104.01","",""
"06/01/2026 03:45:00 - 06/01/2026 04:00:00","BZN|NL","Without Sequence","106.81","",""
"06/01/2026 04:00:00 - 06/01/2026 04:15:00","BZN|NL","Without Sequence","100.39","",""
"06/01/2026 04:15:00 - 06/01/2026 04:30:00","BZN|NL","Without Sequence","102.33","",""
"06/01/2026 04:30:00 - 06/01/2026 04:45:00","BZN|NL","Without Sequence","110.78","",""
"06/01/2026 04:45:00 - 06/01/2026 05:00:00","BZN|NL","Without Sequence","114.50","",""
"06/01/2026 05:00:00 - 06/01/2026 05:15:00","BZN|NL","Without Sequence","112.07","",""
"06/01/2026 05:15:00 - 06/01/2026 05:30:00","BZN|NL","Without Sequence","117.75","",""
"06/01/2026 05:30:00 - 06/01/2026 05:45:00","BZN|NL","Without Sequence","121.42","",""
"06/01/2026 05:45:00 - 06/01/2026 06:00:00","BZN|NL","Without Sequence","133.91","",""
"06/01/2026 06:00:00 - 06/01/2026 06:15:00","BZN|NL","Without Sequence","121.67","",""
"06/01/2026 06:15:00 - 06/01/2026 06:30:00","BZN|NL","Without Sequence","137.90","",""
"06/01/2026 06:30:00 - 06/01/2026 06:45:00","BZN|NL","Without Sequence","147.43","",""
"06/01/2026 06:45:00 - 06/01/2026 07:00:00","BZN|NL","Without Sequence","146.99","",""
"06/01/2026 07:00:00 - 06/01/2026 07:15:00","BZN|NL","Without Sequence","153.51","",""
"06/01/2026 07:15:00 - 06/01/2026 07:30:00","BZN|NL","Without Sequence","168.72","",""
"06/01/2026 07:30:00 - 06/01/2026 07:45:00","BZN|NL","Without Sequence","170.95","",""
"06/01/2026 07:45:00 - 06/01/2026 08:00:00","BZN|NL","Without Sequence","163.56","",""
"06/01/2026 08:00:00 - 06/01/2026 08:15:00","BZN|NL","Without Sequence","189.91","",""
"06/01/2026 08:15:00 - 06/01/2026 08:30:00","BZN|NL","Without Sequence","169.97","",""
"06/01/2026 08:30:00 - 06/01/2026 08:45:00","BZN|NL","Without Sequence","166.34","",""
"06/01/2026 08:45:00 - 06/01/2026 09:00:00","BZN|NL","Without Sequence","149.06","",""
"06/01/2026 09:00:00 - 06/01/2026 09:15:00","BZN|NL","Without Sequence","176.85","",""
"06/01/2026 09:15:00 - 06/01/2026 09:30:00","BZN|NL","Without Sequence","150.10","",""
"06/01/2026 09:30:00 - 06/01/2026 09:45:00","BZN|NL","Without Sequence","150.02","",""
"06/01/2026 09:45:00 - 06/01/2026 10:00:00","BZN|NL","Without Sequence","142.40","",""
"06/01/2026 10:00:00 - 06/01/2026 10:15:00","BZN|NL","Without Sequence","161.63","",""
"06/01/2026 10:15:00 - 06/01/2026 10:30:00","BZN|NL","Without Sequence","148.46","",""
"06/01/2026 10:30:00 - 06/01/2026 10:45:00","BZN|NL","Without Sequence","142.97","",""
"06/01/2026 10:45:00 - 06/01/2026 11:00:00","BZN|NL","Without Sequence","136.00","",""
"06/01/2026 11:00:00 - 06/01/2026 11:15:00","BZN|NL","Without Sequence","140.92","",""
"06/01/2026 11:15:00 - 06/01/2026 11:30:00","BZN|NL","Without Sequence","135.03","",""
"06/01/2026 11:30:00 - 06/01/2026 11:45:00","BZN|NL","Without Sequence","131.86","",""
"06/01/2026 11:45:00 - 06/01/2026 12:00:00","BZN|NL","Without Sequence","127.55","",""
"06/01/2026 12:00:00 - 06/01/2026 12:15:00","BZN|NL","Without Sequence","133.42","",""
"06/01/2026 12:15:00 - 06/01/2026 12:30:00","BZN|NL","Without Sequence","128.80","",""
"06/01/2026 12:30:00 - 06/01/2026 12:45:00","BZN|NL","Without Sequence","120.10","",""
"06/01/2026 12:45:00 - 06/01/2026 13:00:00","BZN|NL","Without Sequence","120.58","",""
"06/01/2026 13:00:00 - 06/01/2026 13:15:00","BZN|NL","Without Sequence","119.44","",""
"06/01/2026 13:15:00 - 06/01/2026 13:30:00","BZN|NL","Without Sequence","125.60","",""
"06/01/2026 13:30:00 - 06/01/2026 13:45:00","BZN|NL","Without Sequence","123.33","",""
"06/01/2026 13:45:00 - 06/01/2026 14:00:00","BZN|NL","Without Sequence","132.91","",""
"06/01/2026 14:00:00 - 06/01/2026 14:15:00","BZN|NL","Without Sequence","123.20","",""
"06/01/2026 14:15:00 - 06/01/2026 14:30:00","BZN|NL","Without Sequence","130.90","",""
"06/01/2026 14:30:00 - 06/01/2026 14:45:00","BZN|NL","Without Sequence","134.49","",""
"06/01/2026 14:45:00 - 06/01/2026 15:00:00","BZN|NL","Without Sequence","146.60","",""
"06/01/2026 15:00:00 - 06/01/2026 15:15:00","BZN|NL","Without Sequence","128.61","",""
"06/01/2026 15:15:00 - 06/01/2026 15:30:00","BZN|NL","Without Sequence","142.64","",""
"06/01/2026 15:30:00 - 06/01/2026 15:45:00","BZN|NL","Without Sequence","148.00","",""
"06/01/2026 15:45:00 - 06/01/2026 16:00:00","BZN|NL","Without Sequence","160.62","",""
"06/01/2026 16:00:00 - 06/01/2026 16:15:00","BZN|NL","Without Sequence","142.17","",""
"06/01/2026 16:15:00 - 06/01/2026 16:30:00","BZN|NL","Without Sequence","147.10","",""
"06/01/2026 16:30:00 - 06/01/2026 16:45:00","BZN|NL","Without Sequence","162.00","",""
"06/01/2026 16:45:00 - 06/01/2026 17:00:00","BZN|NL","Without Sequence","160.70","",""
"06/01/2026 17:00:00 - 06/01/2026 17:15:00","BZN|NL","Without Sequence","159.94","",""
"06/01/2026 17:15:00 - 06/01/2026 17:30:00","BZN|NL","Without Sequence","150.29","",""
"06/01/2026 17:30:00 - 06/01/2026 17:45:00","BZN|NL","Without Sequence","146.85","",""
"06/01/2026 17:45:00 - 06/01/2026 18:00:00","BZN|NL","Without Sequence","135.99","",""
"06/01/2026 18:00:00 - 06/01/2026 18:15:00","BZN|NL","Without Sequence","154.98","",""
"06/01/2026 18:15:00 - 06/01/2026 18:30:00","BZN|NL","Without Sequence","139.88","",""
"06/01/2026 18:30:00 - 06/01/2026 18:45:00","BZN|NL","Without Sequence","133.88","",""
"06/01/2026 18:45:00 - 06/01/2026 19:00:00","BZN|NL","Without Sequence","127.73","",""
"06/01/2026 19:00:00 - 06/01/2026 19:15:00","BZN|NL","Without Sequence","133.99","",""
"06/01/2026 19:15:00 - 06/01/2026 19:30:00","BZN|NL","Without Sequence","123.81","",""
"06/01/2026 19:30:00 - 06/01/2026 19:45:00","BZN|NL","Without Sequence","117.81","",""
"06/01/2026 19:45:00 - 06/01/2026 20:00:00","BZN|NL","Without Sequence","110.78","",""
"06/01/2026 20:00:00 - 06/01/2026 20:15:00","BZN|NL","Without Sequence","106.57","",""
"06/01/2026 20:15:00 - 06/01/2026 20:30:00","BZN|NL","Without Sequence","98.40","",""
"06/01/2026 20:30:00 - 06/01/2026 20:45:00","BZN|NL","Without Sequence","73.84","",""
"06/01/2026 20:45:00 - 06/01/2026 21:00:00","BZN|NL","Without Sequence","68.43","",""
"06/01/2026 21:00:00 - 06/01/2026 21:15:00","BZN|NL","Without Sequence","105.10","",""
"06/01/2026 21:15:00 - 06/01/2026 21:30:00","BZN|NL","Without Sequence","95.50","",""
"06/01/2026 21:30:00 - 06/01/2026 21:45:00","BZN|NL","Without Sequence","80.73","",""
"06/01/2026 21:45:00 - 06/01/2026 22:00:00","BZN|NL","Without Sequence","67.43","",""
"06/01/2026 22:00:00 - 06/01/2026 22:15:00","BZN|NL","Without Sequence","85.95","",""
"06/01/2026 22:15:00 - 06/01/2026 22:30:00","BZN|NL","Without Sequence","72.91","",""
"06/01/2026 22:30:00 - 06/01/2026 22:45:00","BZN|NL","Without Sequence","71.32","",""
"06/01/2026 22:45:00 - 06/01/2026 23:00:00","BZN|NL","Without Sequence","78.97","",""
"06/01/2026 23:00:00 - 06/01/2026 23:15:00","BZN|NL","Without Sequence","88.74","",""
"06/01/2026 23:15:00 - 06/01/2026 23:30:00","BZN|NL","Without Sequence","95.27","",""
"06/01/2026 23:30:00 - 06/01/2026 23:45:00","BZN|NL","Without Sequence","85.79","",""
"06/01/2026 23:45:00 - 07/01/2026 00:00:00","BZN|NL","Without Sequence","82.89","",""
"07/01/2026 00:00:00 - 07/01/2026 00:15:00","BZN|NL","Without Sequence","85.99","",""
"07/01/2026 00:15:00 - 07/01/2026 00:30:00","BZN|NL","Without Sequence","84.35","",""
"07/01/2026 00:30:00 - 07/01/2026 00:45:00","BZN|NL","Without Sequence","81.04","",""
"07/01/2026 00:45:00 - 07/01/2026 01:00:00","BZN|NL","Without Sequence","79.78","",""
"07/01/2026 01:00:00 - 07/01/2026 01:15:00","BZN|NL","Without Sequence","81.46","",""
"07/01/2026 01:15:00 - 07/01/2026 01:30:00","BZN|NL","Without Sequence","79.52","",""
"07/01/2026 01:30:00 - 07/01/2026 01:45:00","BZN|NL","Without Sequence","80.27","",""
"07/01/2026 01:45:00 - 07/01/2026 02:00:00","BZN|NL","Without Sequence","77.10","",""
"07/01/2026 02:00:00 - 07/01/2026 02:15:00","BZN|NL","Without Sequence","79.87","",""
"07/01/2026 02:15:00 - 07/01/2026 02:30:00","BZN|NL","Without Sequence","78.79","",""
"07/01/2026 02:30:00 - 07/01/2026 02:45:00","BZN|NL","Without Sequence","78.70","",""
"07/01/2026 02:45:00 - 07/01/2026 03:00:00","BZN|NL","Without Sequence","78.71","",""
"07/01/2026 03:00:00 - 07/01/2026 03:15:00","BZN|NL","Without Sequence","77.69","",""
"07/01/2026 03:15:00 - 07/01/2026 03:30:00","BZN|NL","Without Sequence","77.55","",""
"07/01/2026 03:30:00 - 07/01/2026 03:45:00","BZN|NL","Without Sequence","77.56","",""
"07/01/2026 03:45:00 - 07/01/2026 04:00:00","BZN|NL","Without Sequence","77.71","",""
"07/01/2026 04:00:00 - 07/01/2026 04:15:00","BZN|NL","Without Sequence","78.84","",""
"07/01/2026 04:15:00 - 07/01/2026 04:30:00","BZN|NL","Without Sequence","78.28","",""
"07/01/2026 04:30:00 - 07/01/2026 04:45:00","BZN|NL","Without Sequence","79.47","",""
"07/01/2026 04:45:00 - 07/01/2026 05:00:00","BZN|NL","Without Sequence","77.71","",""
"07/01/2026 05:00:00 - 07/01/2026 05:15:00","BZN|NL","Without Sequence","86.18","",""
"07/01/2026 05:15:00 - 07/01/2026 05:30:00","BZN|NL","Without Sequence","89.87","",""
"07/01/2026 05:30:00 - 07/01/2026 05:45:00","BZN|NL","Without Sequence","92.20","",""
"07/01/2026 05:45:00 - 07/01/2026 06:00:00","BZN|NL","Without Sequence","89.92","",""
"07/01/2026 06:00:00 - 07/01/2026 06:15:00","BZN|NL","Without Sequence","93.95","",""
"07/01/2026 06:15:00 - 07/01/2026 06:30:00","BZN|NL","Without Sequence","92.10","",""
"07/01/2026 06:30:00 - 07/01/2026 06:45:00","BZN|NL","Without Sequence","94.43","",""
"07/01/2026 06:45:00 - 07/01/2026 07:00:00","BZN|NL","Without Sequence","97.35","",""
"07/01/2026 07:00:00 - 07/01/2026 07:15:00","BZN|NL","Without Sequence","97.70","",""
"07/01/2026 07:15:00 - 07/01/2026 07:30:00","BZN|NL","Without Sequence","101.00","",""
"07/01/2026 07:30:00 - 07/01/2026 07:45:00","BZN|NL","Without Sequence","112.34","",""
"07/01/2026 07:45:00 - 07/01/2026 08:00:00","BZN|NL","Without Sequence","108.04","",""
"07/01/2026 08:00:00 - 07/01/2026 08:15:00","BZN|NL","Without Sequence","114.64","",""
"07/01/2026 08:15:00 - 07/01/2026 08:30:00","BZN|NL","Without Sequence","114.47","",""
"07/01/2026 08:30:00 - 07/01/2026 08:45:00","BZN|NL","Without Sequence","114.04","",""
"07/01/2026 08:45:00 - 07/01/2026 09:00:00","BZN|NL","Without Sequence","101.78","",""
"07/01/2026 09:00:00 - 07/01/2026 09:15:00","BZN|NL","Without Sequence","115.91","",""
"07/01/2026 09:15:00 - 07/01/2026 09:30:00","BZN|NL","Without Sequence","108.45","",""
"07/01/2026 09:30:00 - 07/01/2026 09:45:00","BZN|NL","Without Sequence","105.19","",""
"07/01/2026 09:45:00 - 07/01/2026 10:00:00","BZN|NL","Without Sequence","101.24","",""
"07/01/2026 10:00:00 - 07/01/2026 10:15:00","BZN|NL","Without Sequence","101.45","",""
"07/01/2026 10:15:00 - 07/01/2026 10:30:00","BZN|NL","Without Sequence","98.81","",""
"07/01/2026 10:30:00 - 07/01/2026 10:45:00","BZN|NL","Without Sequence","97.49","",""
"07/01/2026 10:45:00 - 07/01/2026 11:00:00","BZN|NL","Without Sequence","98.94","",""
"07/01/2026 11:00:00 - 07/01/2026 11:15:00","BZN|NL","Without Sequence","97.97","",""
"07/01/2026 11:15:00 - 07/01/2026 11:30:00","BZN|NL","Without Sequence","95.08","",""
"07/01/2026 11:30:00 - 07/01/2026 11:45:00","BZN|NL","Without Sequence","95.35","",""
"07/01/2026 11:45:00 - 07/01/2026 12:00:00","BZN|NL","Without Sequence","93.11","",""
"07/01/2026 12:00:00 - 07/01/2026 12:15:00","BZN|NL","Without Sequence","96.70","",""
"07/01/2026 12:15:00 - 07/01/2026 12:30:00","BZN|NL","Without Sequence","92.06","",""
"07/01/2026 12:30:00 - 07/01/2026 12:45:00","BZN|NL","Without Sequence","88.09","",""
"07/01/2026 12:45:00 - 07/01/2026 13:00:00","BZN|NL","Without Sequence","89.50","",""
"07/01/2026 13:00:00 - 07/01/2026 13:15:00","BZN|NL","Without Sequence","90.25","",""
"07/01/2026 13:15:00 - 07/01/2026 13:30:00","BZN|NL","Without Sequence","93.35","",""
"07/01/2026 13:30:00 - 07/01/2026 13:45:00","BZN|NL","Without Sequence","92.58","",""
"07/01/2026 13:45:00 - 07/01/2026 14:00:00","BZN|NL","Without Sequence","99.96","",""
"07/01/2026 14:00:00 - 07/01/2026 14:15:00","BZN|NL","Without Sequence","94.41","",""
"07/01/2026 14:15:00 - 07/01/2026 14:30:00","BZN|NL","Without Sequence","101.41","",""
"07/01/2026 14:30:00 - 07/01/2026 14:45:00","BZN|NL","Without Sequence","104.36","",""
"07/01/2026 14:45:00 - 07/01/2026 15:00:00","BZN|NL","Without Sequence","101.40","",""
"07/01/2026 15:00:00 - 07/01/2026 15:15:00","BZN|NL","Without Sequence","103.38","",""
"07/01/2026 15:15:00 - 07/01/2026 15:30:00","BZN|NL","Without Sequence","108.30","",""
"07/01/2026 15:30:00 - 07/01/2026 15:45:00","BZN|NL","Without Sequence","113.80","",""
"07/01/2026 15:45:00 - 07/01/2026 16:00:00","BZN|NL","Without Sequence","121.44","",""
"07/01/2026 16:00:00 - 07/01/2026 16:15:00","BZN|NL","Without Sequence","117.20","",""
"07/01/2026 16:15:00 - 07/01/2026 16:30:00","BZN|NL","Without Sequence","120.78","",""
"07/01/2026 16:30:00 - 07/01/2026 16:45:00","BZN|NL","Without Sequence","128.23","",""
"07/01/2026 16:45:00 - 07/01/2026 17:00:00","BZN|NL","Without Sequence","130.81","",""
"07/01/2026 17:00:00 - 07/01/2026 17:15:00","BZN|NL","Without Sequence","122.01","",""
"07/01/2026 17:15:00 - 07/01/2026 17:30:00","BZN|NL","Without Sequence","123.30","",""
"07/01/2026 17:30:00 - 07/01/2026 17:45:00","BZN|NL","Without Sequence","109.10","",""
"07/01/2026 17:45:00 - 07/01/2026 18:00:00","BZN|NL","Without Sequence","91.41","",""
"07/01/2026 18:00:00 - 07/01/2026 18:15:00","BZN|NL","Without Sequence","108.39","",""
"07/01/2026 18:15:00 - 07/01/2026 18:30:00","BZN|NL","Without Sequence","95.48","",""
"07/01/2026 18:30:00 - 07/01/2026 18:45:00","BZN|NL","Without Sequence","89.90","",""
"07/01/2026 18:45:00 - 07/01/2026 19:00:00","BZN|NL","Without Sequence","93.63","",""
"07/01/2026 19:00:00 - 07/01/2026 19:15:00","BZN|NL","Without Sequence","87.00","",""
"07/01/2026 19:15:00 - 07/01/2026 19:30:00","BZN|NL","Without Sequence","95.42","",""
"07/01/2026 19:30:00 - 07/01/2026 19:45:00","BZN|NL","Without Sequence","90.28","",""
"07/01/2026 19:45:00 - 07/01/2026 20:00:00","BZN|NL","Without Sequence","89.78","",""
"07/01/2026 20:00:00 - 07/01/2026 20:15:00","BZN|NL","Without Sequence","99.30","",""
"07/01/2026 20:15:00 - 07/01/2026 20:30:00","BZN|NL","Without Sequence","95.29","",""
"07/01/2026 20:30:00 - 07/01/2026 20:45:00","BZN|NL","Without Sequence","90.10","",""
"07/01/2026 20:45:00 - 07/01/2026 21:00:00","BZN|NL","Without Sequence","86.31","",""
"07/01/2026 21:00:00 - 07/01/2026 21:15:00","BZN|NL","Without Sequence","89.81","",""
"07/01/2026 21:15:00 - 07/01/2026 21:30:00","BZN|NL","Without Sequence","95.13","",""
"07/01/2026 21:30:00 - 07/01/2026 21:45:00","BZN|NL","Without Sequence","91.11","",""
"07/01/2026 21:45:00 - 07/01/2026 22:00:00","BZN|NL","Without Sequence","87.87","",""
"07/01/2026 22:00:00 - 07/01/2026 22:15:00","BZN|NL","Without Sequence","90.10","",""
"07/01/2026 22:15:00 - 07/01/2026 22:30:00","BZN|NL","Without Sequence","88.56","",""
"07/01/2026 22:30:00 - 07/01/2026 22:45:00","BZN|NL","Without Sequence","86.55","",""
"07/01/2026 22:45:00 - 07/01/2026 23:00:00","BZN|NL","Without Sequence","84.10","",""
"07/01/2026 23:00:00 - 07/01/2026 23:15:00","BZN|NL","Without Sequence","86.16","",""
"07/01/2026 23:15:00 - 07/01/2026 23:30:00","BZN|NL","Without Sequence","85.01","",""
"07/01/2026 23:30:00 - 07/01/2026 23:45:00","BZN|NL","Without Sequence","82.05","",""
"07/01/2026 23:45:00 - 08/01/2026 00:00:00","BZN|NL","Without Sequence","80.80","",""
"08/01/2026 00:00:00 - 08/01/2026 00:15:00","BZN|NL","Without Sequence","83.89","",""
"08/01/2026 00:15:00 - 08/01/2026 00:30:00","BZN|NL","Without Sequence","81.37","",""
"08/01/2026 00:30:00 - 08/01/2026 00:45:00","BZN|NL","Without Sequence","82.80","",""
"08/01/2026 00:45:00 - 08/01/2026 01:00:00","BZN|NL","Without Sequence","81.46","",""
"08/01/2026 01:00:00 - 08/01/2026 01:15:00","BZN|NL","Without Sequence","84.70","",""
"08/01/2026 01:15:00 - 08/01/2026 01:30:00","BZN|NL","Without Sequence","84.94","",""
"08/01/2026 01:30:00 - 08/01/2026 01:45:00","BZN|NL","Without Sequence","83.59","",""
"08/01/2026 01:45:00 - 08/01/2026 02:00:00","BZN|NL","Without Sequence","84.86","",""
"08/01/2026 02:00:00 - 08/01/2026 02:15:00","BZN|NL","Without Sequence","82.64","",""
"08/01/2026 02:15:00 - 08/01/2026 02:30:00","BZN|NL","Without Sequence","83.01","",""
"08/01/2026 02:30:00 - 08/01/2026 02:45:00","BZN|NL","Without Sequence","81.76","",""
"08/01/2026 02:45:00 - 08/01/2026 03:00:00","BZN|NL","Without Sequence","82.48","",""
"08/01/2026 03:00:00 - 08/01/2026 03:15:00","BZN|NL","Without Sequence","81.04","",""
"08/01/2026 03:15:00 - 08/01/2026 03:30:00","BZN|NL","Without Sequence","85.00","",""
"08/01/2026 03:30:00 - 08/01/2026 03:45:00","BZN|NL","Without Sequence","87.30","",""
"08/01/2026 03:45:00 - 08/01/2026 04:00:00","BZN|NL","Without Sequence","86.89","",""
"08/01/2026 04:00:00 - 08/01/2026 04:15:00","BZN|NL","Without Sequence","85.26","",""
"08/01/2026 04:15:00 - 08/01/2026 04:30:00","BZN|NL","Without Sequence","86.43","",""
"08/01/2026 04:30:00 - 08/01/2026 04:45:00","BZN|NL","Without Sequence","87.83","",""
"08/01/2026 04:45:00 - 08/01/2026 05:00:00","BZN|NL","Without Sequence","89.11","",""
"08/01/2026 05:00:00 - 08/01/2026 05:15:00","BZN|NL","Without Sequence","85.37","",""
"08/01/2026 05:15:00 - 08/01/2026 05:30:00","BZN|NL","Without Sequence","87.08","",""
"08/01/2026 05:30:00 - 08/01/2026 05:45:00","BZN|NL","Without Sequence","102.80","",""
"08/01/2026 05:45:00 - 08/01/2026 06:00:00","BZN|NL","Without Sequence","111.51","",""
"08/01/2026 06:00:00 - 08/01/2026 06:15:00","BZN|NL","Without Sequence","102.36","",""
"08/01/2026 06:15:00 - 08/01/2026 06:30:00","BZN|NL","Without Sequence","107.79","",""
"08/01/2026 06:30:00 - 08/01/2026 06:45:00","BZN|NL","Without Sequence","129.48","",""
"08/01/2026 06:45:00 - 08/01/2026 07:00:00","BZN|NL","Without Sequence","159.13","",""
"08/01/2026 07:00:00 - 08/01/2026 07:15:00","BZN|NL","Without Sequence","167.59","",""
"08/01/2026 07:15:00 - 08/01/2026 07:30:00","BZN|NL","Without Sequence","165.48","",""
"08/01/2026 07:30:00 - 08/01/2026 07:45:00","BZN|NL","Without Sequence","167.27","",""
"08/01/2026 07:45:00 - 08/01/2026 08:00:00","BZN|NL","Without Sequence","170.92","",""
"08/01/2026 08:00:00 - 08/01/2026 08:15:00","BZN|NL","Without Sequence","180.19","",""
"08/01/2026 08:15:00 - 08/01/2026 08:30:00","BZN|NL","Without Sequence","192.77","",""
"08/01/2026 08:30:00 - 08/01/2026 08:45:00","BZN|NL","Without Sequence","211.21","",""
"08/01/2026 08:45:00 - 08/01/2026 09:00:00","BZN|NL","Without Sequence","183.44","",""
"08/01/2026 09:00:00 - 08/01/2026 09:15:00","BZN|NL","Without Sequence","204.01","",""
"08/01/2026 09:15:00 - 08/01/2026 09:30:00","BZN|NL","Without Sequence","219.64","",""
"08/01/2026 09:30:00 - 08/01/2026 09:45:00","BZN|NL","Without Sequence","200.28","",""
"08/01/2026 09:45:00 - 08/01/2026 10:00:00","BZN|NL","Without Sequence","198.67","",""
"08/01/2026 10:00:00 - 08/01/2026 10:15:00","BZN|NL","Without Sequence","218.40","",""
"08/01/2026 10:15:00 - 08/01/2026 10:30:00","BZN|NL","Without Sequence","200.20","",""
"08/01/2026 10:30:00 - 08/01/2026 10:45:00","BZN|NL","Without Sequence","207.29","",""
"08/01/2026 10:45:00 - 08/01/2026 11:00:00","BZN|NL","Without Sequence","205.31","",""
"08/01/2026 11:00:00 - 08/01/2026 11:15:00","BZN|NL","Without Sequence","210.14","",""
"08/01/2026 11:15:00 - 08/01/2026 11:30:00","BZN|NL","Without Sequence","210.29","",""
"08/01/2026 11:30:00 - 08/01/2026 11:45:00","BZN|NL","Without Sequence","211.31","",""
"08/01/2026 11:45:00 - 08/01/2026 12:00:00","BZN|NL","Without Sequence","226.00","",""
"08/01/2026 12:00:00 - 08/01/2026 12:15:00","BZN|NL","Without Sequence","208.20","",""
"08/01/2026 12:15:00 - 08/01/2026 12:30:00","BZN|NL","Without Sequence","226.07","",""
"08/01/2026 12:30:00 - 08/01/2026 12:45:00","BZN|NL","Without Sequence","231.13","",""
"08/01/2026 12:45:00 - 08/01/2026 13:00:00","BZN|NL","Without Sequence","234.60","",""
"08/01/2026 13:00:00 - 08/01/2026 13:15:00","BZN|NL","Without Sequence","217.17","",""
"08/01/2026 13:15:00 - 08/01/2026 13:30:00","BZN|NL","Without Sequence","248.35","",""
"08/01/2026 13:30:00 - 08/01/2026 13:45:00","BZN|NL","Without Sequence","273.13","",""
"08/01/2026 13:45:00 - 08/01/2026 14:00:00","BZN|NL","Without Sequence","257.38","",""
"08/01/2026 14:00:00 - 08/01/2026 14:15:00","BZN|NL","Without Sequence","237.03","",""
"08/01/2026 14:15:00 - 08/01/2026 14:30:00","BZN|NL","Without Sequence","252.28","",""
"08/01/2026 14:30:00 - 08/01/2026 14:45:00","BZN|NL","Without Sequence","247.47","",""
"08/01/2026 14:45:00 - 08/01/2026 15:00:00","BZN|NL","Without Sequence","252.64","",""
"08/01/2026 15:00:00 - 08/01/2026 15:15:00","BZN|NL","Without Sequence","215.85","",""
"08/01/2026 15:15:00 - 08/01/2026 15:30:00","BZN|NL","Without Sequence","231.10","",""
"08/01/2026 15:30:00 - 08/01/2026 15:45:00","BZN|NL","Without Sequence","260.01","",""
"08/01/2026 15:45:00 - 08/01/2026 16:00:00","BZN|NL","Without Sequence","286.08","",""
"08/01/2026 16:00:00 - 08/01/2026 16:15:00","BZN|NL","Without Sequence","243.88","",""
"08/01/2026 16:15:00 - 08/01/2026 16:30:00","BZN|NL","Without Sequence","250.04","",""
"08/01/2026 16:30:00 - 08/01/2026 16:45:00","BZN|NL","Without Sequence","216.58","",""
"08/01/2026 16:45:00 - 08/01/2026 17:00:00","BZN|NL","Without Sequence","189.50","",""
"08/01/2026 17:00:00 - 08/01/2026 17:15:00","BZN|NL","Without Sequence","262.59","",""
"08/01/2026 17:15:00 - 08/01/2026 17:30:00","BZN|NL","Without Sequence","195.58","",""
"08/01/2026 17:30:00 - 08/01/2026 17:45:00","BZN|NL","Without Sequence","176.29","",""
"08/01/2026 17:45:00 - 08/01/2026 18:00:00","BZN|NL","Without Sequence","142.00","",""
"08/01/2026 18:00:00 - 08/01/2026 18:15:00","BZN|NL","Without Sequence","171.24","",""
"08/01/2026 18:15:00 - 08/01/2026 18:30:00","BZN|NL","Without Sequence","163.37","",""
"08/01/2026 18:30:00 - 08/01/2026 18:45:00","BZN|NL","Without Sequence","114.17","",""
"08/01/2026 18:45:00 - 08/01/2026 19:00:00","BZN|NL","Without Sequence","94.08","",""
"08/01/2026 19:00:00 - 08/01/2026 19:15:00","BZN|NL","Without Sequence","127.39","",""
"08/01/2026 19:15:00 - 08/01/2026 19:30:00","BZN|NL","Without Sequence","100.41","",""
"08/01/2026 19:30:00 - 08/01/2026 19:45:00","BZN|NL","Without Sequence","86.02","",""
"08/01/2026 19:45:00 - 08/01/2026 20:00:00","BZN|NL","Without Sequence","82.76","",""
"08/01/2026 20:00:00 - 08/01/2026 20:15:00","BZN|NL","Without Sequence","100.31","",""
"08/01/2026 20:15:00 - 08/01/2026 20:30:00","BZN|NL","Without Sequence","94.36","",""
"08/01/2026 20:30:00 - 08/01/2026 20:45:00","BZN|NL","Without Sequence","88.01","",""
"08/01/2026 20:45:00 - 08/01/2026 21:00:00","BZN|NL","Without Sequence","82.51","",""
"08/01/2026 21:00:00 - 08/01/2026 21:15:00","BZN|NL","Without Sequence","99.81","",""
"08/01/2026 21:15:00 - 08/01/2026 21:30:00","BZN|NL","Without Sequence","87.89","",""
"08/01/2026 21:30:00 - 08/01/2026 21:45:00","BZN|NL","Without Sequence","86.15","",""
"08/01/2026 21:45:00 - 08/01/2026 22:00:00","BZN|NL","Without Sequence","79.62","",""
"08/01/2026 22:00:00 - 08/01/2026 22:15:00","BZN|NL","Without Sequence","91.51","",""
"08/01/2026 22:15:00 - 08/01/2026 22:30:00","BZN|NL","Without Sequence","82.40","",""
"08/01/2026 22:30:00 - 08/01/2026 22:45:00","BZN|NL","Without Sequence","70.60","",""
"08/01/2026 22:45:00 - 08/01/2026 23:00:00","BZN|NL","Without Sequence","68.55","",""
"08/01/2026 23:00:00 - 08/01/2026 23:15:00","BZN|NL","Without Sequence","95.49","",""
"08/01/2026 23:15:00 - 08/01/2026 23:30:00","BZN|NL","Without Sequence","80.23","",""
"08/01/2026 23:30:00 - 08/01/2026 23:45:00","BZN|NL","Without Sequence","70.01","",""
"08/01/2026 23:45:00 - 09/01/2026 00:00:00","BZN|NL","Without Sequence","69.78","",""
"09/01/2026 00:00:00 - 09/01/2026 00:15:00","BZN|NL","Without Sequence","75.48","",""
"09/01/2026 00:15:00 - 09/01/2026 00:30:00","BZN|NL","Without Sequence","74.15","",""
"09/01/2026 00:30:00 - 09/01/2026 00:45:00","BZN|NL","Without Sequence","69.98","",""
"09/01/2026 00:45:00 - 09/01/2026 01:00:00","BZN|NL","Without Sequence","63.06","",""
"09/01/2026 01:00:00 - 09/01/2026 01:15:00","BZN|NL","Without Sequence","64.19","",""
"09/01/2026 01:15:00 - 09/01/2026 01:30:00","BZN|NL","Without Sequence","56.10","",""
"09/01/2026 01:30:00 - 09/01/2026 01:45:00","BZN|NL","Without Sequence","48.85","",""
"09/01/2026 01:45:00 - 09/01/2026 02:00:00","BZN|NL","Without Sequence","47.08","",""
"09/01/2026 02:00:00 - 09/01/2026 02:15:00","BZN|NL","Without Sequence","51.58","",""
"09/01/2026 02:15:00 - 09/01/2026 02:30:00","BZN|NL","Without Sequence","47.21","",""
"09/01/2026 02:30:00 - 09/01/2026 02:45:00","BZN|NL","Without Sequence","45.36","",""
"09/01/2026 02:45:00 - 09/01/2026 03:00:00","BZN|NL","Without Sequence","42.16","",""
"09/01/2026 03:00:00 - 09/01/2026 03:15:00","BZN|NL","Without Sequence","45.81","",""
"09/01/2026 03:15:00 - 09/01/2026 03:30:00","BZN|NL","Without Sequence","45.81","",""
"09/01/2026 03:30:00 - 09/01/2026 03:45:00","BZN|NL","Without Sequence","48.22","",""
"09/01/2026 03:45:00 - 09/01/2026 04:00:00","BZN|NL","Without Sequence","51.54","",""
"09/01/2026 04:00:00 - 09/01/2026 04:15:00","BZN|NL","Without Sequence","49.91","",""
"09/01/2026 04:15:00 - 09/01/2026 04:30:00","BZN|NL","Without Sequence","53.43","",""
"09/01/2026 04:30:00 - 09/01/2026 04:45:00","BZN|NL","Without Sequence","59.40","",""
"09/01/2026 04:45:00 - 09/01/2026 05:00:00","BZN|NL","Without Sequence","67.91","",""
"09/01/2026 05:00:00 - 09/01/2026 05:15:00","BZN|NL","Without Sequence","65.33","",""
"09/01/2026 05:15:00 - 09/01/2026 05:30:00","BZN|NL","Without Sequence","77.96","",""
"09/01/2026 05:30:00 - 09/01/2026 05:45:00","BZN|NL","Without Sequence","81.03","",""
"09/01/2026 05:45:00 - 09/01/2026 06:00:00","BZN|NL","Without Sequence","86.56","",""
"09/01/2026 06:00:00 - 09/01/2026 06:15:00","BZN|NL","Without Sequence","79.49","",""
"09/01/2026 06:15:00 - 09/01/2026 06:30:00","BZN|NL","Without Sequence","88.08","",""
"09/01/2026 06:30:00 - 09/01/2026 06:45:00","BZN|NL","Without Sequence","91.15","",""
"09/01/2026 06:45:00 - 09/01/2026 07:00:00","BZN|NL","Without Sequence","98.04","",""
"09/01/2026 07:00:00 - 09/01/2026 07:15:00","BZN|NL","Without Sequence","89.48","",""
"09/01/2026 07:15:00 - 09/01/2026 07:30:00","BZN|NL","Without Sequence","94.31","",""
"09/01/2026 07:30:00 - 09/01/2026 07:45:00","BZN|NL","Without Sequence","95.62","",""
"09/01/2026 07:45:00 - 09/01/2026 08:00:00","BZN|NL","Without Sequence","91.07","",""
"09/01/2026 08:00:00 - 09/01/2026 08:15:00","BZN|NL","Without Sequence","94.34","",""
"09/01/2026 08:15:00 - 09/01/2026 08:30:00","BZN|NL","Without Sequence","92.26","",""
"09/01/2026 08:30:00 - 09/01/2026 08:45:00","BZN|NL","Without Sequence","89.72","",""
"09/01/2026 08:45:00 - 09/01/2026 09:00:00","BZN|NL","Without Sequence","92.80","",""
"09/01/2026 09:00:00 - 09/01/2026 09:15:00","BZN|NL","Without Sequence","102.00","",""
"09/01/2026 09:15:00 - 09/01/2026 09:30:00","BZN|NL","Without Sequence","94.98","",""
"09/01/2026 09:30:00 - 09/01/2026 09:45:00","BZN|NL","Without Sequence","111.85","",""
"09/01/2026 09:45:00 - 09/01/2026 10:00:00","BZN|NL","Without Sequence","103.40","",""
"09/01/2026 10:00:00 - 09/01/2026 10:15:00","BZN|NL","Without Sequence","114.20","",""
"09/01/2026 10:15:00 - 09/01/2026 10:30:00","BZN|NL","Without Sequence","104.63","",""
"09/01/2026 10:30:00 - 09/01/2026 10:45:00","BZN|NL","Without Sequence","94.70","",""
"09/01/2026 10:45:00 - 09/01/2026 11:00:00","BZN|NL","Without Sequence","100.10","",""
"09/01/2026 11:00:00 - 09/01/2026 11:15:00","BZN|NL","Without Sequence","104.24","",""
"09/01/2026 11:15:00 - 09/01/2026 11:30:00","BZN|NL","Without Sequence","90.23","",""
"09/01/2026 11:30:00 - 09/01/2026 11:45:00","BZN|NL","Without Sequence","94.40","",""
"09/01/2026 11:45:00 - 09/01/2026 12:00:00","BZN|NL","Without Sequence","93.50","",""
"09/01/2026 12:00:00 - 09/01/2026 12:15:00","BZN|NL","Without Sequence","99.00","",""
"09/01/2026 12:15:00 - 09/01/2026 12:30:00","BZN|NL","Without Sequence","91.63","",""
"09/01/2026 12:30:00 - 09/01/2026 12:45:00","BZN|NL","Without Sequence","91.63","",""
"09/01/2026 12:45:00 - 09/01/2026 13:00:00","BZN|NL","Without Sequence","92.78","",""
"09/01/2026 13:00:00 - 09/01/2026 13:15:00","BZN|NL","Without Sequence","98.02","",""
"09/01/2026 13:15:00 - 09/01/2026 13:30:00","BZN|NL","Without Sequence","96.89","",""
"09/01/2026 13:30:00 - 09/01/2026 13:45:00","BZN|NL","Without Sequence","91.37","",""
"09/01/2026 13:45:00 - 09/01/2026 14:00:00","BZN|NL","Without Sequence","89.87","",""
"09/01/2026 14:00:00 - 09/01/2026 14:15:00","BZN|NL","Without Sequence","88.45","",""
"09/01/2026 14:15:00 - 09/01/2026 14:30:00","BZN|NL","Without Sequence","88.50","",""
"09/01/2026 14:30:00 - 09/01/2026 14:45:00","BZN|NL","Without Sequence","94.11","",""
"09/01/2026 14:45:00 - 09/01/2026 15:00:00","BZN|NL","Without Sequence","92.78","",""
"09/01/2026 15:00:00 - 09/01/2026 15:15:00","BZN|NL","Without Sequence","87.27","",""
"09/01/2026 15:15:00 - 09/01/2026 15:30:00","BZN|NL","Without Sequence","88.56","",""
"09/01/2026 15:30:00 - 09/01/2026 15:45:00","BZN|NL","Without Sequence","94.10","",""
"09/01/2026 15:45:00 - 09/01/2026 16:00:00","BZN|NL","Without Sequence","96.37","",""
"09/01/2026 16:00:00 - 09/01/2026 16:15:00","BZN|NL","Without Sequence","92.78","",""
"09/01/2026 16:15:00 - 09/01/2026 16:30:00","BZN|NL","Without Sequence","94.03","",""
"09/01/2026 16:30:00 - 09/01/2026 16:45:00","BZN|NL","Without Sequence","94.11","",""
"09/01/2026 16:45:00 - 09/01/2026 17:00:00","BZN|NL","Without Sequence","95.08","",""
"09/01/2026 17:00:00 - 09/01/2026 17:15:00","BZN|NL","Without Sequence","90.10","",""
"09/01/2026 17:15:00 - 09/01/2026 17:30:00","BZN|NL","Without Sequence","93.87","",""
"09/01/2026 17:30:00 - 09/01/2026 17:45:00","BZN|NL","Without Sequence","94.12","",""
"09/01/2026 17:45:00 - 09/01/2026 18:00:00","BZN|NL","Without Sequence","89.42","",""
"09/01/2026 18:00:00 - 09/01/2026 18:15:00","BZN|NL","Without Sequence","90.19","",""
"09/01/2026 18:15:00 - 09/01/2026 18:30:00","BZN|NL","Without Sequence","87.19","",""
"09/01/2026 18:30:00 - 09/01/2026 18:45:00","BZN|NL","Without Sequence","85.84","",""
"09/01/2026 18:45:00 - 09/01/2026 19:00:00","BZN|NL","Without Sequence","86.87","",""
"09/01/2026 19:00:00 - 09/01/2026 19:15:00","BZN|NL","Without Sequence","86.90","",""
"09/01/2026 19:15:00 - 09/01/2026 19:30:00","BZN|NL","Without Sequence","85.55","",""
"09/01/2026 19:30:00 - 09/01/2026 19:45:00","BZN|NL","Without Sequence","84.89","",""
"09/01/2026 19:45:00 - 09/01/2026 20:00:00","BZN|NL","Without Sequence","83.46","",""
"09/01/2026 20:00:00 - 09/01/2026 20:15:00","BZN|NL","Without Sequence","91.45","",""
"09/01/2026 20:15:00 - 09/01/2026 20:30:00","BZN|NL","Without Sequence","85.67","",""
"09/01/2026 20:30:00 - 09/01/2026 20:45:00","BZN|NL","Without Sequence","84.59","",""
"09/01/2026 20:45:00 - 09/01/2026 21:00:00","BZN|NL","Without Sequence","80.69","",""
"09/01/2026 21:00:00 - 09/01/2026 21:15:00","BZN|NL","Without Sequence","91.67","",""
"09/01/2026 21:15:00 - 09/01/2026 21:30:00","BZN|NL","Without Sequence","83.59","",""
"09/01/2026 21:30:00 - 09/01/2026 21:45:00","BZN|NL","Without Sequence","83.42","",""
"09/01/2026 21:45:00 - 09/01/2026 22:00:00","BZN|NL","Without Sequence","81.32","",""
"09/01/2026 22:00:00 - 09/01/2026 22:15:00","BZN|NL","Without Sequence","82.80","",""
"09/01/2026 22:15:00 - 09/01/2026 22:30:00","BZN|NL","Without Sequence","78.34","",""
"09/01/2026 22:30:00 - 09/01/2026 22:45:00","BZN|NL","Without Sequence","78.98","",""
"09/01/2026 22:45:00 - 09/01/2026 23:00:00","BZN|NL","Without Sequence","72.79","",""
"09/01/2026 23:00:00 - 09/01/2026 23:15:00","BZN|NL","Without Sequence","83.69","",""
"09/01/2026 23:15:00 - 09/01/2026 23:30:00","BZN|NL","Without Sequence","78.28","",""
"09/01/2026 23:30:00 - 09/01/2026 23:45:00","BZN|NL","Without Sequence","70.08","",""
"09/01/2026 23:45:00 - 10/01/2026 00:00:00","BZN|NL","Without Sequence","68.61","",""
"10/01/2026 00:00:00 - 10/01/2026 00:15:00","BZN|NL","Without Sequence","71.70","",""
"10/01/2026 00:15:00 - 10/01/2026 00:30:00","BZN|NL","Without Sequence","70.55","",""
"10/01/2026 00:30:00 - 10/01/2026 00:45:00","BZN|NL","Without Sequence","69.40","",""
"10/01/2026 00:45:00 - 10/01/2026 01:00:00","BZN|NL","Without Sequence","67.71","",""
"10/01/2026 01:00:00 - 10/01/2026 01:15:00","BZN|NL","Without Sequence","67.69","",""
"10/01/2026 01:15:00 - 10/01/2026 01:30:00","BZN|NL","Without Sequence","66.11","",""
"10/01/2026 01:30:00 - 10/01/2026 01:45:00","BZN|NL","Without Sequence","65.63","",""
"10/01/2026 01:45:00 - 10/01/2026 02:00:00","BZN|NL","Without Sequence","65.52","",""
"10/01/2026 02:00:00 - 10/01/2026 02:15:00","BZN|NL","Without Sequence","67.12","",""
"10/01/2026 02:15:00 - 10/01/2026 02:30:00","BZN|NL","Without Sequence","66.38","",""
"10/01/2026 02:30:00 - 10/01/2026 02:45:00","BZN|NL","Without Sequence","66.94","",""
"10/01/2026 02:45:00 - 10/01/2026 03:00:00","BZN|NL","Without Sequence","65.70","",""
"10/01/2026 03:00:00 - 10/01/2026 03:15:00","BZN|NL","Without Sequence","66.72","",""
"10/01/2026 03:15:00 - 10/01/2026 03:30:00","BZN|NL","Without Sequence","66.41","",""
"10/01/2026 03:30:00 - 10/01/2026 03:45:00","BZN|NL","Without Sequence","65.99","",""
"10/01/2026 03:45:00 - 10/01/2026 04:00:00","BZN|NL","Without Sequence","66.93","",""
"10/01/2026 04:00:00 - 10/01/2026 04:15:00","BZN|NL","Without Sequence","68.23","",""
"10/01/2026 04:15:00 - 10/01/2026 04:30:00","BZN|NL","Without Sequence","67.40","",""
"10/01/2026 04:30:00 - 10/01/2026 04:45:00","BZN|NL","Without Sequence","69.47","",""
"10/01/2026 04:45:00 - 10/01/2026 05:00:00","BZN|NL","Without Sequence","70.81","",""
"10/01/2026 05:00:00 - 10/01/2026 05:15:00","BZN|NL","Without Sequence","66.54","",""
"10/01/2026 05:15:00 - 10/01/2026 05:30:00","BZN|NL","Without Sequence","70.30","",""
"10/01/2026 05:30:00 - 10/01/2026 05:45:00","BZN|NL","Without Sequence","71.40","",""
"10/01/2026 05:45:00 - 10/01/2026 06:00:00","BZN|NL","Without Sequence","78.28","",""
"10/01/2026 06:00:00 - 10/01/2026 06:15:00","BZN|NL","Without Sequence","73.37","",""
"10/01/2026 06:15:00 - 10/01/2026 06:30:00","BZN|NL","Without Sequence","76.80","",""
"10/01/2026 06:30:00 - 10/01/2026 06:45:00","BZN|NL","Without Sequence","79.47","",""
"10/01/2026 06:45:00 - 10/01/2026 07:00:00","BZN|NL","Without Sequence","82.36","",""
"10/01/2026 07:00:00 - 10/01/2026 07:15:00","BZN|NL","Without Sequence","80.84","",""
"10/01/2026 07:15:00 - 10/01/2026 07:30:00","BZN|NL","Without Sequence","82.89","",""
"10/01/2026 07:30:00 - 10/01/2026 07:45:00","BZN|NL","Without Sequence","88.46","",""
"10/01/2026 07:45:00 - 10/01/2026 08:00:00","BZN|NL","Without Sequence","92.02","",""
"10/01/2026 08:00:00 - 10/01/2026 08:15:00","BZN|NL","Without Sequence","90.47","",""
"10/01/2026 08:15:00 - 10/01/2026 08:30:00","BZN|NL","Without Sequence","93.04","",""
"10/01/2026 08:30:00 - 10/01/2026 08:45:00","BZN|NL","Without Sequence","91.74","",""
"10/01/2026 08:45:00 - 10/01/2026 09:00:00","BZN|NL","Without Sequence","89.12","",""
"10/01/2026 09:00:00 - 10/01/2026 09:15:00","BZN|NL","Without Sequence","90.28","",""
"10/01/2026 09:15:00 - 10/01/2026 09:30:00","BZN|NL","Without Sequence","90.04","",""
"10/01/2026 09:30:00 - 10/01/2026 09:45:00","BZN|NL","Without Sequence","95.79","",""
"10/01/2026 09:45:00 - 10/01/2026 10:00:00","BZN|NL","Without Sequence","96.31","",""
"10/01/2026 10:00:00 - 10/01/2026 10:15:00","BZN|NL","Without Sequence","90.74","",""
"10/01/2026 10:15:00 - 10/01/2026 10:30:00","BZN|NL","Without Sequence","94.60","",""
"10/01/2026 10:30:00 - 10/01/2026 10:45:00","BZN|NL","Without Sequence","97.48","",""
"10/01/2026 10:45:00 - 10/01/2026 11:00:00","BZN|NL","Without Sequence","97.22","",""
"10/01/2026 11:00:00 - 10/01/2026 11:15:00","BZN|NL","Without Sequence","94.25","",""
"10/01/2026 11:15:00 - 10/01/2026 11:30:00","BZN|NL","Without Sequence","97.02","",""
"10/01/2026 11:30:00 - 10/01/2026 11:45:00","BZN|NL","Without Sequence","96.87","",""
"10/01/2026 11:45:00 - 10/01/2026 12:00:00","BZN|NL","Without Sequence","95.83","",""
"10/01/2026 12:00:00 - 10/01/2026 12:15:00","BZN|NL","Without Sequence","95.23","",""
"10/01/2026 12:15:00 - 10/01/2026 12:30:00","BZN|NL","Without Sequence","97.02","",""
"10/01/2026 12:30:00 - 10/01/2026 12:45:00","BZN|NL","Without Sequence","96.66","",""
"10/01/2026 12:45:00 - 10/01/2026 13:00:00","BZN|NL","Without Sequence","104.49","",""
"10/01/2026 13:00:00 - 10/01/2026 13:15:00","BZN|NL","Without Sequence","99.80","",""
"10/01/2026 13:15:00 - 10/01/2026 13:30:00","BZN|NL","Without Sequence","101.82","",""
"10/01/2026 13:30:00 - 10/01/2026 13:45:00","BZN|NL","Without Sequence","106.90","",""
"10/01/2026 13:45:00 - 10/01/2026 14:00:00","BZN|NL","Without Sequence","108.95","",""
"10/01/2026 14:00:00 - 10/01/2026 14:15:00","BZN|NL","Without Sequence","100.81","",""
"10/01/2026 14:15:00 - 10/01/2026 14:30:00","BZN|NL","Without Sequence","109.54","",""
"10/01/2026 14:30:00 - 10/01/2026 14:45:00","BZN|NL","Without Sequence","109.78","",""
"10/01/2026 14:45:00 - 10/01/2026 15:00:00","BZN|NL","Without Sequence","123.48","",""
"10/01/2026 15:00:00 - 10/01/2026 15:15:00","BZN|NL","Without Sequence","112.99","",""
"10/01/2026 15:15:00 - 10/01/2026 15:30:00","BZN|NL","Without Sequence","119.49","",""
"10/01/2026 15:30:00 - 10/01/2026 15:45:00","BZN|NL","Without Sequence","116.25","",""
"10/01/2026 15:45:00 - 10/01/2026 16:00:00","BZN|NL","Without Sequence","134.13","",""
"10/01/2026 16:00:00 - 10/01/2026 16:15:00","BZN|NL","Without Sequence","126.67","",""
"10/01/2026 16:15:00 - 10/01/2026 16:30:00","BZN|NL","Without Sequence","132.11","",""
"10/01/2026 16:30:00 - 10/01/2026 16:45:00","BZN|NL","Without Sequence","135.00","",""
"10/01/2026 16:45:00 - 10/01/2026 17:00:00","BZN|NL","Without Sequence","136.84","",""
"10/01/2026 17:00:00 - 10/01/2026 17:15:00","BZN|NL","Without Sequence","137.36","",""
"10/01/2026 17:15:00 - 10/01/2026 17:30:00","BZN|NL","Without Sequence","134.52","",""
"10/01/2026 17:30:00 - 10/01/2026 17:45:00","BZN|NL","Without Sequence","134.40","",""
"10/01/2026 17:45:00 - 10/01/2026 18:00:00","BZN|NL","Without Sequence","129.52","",""
"10/01/2026 18:00:00 - 10/01/2026 18:15:00","BZN|NL","Without Sequence","133.66","",""
"10/01/2026 18:15:00 - 10/01/2026 18:30:00","BZN|NL","Without Sequence","129.52","",""
"10/01/2026 18:30:00 - 10/01/2026 18:45:00","BZN|NL","Without Sequence","125.36","",""
"10/01/2026 18:45:00 - 10/01/2026 19:00:00","BZN|NL","Without Sequence","123.47","",""
"10/01/2026 19:00:00 - 10/01/2026 19:15:00","BZN|NL","Without Sequence","126.98","",""
"10/01/2026 19:15:00 - 10/01/2026 19:30:00","BZN|NL","Without Sequence","120.01","",""
"10/01/2026 19:30:00 - 10/01/2026 19:45:00","BZN|NL","Without Sequence","117.48","",""
"10/01/2026 19:45:00 - 10/01/2026 20:00:00","BZN|NL","Without Sequence","112.29","",""
"10/01/2026 20:00:00 - 10/01/2026 20:15:00","BZN|NL","Without Sequence","116.08","",""
"10/01/2026 20:15:00 - 10/01/2026 20:30:00","BZN|NL","Without Sequence","112.28","",""
"10/01/2026 20:30:00 - 10/01/2026 20:45:00","BZN|NL","Without Sequence","111.99","",""
"10/01/2026 20:45:00 - 10/01/2026 21:00:00","BZN|NL","Without Sequence","104.48","",""
"10/01/2026 21:00:00 - 10/01/2026 21:15:00","BZN|NL","Without Sequence","112.32","",""
"10/01/2026 21:15:00 - 10/01/2026 21:30:00","BZN|NL","Without Sequence","111.67","",""
"10/01/2026 21:30:00 - 10/01/2026 21:45:00","BZN|NL","Without Sequence","103.00","",""
"10/01/2026 21:45:00 - 10/01/2026 22:00:00","BZN|NL","Without Sequence","99.12","",""
"10/01/2026 22:00:00 - 10/01/2026 22:15:00","BZN|NL","Without Sequence","101.76","",""
"10/01/2026 22:15:00 - 10/01/2026 22:30:00","BZN|NL","Without Sequence","97.50","",""
"10/01/2026 22:30:00 - 10/01/2026 22:45:00","BZN|NL","Without Sequence","97.75","",""
"10/01/2026 22:45:00 - 10/01/2026 23:00:00","BZN|NL","Without Sequence","95.78","",""
"10/01/2026 23:00:00 - 10/01/2026 23:15:00","BZN|NL","Without Sequence","108.20","",""
"10/01/2026 23:15:00 - 10/01/2026 23:30:00","BZN|NL","Without Sequence","97.72","",""
"10/01/2026 23:30:00 - 10/01/2026 23:45:00","BZN|NL","Without Sequence","93.70","",""
"10/01/2026 23:45:00 - 11/01/2026 00:00:00","BZN|NL","Without Sequence","87.99","",""
"11/01/2026 00:00:00 - 11/01/2026 00:15:00","BZN|NL","Without Sequence","98.99","",""
"11/01/2026 00:15:00 - 11/01/2026 00:30:00","BZN|NL","Without Sequence","92.55","",""
"11/01/2026 00:30:00 - 11/01/2026 00:45:00","BZN|NL","Without Sequence","90.91","",""
"11/01/2026 00:45:00 - 11/01/2026 01:00:00","BZN|NL","Without Sequence","88.54","",""
"11/01/2026 01:00:00 - 11/01/2026 01:15:00","BZN|NL","Without Sequence","91.99","",""
"11/01/2026 01:15:00 - 11/01/2026 01:30:00","BZN|NL","Without Sequence","89.09","",""
"11/01/2026 01:30:00 - 11/01/2026 01:45:00","BZN|NL","Without Sequence","86.20","",""
"11/01/2026 01:45:00 - 11/01/2026 02:00:00","BZN|NL","Without Sequence","84.86","",""
"11/01/2026 02:00:00 - 11/01/2026 02:15:00","BZN|NL","Without Sequence","84.18","",""
"11/01/2026 02:15:00 - 11/01/2026 02:30:00","BZN|NL","Without Sequence","84.52","",""
"11/01/2026 02:30:00 - 11/01/2026 02:45:00","BZN|NL","Without Sequence","84.56","",""
"11/01/2026 02:45:00 - 11/01/2026 03:00:00","BZN|NL","Without Sequence","86.18","",""
"11/01/2026 03:00:00 - 11/01/2026 03:15:00","BZN|NL","Without Sequence","85.04","",""
"11/01/2026 03:15:00 - 11/01/2026 03:30:00","BZN|NL","Without Sequence","83.03","",""
"11/01/2026 03:30:00 - 11/01/2026 03:45:00","BZN|NL","Without Sequence","81.42","",""
"11/01/2026 03:45:00 - 11/01/2026 04:00:00","BZN|NL","Without Sequence","81.23","",""
"11/01/2026 04:00:00 - 11/01/2026 04:15:00","BZN|NL","Without Sequence","81.64","",""
"11/01/2026 04:15:00 - 11/01/2026 04:30:00","BZN|NL","Without Sequence","81.64","",""
"11/01/2026 04:30:00 - 11/01/2026 04:45:00","BZN|NL","Without Sequence","82.20","",""
"11/01/2026 04:45:00 - 11/01/2026 05:00:00","BZN|NL","Without Sequence","83.54","",""
"11/01/2026 05:00:00 - 11/01/2026 05:15:00","BZN|NL","Without Sequence","80.93","",""
"11/01/2026 05:15:00 - 11/01/2026 05:30:00","BZN|NL","Without Sequence","81.64","",""
"11/01/2026 05:30:00 - 11/01/2026 05:45:00","BZN|NL","Without Sequence","81.64","",""
"11/01/2026 05:45:00 - 11/01/2026 06:00:00","BZN|NL","Without Sequence","82.20","",""
"11/01/2026 06:00:00 - 11/01/2026 06:15:00","BZN|NL","Without Sequence","81.13","",""
"11/01/2026 06:15:00 - 11/01/2026 06:30:00","BZN|NL","Without Sequence","82.46","",""
"11/01/2026 06:30:00 - 11/01/2026 06:45:00","BZN|NL","Without Sequence","85.68","",""
"11/01/2026 06:45:00 - 11/01/2026 07:00:00","BZN|NL","Without Sequence","87.77","",""
"11/01/2026 07:00:00 - 11/01/2026 07:15:00","BZN|NL","Without Sequence","87.02","",""
"11/01/2026 07:15:00 - 11/01/2026 07:30:00","BZN|NL","Without Sequence","89.97","",""
"11/01/2026 07:30:00 - 11/01/2026 07:45:00","BZN|NL","Without Sequence","92.84","",""
"11/01/2026 07:45:00 - 11/01/2026 08:00:00","BZN|NL","Without Sequence","97.53","",""
"11/01/2026 08:00:00 - 11/01/2026 08:15:00","BZN|NL","Without Sequence","103.91","",""
"11/01/2026 08:15:00 - 11/01/2026 08:30:00","BZN|NL","Without Sequence","101.81","",""
"11/01/2026 08:30:00 - 11/01/2026 08:45:00","BZN|NL","Without Sequence","99.95","",""
"11/01/2026 08:45:00 - 11/01/2026 09:00:00","BZN|NL","Without Sequence","97.82","",""
"11/01/2026 09:00:00 - 11/01/2026 09:15:00","BZN|NL","Without Sequence","103.93","",""
"11/01/2026 09:15:00 - 11/01/2026 09:30:00","BZN|NL","Without Sequence","100.12","",""
"11/01/2026 09:30:00 - 11/01/2026 09:45:00","BZN|NL","Without Sequence","97.95","",""
"11/01/2026 09:45:00 - 11/01/2026 10:00:00","BZN|NL","Without Sequence","91.21","",""
"11/01/2026 10:00:00 - 11/01/2026 10:15:00","BZN|NL","Without Sequence","102.68","",""
"11/01/2026 10:15:00 - 11/01/2026 10:30:00","BZN|NL","Without Sequence","98.53","",""
"11/01/2026 10:30:00 - 11/01/2026 10:45:00","BZN|NL","Without Sequence","97.40","",""
"11/01/2026 10:45:00 - 11/01/2026 11:00:00","BZN|NL","Without Sequence","92.09","",""
"11/01/2026 11:00:00 - 11/01/2026 11:15:00","BZN|NL","Without Sequence","99.49","",""
"11/01/2026 11:15:00 - 11/01/2026 11:30:00","BZN|NL","Without Sequence","96.65","",""
"11/01/2026 11:30:00 - 11/01/2026 11:45:00","BZN|NL","Without Sequence","98.33","",""
"11/01/2026 11:45:00 - 11/01/2026 12:00:00","BZN|NL","Without Sequence","90.99","",""
"11/01/2026 12:00:00 - 11/01/2026 12:15:00","BZN|NL","Without Sequence","97.57","",""
"11/01/2026 12:15:00 - 11/01/2026 12:30:00","BZN|NL","Without Sequence","92.22","",""
"11/01/2026 12:30:00 - 11/01/2026 12:45:00","BZN|NL","Without Sequence","95.02","",""
"11/01/2026 12:45:00 - 11/01/2026 13:00:00","BZN|NL","Without Sequence","92.78","",""
"11/01/2026 13:00:00 - 11/01/2026 13:15:00","BZN|NL","Without Sequence","94.57","",""
"11/01/2026 13:15:00 - 11/01/2026 13:30:00","BZN|NL","Without Sequence","95.80","",""
"11/01/2026 13:30:00 - 11/01/2026 13:45:00","BZN|NL","Without Sequence","96.08","",""
"11/01/2026 13:45:00 - 11/01/2026 14:00:00","BZN|NL","Without Sequence","96.05","",""
"11/01/2026 14:00:00 - 11/01/2026 14:15:00","BZN|NL","Without Sequence","89.31","",""
"11/01/2026 14:15:00 - 11/01/2026 14:30:00","BZN|NL","Without Sequence","96.03","",""
"11/01/2026 14:30:00 - 11/01/2026 14:45:00","BZN|NL","Without Sequence","102.60","",""
"11/01/2026 14:45:00 - 11/01/2026 15:00:00","BZN|NL","Without Sequence","103.56","",""
"11/01/2026 15:00:00 - 11/01/2026 15:15:00","BZN|NL","Without Sequence","99.08","",""
"11/01/2026 15:15:00 - 11/01/2026 15:30:00","BZN|NL","Without Sequence","106.22","",""
"11/01/2026 15:30:00 - 11/01/2026 15:45:00","BZN|NL","Without Sequence","108.96","",""
"11/01/2026 15:45:00 - 11/01/2026 16:00:00","BZN|NL","Without Sequence","116.52","",""
"11/01/2026 16:00:00 - 11/01/2026 16:15:00","BZN|NL","Without Sequence","109.70","",""
"11/01/2026 16:15:00 - 11/01/2026 16:30:00","BZN|NL","Without Sequence","114.18","",""
"11/01/2026 16:30:00 - 11/01/2026 16:45:00","BZN|NL","Without Sequence","114.17","",""
"11/01/2026 16:45:00 - 11/01/2026 17:00:00","BZN|NL","Without Sequence","112.00","",""
"11/01/2026 17:00:00 - 11/01/2026 17:15:00","BZN|NL","Without Sequence","107.11","",""
"11/01/2026 17:15:00 - 11/01/2026 17:30:00","BZN|NL","Without Sequence","107.02","",""
"11/01/2026 17:30:00 - 11/01/2026 17:45:00","BZN|NL","Without Sequence","102.39","",""
"11/01/2026 17:45:00 - 11/01/2026 18:00:00","BZN|NL","Without Sequence","77.61","",""
"11/01/2026 18:00:00 - 11/01/2026 18:15:00","BZN|NL","Without Sequence","94.52","",""
"11/01/2026 18:15:00 - 11/01/2026 18:30:00","BZN|NL","Without Sequence","90.10","",""
"11/01/2026 18:30:00 - 11/01/2026 18:45:00","BZN|NL","Without Sequence","89.29","",""
"11/01/2026 18:45:00 - 11/01/2026 19:00:00","BZN|NL","Without Sequence","91.03","",""
"11/01/2026 19:00:00 - 11/01/2026 19:15:00","BZN|NL","Without Sequence","97.62","",""
"11/01/2026 19:15:00 - 11/01/2026 19:30:00","BZN|NL","Without Sequence","91.73","",""
"11/01/2026 19:30:00 - 11/01/2026 19:45:00","BZN|NL","Without Sequence","88.12","",""
"11/01/2026 19:45:00 - 11/01/2026 20:00:00","BZN|NL","Without Sequence","82.65","",""
"11/01/2026 20:00:00 - 11/01/2026 20:15:00","BZN|NL","Without Sequence","94.75","",""
"11/01/2026 20:15:00 - 11/01/2026 20:30:00","BZN|NL","Without Sequence","88.66","",""
"11/01/2026 20:30:00 - 11/01/2026 20:45:00","BZN|NL","Without Sequence","88.30","",""
"11/01/2026 20:45:00 - 11/01/2026 21:00:00","BZN|NL","Without Sequence","81.89","",""
"11/01/2026 21:00:00 - 11/01/2026 21:15:00","BZN|NL","Without Sequence","93.98","",""
"11/01/2026 21:15:00 - 11/01/2026 21:30:00","BZN|NL","Without Sequence","90.31","",""
"11/01/2026 21:30:00 - 11/01/2026 21:45:00","BZN|NL","Without Sequence","91.43","",""
"11/01/2026 21:45:00 - 11/01/2026 22:00:00","BZN|NL","Without Sequence","89.00","",""
"11/01/2026 22:00:00 - 11/01/2026 22:15:00","BZN|NL","Without Sequence","85.52","",""
"11/01/2026 22:15:00 - 11/01/2026 22:30:00","BZN|NL","Without Sequence","79.91","",""
"11/01/2026 22:30:00 - 11/01/2026 22:45:00","BZN|NL","Without Sequence","78.45","",""
"11/01/2026 22:45:00 - 11/01/2026 23:00:00","BZN|NL","Without Sequence","72.11","",""
"11/01/2026 23:00:00 - 11/01/2026 23:15:00","BZN|NL","Without Sequence","79.74","",""
"11/01/2026 23:15:00 - 11/01/2026 23:30:00","BZN|NL","Without Sequence","77.72","",""
"11/01/2026 23:30:00 - 11/01/2026 23:45:00","BZN|NL","Without Sequence","76.25","",""
"11/01/2026 23:45:00 - 12/01/2026 00:00:00","BZN|NL","Without Sequence","75.20","",""
"12/01/2026 00:00:00 - 12/01/2026 00:15:00","BZN|NL","Without Sequence","81.95","",""
"12/01/2026 00:15:00 - 12/01/2026 00:30:00","BZN|NL","Without Sequence","79.06","",""
"12/01/2026 00:30:00 - 12/01/2026 00:45:00","BZN|NL","Without Sequence","76.20","",""
"12/01/2026 00:45:00 - 12/01/2026 01:00:00","BZN|NL","Without Sequence","74.65","",""
"12/01/2026 01:00:00 - 12/01/2026 01:15:00","BZN|NL","Without Sequence","78.95","",""
"12/01/2026 01:15:00 - 12/01/2026 01:30:00","BZN|NL","Without Sequence","78.40","",""
"12/01/2026 01:30:00 - 12/01/2026 01:45:00","BZN|NL","Without Sequence","78.09","",""
"12/01/2026 01:45:00 - 12/01/2026 02:00:00","BZN|NL","Without Sequence","75.30","",""
"12/01/2026 02:00:00 - 12/01/2026 02:15:00","BZN|NL","Without Sequence","73.45","",""
"12/01/2026 02:15:00 - 12/01/2026 02:30:00","BZN|NL","Without Sequence","71.55","",""
"12/01/2026 02:30:00 - 12/01/2026 02:45:00","BZN|NL","Without Sequence","70.29","",""
"12/01/2026 02:45:00 - 12/01/2026 03:00:00","BZN|NL","Without Sequence","69.13","",""
"12/01/2026 03:00:00 - 12/01/2026 03:15:00","BZN|NL","Without Sequence","72.63","",""
"12/01/2026 03:15:00 - 12/01/2026 03:30:00","BZN|NL","Without Sequence","71.67","",""
"12/01/2026 03:30:00 - 12/01/2026 03:45:00","BZN|NL","Without Sequence","73.52","",""
"12/01/2026 03:45:00 - 12/01/2026 04:00:00","BZN|NL","Without Sequence","73.87","",""
"12/01/2026 04:00:00 - 12/01/2026 04:15:00","BZN|NL","Without Sequence","72.01","",""
"12/01/2026 04:15:00 - 12/01/2026 04:30:00","BZN|NL","Without Sequence","70.93","",""
"12/01/2026 04:30:00 - 12/01/2026 04:45:00","BZN|NL","Without Sequence","76.35","",""
"12/01/2026 04:45:00 - 12/01/2026 05:00:00","BZN|NL","Without Sequence","80.21","",""
"12/01/2026 05:00:00 - 12/01/2026 05:15:00","BZN|NL","Without Sequence","73.61","",""
"12/01/2026 05:15:00 - 12/01/2026 05:30:00","BZN|NL","Without Sequence","83.03","",""
"12/01/2026 05:30:00 - 12/01/2026 05:45:00","BZN|NL","Without Sequence","82.70","",""
"12/01/2026 05:45:00 - 12/01/2026 06:00:00","BZN|NL","Without Sequence","84.91","",""
"12/01/2026 06:00:00 - 12/01/2026 06:15:00","BZN|NL","Without Sequence","88.02","",""
"12/01/2026 06:15:00 - 12/01/2026 06:30:00","BZN|NL","Without Sequence","90.40","",""
"12/01/2026 06:30:00 - 12/01/2026 06:45:00","BZN|NL","Without Sequence","89.33","",""
"12/01/2026 06:45:00 - 12/01/2026 07:00:00","BZN|NL","Without Sequence","81.88","",""
"12/01/2026 07:00:00 - 12/01/2026 07:15:00","BZN|NL","Without Sequence","90.52","",""
"12/01/2026 07:15:00 - 12/01/2026 07:30:00","BZN|NL","Without Sequence","94.21","",""
"12/01/2026 07:30:00 - 12/01/2026 07:45:00","BZN|NL","Without Sequence","99.71","",""
"12/01/2026 07:45:00 - 12/01/2026 08:00:00","BZN|NL","Without Sequence","108.00","",""
"12/01/2026 08:00:00 - 12/01/2026 08:15:00","BZN|NL","Without Sequence","79.77","",""
"12/01/2026 08:15:00 - 12/01/2026 08:30:00","BZN|NL","Without Sequence","97.49","",""
"12/01/2026 08:30:00 - 12/01/2026 08:45:00","BZN|NL","Without Sequence","98.18","",""
"12/01/2026 08:45:00 - 12/01/2026 09:00:00","BZN|NL","Without Sequence","88.00","",""
"12/01/2026 09:00:00 - 12/01/2026 09:15:00","BZN|NL","Without Sequence","93.83","",""
"12/01/2026 09:15:00 - 12/01/2026 09:30:00","BZN|NL","Without Sequence","88.52","",""
"12/01/2026 09:30:00 - 12/01/2026 09:45:00","BZN|NL","Without Sequence","95.79","",""
"12/01/2026 09:45:00 - 12/01/2026 10:00:00","BZN|NL","Without Sequence","95.98","",""
"12/01/2026 10:00:00 - 12/01/2026 10:15:00","BZN|NL","Without Sequence","94.92","",""
"12/01/2026 10:15:00 - 12/01/2026 10:30:00","BZN|NL","Without Sequence","95.00","",""
"12/01/2026 10:30:00 - 12/01/2026 10:45:00","BZN|NL","Without Sequence","96.78","",""
"12/01/2026 10:45:00 - 12/01/2026 11:00:00","BZN|NL","Without Sequence","93.24","",""
"12/01/2026 11:00:00 - 12/01/2026 11:15:00","BZN|NL","Without Sequence","90.68","",""
"12/01/2026 11:15:00 - 12/01/2026 11:30:00","BZN|NL","Without Sequence","89.92","",""
"12/01/2026 11:30:00 - 12/01/2026 11:45:00","BZN|NL","Without Sequence","93.08","",""
"12/01/2026 11:45:00 - 12/01/2026 12:00:00","BZN|NL","Without Sequence","95.98","",""
"12/01/2026 12:00:00 - 12/01/2026 12:15:00","BZN|NL","Without Sequence","89.75","",""
"12/01/2026 12:15:00 - 12/01/2026 12:30:00","BZN|NL","Without Sequence","94.43","",""
"12/01/2026 12:30:00 - 12/01/2026 12:45:00","BZN|NL","Without Sequence","94.65","",""
"12/01/2026 12:45:00 - 12/01/2026 13:00:00","BZN|NL","Without Sequence","89.12","",""
"12/01/2026 13:00:00 - 12/01/2026 13:15:00","BZN|NL","Without Sequence","86.90","",""
"12/01/2026 13:15:00 - 12/01/2026 13:30:00","BZN|NL","Without Sequence","94.95","",""
"12/01/2026 13:30:00 - 12/01/2026 13:45:00","BZN|NL","Without Sequence","98.34","",""
"12/01/2026 13:45:00 - 12/01/2026 14:00:00","BZN|NL","Without Sequence","95.69","",""
"12/01/2026 14:00:00 - 12/01/2026 14:15:00","BZN|NL","Without Sequence","84.48","",""
"12/01/2026 14:15:00 - 12/01/2026 14:30:00","BZN|NL","Without Sequence","86.44","",""
"12/01/2026 14:30:00 - 12/01/2026 14:45:00","BZN|NL","Without Sequence","87.99","",""
"12/01/2026 14:45:00 - 12/01/2026 15:00:00","BZN|NL","Without Sequence","91.22","",""
"12/01/2026 15:00:00 - 12/01/2026 15:15:00","BZN|NL","Without Sequence","85.87","",""
"12/01/2026 15:15:00 - 12/01/2026 15:30:00","BZN|NL","Without Sequence","94.91","",""
"12/01/2026 15:30:00 - 12/01/2026 15:45:00","BZN|NL","Without Sequence","92.32","",""
"12/01/2026 15:45:00 - 12/01/2026 16:00:00","BZN|NL","Without Sequence","94.90","",""
"12/01/2026 16:00:00 - 12/01/2026 16:15:00","BZN|NL","Without Sequence","104.00","",""
"12/01/2026 16:15:00 - 12/01/2026 16:30:00","BZN|NL","Without Sequence","98.40","",""
"12/01/2026 16:30:00 - 12/01/2026 16:45:00","BZN|NL","Without Sequence","105.95","",""
"12/01/2026 16:45:00 - 12/01/2026 17:00:00","BZN|NL","Without Sequence","103.46","",""
"12/01/2026 17:00:00 - 12/01/2026 17:15:00","BZN|NL","Without Sequence","115.54","",""
"12/01/2026 17:15:00 - 12/01/2026 17:30:00","BZN|NL","Without Sequence","109.83","",""
"12/01/2026 17:30:00 - 12/01/2026 17:45:00","BZN|NL","Without Sequence","104.00","",""
"12/01/2026 17:45:00 - 12/01/2026 18:00:00","BZN|NL","Without Sequence","114.34","",""
"12/01/2026 18:00:00 - 12/01/2026 18:15:00","BZN|NL","Without Sequence","103.24","",""
"12/01/2026 18:15:00 - 12/01/2026 18:30:00","BZN|NL","Without Sequence","103.46","",""
"12/01/2026 18:30:00 - 12/01/2026 18:45:00","BZN|NL","Without Sequence","102.54","",""
"12/01/2026 18:45:00 - 12/01/2026 19:00:00","BZN|NL","Without Sequence","97.60","",""
"12/01/2026 19:00:00 - 12/01/2026 19:15:00","BZN|NL","Without Sequence","102.82","",""
"12/01/2026 19:15:00 - 12/01/2026 19:30:00","BZN|NL","Without Sequence","94.73","",""
"12/01/2026 19:30:00 - 12/01/2026 19:45:00","BZN|NL","Without Sequence","90.19","",""
"12/01/2026 19:45:00 - 12/01/2026 20:00:00","BZN|NL","Without Sequence","86.97","",""
"12/01/2026 20:00:00 - 12/01/2026 20:15:00","BZN|NL","Without Sequence","96.56","",""
"12/01/2026 20:15:00 - 12/01/2026 20:30:00","BZN|NL","Without Sequence","91.02","",""
"12/01/2026 20:30:00 - 12/01/2026 20:45:00","BZN|NL","Without Sequence","87.81","",""
"12/01/2026 20:45:00 - 12/01/2026 21:00:00","BZN|NL","Without Sequence","90.83","",""
"12/01/2026 21:00:00 - 12/01/2026 21:15:00","BZN|NL","Without Sequence","92.37","",""
"12/01/2026 21:15:00 - 12/01/2026 21:30:00","BZN|NL","Without Sequence","89.91","",""
"12/01/2026 21:30:00 - 12/01/2026 21:45:00","BZN|NL","Without Sequence","88.63","",""
"12/01/2026 21:45:00 - 12/01/2026 22:00:00","BZN|NL","Without Sequence","89.08","",""
"12/01/2026 22:00:00 - 12/01/2026 22:15:00","BZN|NL","Without Sequence","88.93","",""
"12/01/2026 22:15:00 - 12/01/2026 22:30:00","BZN|NL","Without Sequence","85.52","",""
"12/01/2026 22:30:00 - 12/01/2026 22:45:00","BZN|NL","Without Sequence","83.50","",""
"12/01/2026 22:45:00 - 12/01/2026 23:00:00","BZN|NL","Without Sequence","80.40","",""
"12/01/2026 23:00:00 - 12/01/2026 23:15:00","BZN|NL","Without Sequence","82.12","",""
"12/01/2026 23:15:00 - 12/01/2026 23:30:00","BZN|NL","Without Sequence","79.74","",""
"12/01/2026 23:30:00 - 12/01/2026 23:45:00","BZN|NL","Without Sequence","77.94","",""
"12/01/2026 23:45:00 - 13/01/2026 00:00:00","BZN|NL","Without Sequence","76.60","",""
"13/01/2026 00:00:00 - 13/01/2026 00:15:00","BZN|NL","Without Sequence","82.31","",""
"13/01/2026 00:15:00 - 13/01/2026 00:30:00","BZN|NL","Without Sequence","80.28","",""
"13/01/2026 00:30:00 - 13/01/2026 00:45:00","BZN|NL","Without Sequence","80.12","",""
"13/01/2026 00:45:00 - 13/01/2026 01:00:00","BZN|NL","Without Sequence","78.42","",""
"13/01/2026 01:00:00 - 13/01/2026 01:15:00","BZN|NL","Without Sequence","81.25","",""
"13/01/2026 01:15:00 - 13/01/2026 01:30:00","BZN|NL","Without Sequence","79.97","",""
"13/01/2026 01:30:00 - 13/01/2026 01:45:00","BZN|NL","Without Sequence","80.23","",""
"13/01/2026 01:45:00 - 13/01/2026 02:00:00","BZN|NL","Without Sequence","80.55","",""
"13/01/2026 02:00:00 - 13/01/2026 02:15:00","BZN|NL","Without Sequence","79.68","",""
"13/01/2026 02:15:00 - 13/01/2026 02:30:00","BZN|NL","Without Sequence","79.67","",""
"13/01/2026 02:30:00 - 13/01/2026 02:45:00","BZN|NL","Without Sequence","79.54","",""
"13/01/2026 02:45:00 - 13/01/2026 03:00:00","BZN|NL","Without Sequence","79.32","",""
"13/01/2026 03:00:00 - 13/01/2026 03:15:00","BZN|NL","Without Sequence","81.38","",""
"13/01/2026 03:15:00 - 13/01/2026 03:30:00","BZN|NL","Without Sequence","80.01","",""
"13/01/2026 03:30:00 - 13/01/2026 03:45:00","BZN|NL","Without Sequence","80.55","",""
"13/01/2026 03:45:00 - 13/01/2026 04:00:00","BZN|NL","Without Sequence","82.67","",""
"13/01/2026 04:00:00 - 13/01/2026 04:15:00","BZN|NL","Without Sequence","79.68","",""
"13/01/2026 04:15:00 - 13/01/2026 04:30:00","BZN|NL","Without Sequence","80.47","",""
"13/01/2026 04:30:00 - 13/01/2026 04:45:00","BZN|NL","Without Sequence","83.31","",""
"13/01/2026 04:45:00 - 13/01/2026 05:00:00","BZN|NL","Without Sequence","86.60","",""
"13/01/2026 05:00:00 - 13/01/2026 05:15:00","BZN|NL","Without Sequence","84.53","",""
"13/01/2026 05:15:00 - 13/01/2026 05:30:00","BZN|NL","Without Sequence","91.84","",""
"13/01/2026 05:30:00 - 13/01/2026 05:45:00","BZN|NL","Without Sequence","86.70","",""
"13/01/2026 05:45:00 - 13/01/2026 06:00:00","BZN|NL","Without Sequence","96.93","",""
"13/01/2026 06:00:00 - 13/01/2026 06:15:00","BZN|NL","Without Sequence","77.45","",""
"13/01/2026 06:15:00 - 13/01/2026 06:30:00","BZN|NL","Without Sequence","88.47","",""
"13/01/2026 06:30:00 - 13/01/2026 06:45:00","BZN|NL","Without Sequence","112.10","",""
"13/01/2026 06:45:00 - 13/01/2026 07:00:00","BZN|NL","Without Sequence","118.42","",""
"13/01/2026 07:00:00 - 13/01/2026 07:15:00","BZN|NL","Without Sequence","119.29","",""
"13/01/2026 07:15:00 - 13/01/2026 07:30:00","BZN|NL","Without Sequence","115.44","",""
"13/01/2026 07:30:00 - 13/01/2026 07:45:00","BZN|NL","Without Sequence","123.49","",""
"13/01/2026 07:45:00 - 13/01/2026 08:00:00","BZN|NL","Without Sequence","117.91","",""
"13/01/2026 08:00:00 - 13/01/2026 08:15:00","BZN|NL","Without Sequence","140.94","",""
"13/01/2026 08:15:00 - 13/01/2026 08:30:00","BZN|NL","Without Sequence","132.21","",""
"13/01/2026 08:30:00 - 13/01/2026 08:45:00","BZN|NL","Without Sequence","125.71","",""
"13/01/2026 08:45:00 - 13/01/2026 09:00:00","BZN|NL","Without Sequence","122.67","",""
"13/01/2026 09:00:00 - 13/01/2026 09:15:00","BZN|NL","Without Sequence","139.02","",""
"13/01/2026 09:15:00 - 13/01/2026 09:30:00","BZN|NL","Without Sequence","132.83","",""
"13/01/2026 09:30:00 - 13/01/2026 09:45:00","BZN|NL","Without Sequence","124.18","",""
"13/01/2026 09:45:00 - 13/01/2026 10:00:00","BZN|NL","Without Sequence","117.84","",""
"13/01/2026 10:00:00 - 13/01/2026 10:15:00","BZN|NL","Without Sequence","122.64","",""
"13/01/2026 10:15:00 - 13/01/2026 10:30:00","BZN|NL","Without Sequence","122.85","",""
"13/01/2026 10:30:00 - 13/01/2026 10:45:00","BZN|NL","Without Sequence","122.53","",""
"13/01/2026 10:45:00 - 13/01/2026 11:00:00","BZN|NL","Without Sequence","116.50","",""
"13/01/2026 11:00:00 - 13/01/2026 11:15:00","BZN|NL","Without Sequence","117.19","",""
"13/01/2026 11:15:00 - 13/01/2026 11:30:00","BZN|NL","Without Sequence","113.60","",""
"13/01/2026 11:30:00 - 13/01/2026 11:45:00","BZN|NL","Without Sequence","111.83","",""
"13/01/2026 11:45:00 - 13/01/2026 12:00:00","BZN|NL","Without Sequence","112.74","",""
"13/01/2026 12:00:00 - 13/01/2026 12:15:00","BZN|NL","Without Sequence","113.76","",""
"13/01/2026 12:15:00 - 13/01/2026 12:30:00","BZN|NL","Without Sequence","112.66","",""
"13/01/2026 12:30:00 - 13/01/2026 12:45:00","BZN|NL","Without Sequence","109.41","",""
"13/01/2026 12:45:00 - 13/01/2026 13:00:00","BZN|NL","Without Sequence","107.06","",""
"13/01/2026 13:00:00 - 13/01/2026 13:15:00","BZN|NL","Without Sequence","104.17","",""
"13/01/2026 13:15:00 - 13/01/2026 13:30:00","BZN|NL","Without Sequence","104.21","",""
"13/01/2026 13:30:00 - 13/01/2026 13:45:00","BZN|NL","Without Sequence","105.20","",""
"13/01/2026 13:45:00 - 13/01/2026 14:00:00","BZN|NL","Without Sequence","109.85","",""
"13/01/2026 14:00:00 - 13/01/2026 14:15:00","BZN|NL","Without Sequence","95.46","",""
"13/01/2026 14:15:00 - 13/01/2026 14:30:00","BZN|NL","Without Sequence","100.57","",""
"13/01/2026 14:30:00 - 13/01/2026 14:45:00","BZN|NL","Without Sequence","105.64","",""
"13/01/2026 14:45:00 - 13/01/2026 15:00:00","BZN|NL","Without Sequence","105.64","",""
"13/01/2026 15:00:00 - 13/01/2026 15:15:00","BZN|NL","Without Sequence","102.14","",""
"13/01/2026 15:15:00 - 13/01/2026 15:30:00","BZN|NL","Without Sequence","108.41","",""
"13/01/2026 15:30:00 - 13/01/2026 15:45:00","BZN|NL","Without Sequence","109.05","",""
"13/01/2026 15:45:00 - 13/01/2026 16:00:00","BZN|NL","Without Sequence","114.40","",""
"13/01/2026 16:00:00 - 13/01/2026 16:15:00","BZN|NL","Without Sequence","107.95","",""
"13/01/2026 16:15:00 - 13/01/2026 16:30:00","BZN|NL","Without Sequence","107.56","",""
"13/01/2026 16:30:00 - 13/01/2026 16:45:00","BZN|NL","Without Sequence","108.34","",""
"13/01/2026 16:45:00 - 13/01/2026 17:00:00","BZN|NL","Without Sequence","106.79","",""
"13/01/2026 17:00:00 - 13/01/2026 17:15:00","BZN|NL","Without Sequence","107.69","",""
"13/01/2026 17:15:00 - 13/01/2026 17:30:00","BZN|NL","Without Sequence","99.43","",""
"13/01/2026 17:30:00 - 13/01/2026 17:45:00","BZN|NL","Without Sequence","95.01","",""
"13/01/2026 17:45:00 - 13/01/2026 18:00:00","BZN|NL","Without Sequence","89.46","",""
"13/01/2026 18:00:00 - 13/01/2026 18:15:00","BZN|NL","Without Sequence","103.38","",""
"13/01/2026 18:15:00 - 13/01/2026 18:30:00","BZN|NL","Without Sequence","92.73","",""
"13/01/2026 18:30:00 - 13/01/2026 18:45:00","BZN|NL","Without Sequence","85.06","",""
"13/01/2026 18:45:00 - 13/01/2026 19:00:00","BZN|NL","Without Sequence","80.00","",""
"13/01/2026 19:00:00 - 13/01/2026 19:15:00","BZN|NL","Without Sequence","94.79","",""
"13/01/2026 19:15:00 - 13/01/2026 19:30:00","BZN|NL","Without Sequence","83.80","",""
"13/01/2026 19:30:00 - 13/01/2026 19:45:00","BZN|NL","Without Sequence","87.01","",""
"13/01/2026 19:45:00 - 13/01/2026 20:00:00","BZN|NL","Without Sequence","85.01","",""
"13/01/2026 20:00:00 - 13/01/2026 20:15:00","BZN|NL","Without Sequence","91.90","",""
"13/01/2026 20:15:00 - 13/01/2026 20:30:00","BZN|NL","Without Sequence","93.87","",""
"13/01/2026 20:30:00 - 13/01/2026 20:45:00","BZN|NL","Without Sequence","87.51","",""
"13/01/2026 20:45:00 - 13/01/2026 21:00:00","BZN|NL","Without Sequence","83.29","",""
"13/01/2026 21:00:00 - 13/01/2026 21:15:00","BZN|NL","Without Sequence","91.18","",""
"13/01/2026 21:15:00 - 13/01/2026 21:30:00","BZN|NL","Without Sequence","88.75","",""
"13/01/2026 21:30:00 - 13/01/2026 21:45:00","BZN|NL","Without Sequence","90.43","",""
"13/01/2026 21:45:00 - 13/01/2026 22:00:00","BZN|NL","Without Sequence","86.82","",""
"13/01/2026 22:00:00 - 13/01/2026 22:15:00","BZN|NL","Without Sequence","91.87","",""
"13/01/2026 22:15:00 - 13/01/2026 22:30:00","BZN|NL","Without Sequence","83.83","",""
"13/01/2026 22:30:00 - 13/01/2026 22:45:00","BZN|NL","Without Sequence","79.91","",""
"13/01/2026 22:45:00 - 13/01/2026 23:00:00","BZN|NL","Without Sequence","74.01","",""
"13/01/2026 23:00:00 - 13/01/2026 23:15:00","BZN|NL","Without Sequence","89.40","",""
"13/01/2026 23:15:00 - 13/01/2026 23:30:00","BZN|NL","Without Sequence","87.32","",""
"13/01/2026 23:30:00 - 13/01/2026 23:45:00","BZN|NL","Without Sequence","82.96","",""
"13/01/2026 23:45:00 - 14/01/2026 00:00:00","BZN|NL","Without Sequence","82.57","",""
"14/01/2026 00:00:00 - 14/01/2026 00:15:00","BZN|NL","Without Sequence","84.93","",""
"14/01/2026 00:15:00 - 14/01/2026 00:30:00","BZN|NL","Without Sequence","83.92","",""
"14/01/2026 00:30:00 - 14/01/2026 00:45:00","BZN|NL","Without Sequence","84.53","",""
"14/01/2026 00:45:00 - 14/01/2026 01:00:00","BZN|NL","Without Sequence","83.80","",""
"14/01/2026 01:00:00 - 14/01/2026 01:15:00","BZN|NL","Without Sequence","86.48","",""
"14/01/2026 01:15:00 - 14/01/2026 01:30:00","BZN|NL","Without Sequence","85.85","",""
"14/01/2026 01:30:00 - 14/01/2026 01:45:00","BZN|NL","Without Sequence","85.90","",""
"14/01/2026 01:45:00 - 14/01/2026 02:00:00","BZN|NL","Without Sequence","85.30","",""
"14/01/2026 02:00:00 - 14/01/2026 02:15:00","BZN|NL","Without Sequence","86.01","",""
"14/01/2026 02:15:00 - 14/01/2026 02:30:00","BZN|NL","Without Sequence","86.29","",""
"14/01/2026 02:30:00 - 14/01/2026 02:45:00","BZN|NL","Without Sequence","86.15","",""
"14/01/2026 02:45:00 - 14/01/2026 03:00:00","BZN|NL","Without Sequence","86.23","",""
"14/01/2026 03:00:00 - 14/01/2026 03:15:00","BZN|NL","Without Sequence","85.47","",""
"14/01/2026 03:15:00 - 14/01/2026 03:30:00","BZN|NL","Without Sequence","86.50","",""
"14/01/2026 03:30:00 - 14/01/2026 03:45:00","BZN|NL","Without Sequence","88.24","",""
"14/01/2026 03:45:00 - 14/01/2026 04:00:00","BZN|NL","Without Sequence","90.37","",""
"14/01/2026 04:00:00 - 14/01/2026 04:15:00","BZN|NL","Without Sequence","89.67","",""
"14/01/2026 04:15:00 - 14/01/2026 04:30:00","BZN|NL","Without Sequence","89.77","",""
"14/01/2026 04:30:00 - 14/01/2026 04:45:00","BZN|NL","Without Sequence","89.62","",""
"14/01/2026 04:45:00 - 14/01/2026 05:00:00","BZN|NL","Without Sequence","89.56","",""
"14/01/2026 05:00:00 - 14/01/2026 05:15:00","BZN|NL","Without Sequence","87.57","",""
"14/01/2026 05:15:00 - 14/01/2026 05:30:00","BZN|NL","Without Sequence","93.40","",""
"14/01/2026 05:30:00 - 14/01/2026 05:45:00","BZN|NL","Without Sequence","94.99","",""
"14/01/2026 05:45:00 - 14/01/2026 06:00:00","BZN|NL","Without Sequence","96.90","",""
"14/01/2026 06:00:00 - 14/01/2026 06:15:00","BZN|NL","Without Sequence","95.59","",""
"14/01/2026 06:15:00 - 14/01/2026 06:30:00","BZN|NL","Without Sequence","100.10","",""
"14/01/2026 06:30:00 - 14/01/2026 06:45:00","BZN|NL","Without Sequence","104.19","",""
"14/01/2026 06:45:00 - 14/01/2026 07:00:00","BZN|NL","Without Sequence","118.72","",""
"14/01/2026 07:00:00 - 14/01/2026 07:15:00","BZN|NL","Without Sequence","120.07","",""
"14/01/2026 07:15:00 - 14/01/2026 07:30:00","BZN|NL","Without Sequence","129.69","",""
"14/01/2026 07:30:00 - 14/01/2026 07:45:00","BZN|NL","Without Sequence","130.56","",""
"14/01/2026 07:45:00 - 14/01/2026 08:00:00","BZN|NL","Without Sequence","131.16","",""
"14/01/2026 08:00:00 - 14/01/2026 08:15:00","BZN|NL","Without Sequence","141.30","",""
"14/01/2026 08:15:00 - 14/01/2026 08:30:00","BZN|NL","Without Sequence","135.72","",""
"14/01/2026 08:30:00 - 14/01/2026 08:45:00","BZN|NL","Without Sequence","126.63","",""
"14/01/2026 08:45:00 - 14/01/2026 09:00:00","BZN|NL","Without Sequence","117.52","",""
"14/01/2026 09:00:00 - 14/01/2026 09:15:00","BZN|NL","Without Sequence","123.55","",""
"14/01/2026 09:15:00 - 14/01/2026 09:30:00","BZN|NL","Without Sequence","116.13","",""
"14/01/2026 09:30:00 - 14/01/2026 09:45:00","BZN|NL","Without Sequence","110.92","",""
"14/01/2026 09:45:00 - 14/01/2026 10:00:00","BZN|NL","Without Sequence","108.92","",""
"14/01/2026 10:00:00 - 14/01/2026 10:15:00","BZN|NL","Without Sequence","110.08","",""
"14/01/2026 10:15:00 - 14/01/2026 10:30:00","BZN|NL","Without Sequence","106.77","",""
"14/01/2026 10:30:00 - 14/01/2026 10:45:00","BZN|NL","Without Sequence","99.07","",""
"14/01/2026 10:45:00 - 14/01/2026 11:00:00","BZN|NL","Without Sequence","97.40","",""
"14/01/2026 11:00:00 - 14/01/2026 11:15:00","BZN|NL","Without Sequence","98.19","",""
"14/01/2026 11:15:00 - 14/01/2026 11:30:00","BZN|NL","Without Sequence","96.50","",""
"14/01/2026 11:30:00 - 14/01/2026 11:45:00","BZN|NL","Without Sequence","97.20","",""
"14/01/2026 11:45:00 - 14/01/2026 12:00:00","BZN|NL","Without Sequence","100.10","",""
"14/01/2026 12:00:00 - 14/01/2026 12:15:00","BZN|NL","Without Sequence","98.41","",""
"14/01/2026 12:15:00 - 14/01/2026 12:30:00","BZN|NL","Without Sequence","98.68","",""
"14/01/2026 12:30:00 - 14/01/2026 12:45:00","BZN|NL","Without Sequence","99.88","",""
"14/01/2026 12:45:00 - 14/01/2026 13:00:00","BZN|NL","Without Sequence","104.16","",""
"14/01/2026 13:00:00 - 14/01/2026 13:15:00","BZN|NL","Without Sequence","100.21","",""
"14/01/2026 13:15:00 - 14/01/2026 13:30:00","BZN|NL","Without Sequence","106.61","",""
"14/01/2026 13:30:00 - 14/01/2026 13:45:00","BZN|NL","Without Sequence","119.99","",""
"14/01/2026 13:45:00 - 14/01/2026 14:00:00","BZN|NL","Without Sequence","130.05","",""
"14/01/2026 14:00:00 - 14/01/2026 14:15:00","BZN|NL","Without Sequence","116.98","",""
"14/01/2026 14:15:00 - 14/01/2026 14:30:00","BZN|NL","Without Sequence","125.75","",""
"14/01/2026 14:30:00 - 14/01/2026 14:45:00","BZN|NL","Without Sequence","153.48","",""
"14/01/2026 14:45:00 - 14/01/2026 15:00:00","BZN|NL","Without Sequence","157.11","",""
"14/01/2026 15:00:00 - 14/01/2026 15:15:00","BZN|NL","Without Sequence","109.53","",""
"14/01/2026 15:15:00 - 14/01/2026 15:30:00","BZN|NL","Without Sequence","128.44","",""
"14/01/2026 15:30:00 - 14/01/2026 15:45:00","BZN|NL","Without Sequence","153.40","",""
"14/01/2026 15:45:00 - 14/01/2026 16:00:00","BZN|NL","Without Sequence","200.04","",""
"14/01/2026 16:00:00 - 14/01/2026 16:15:00","BZN|NL","Without Sequence","159.67","",""
"14/01/2026 16:15:00 - 14/01/2026 16:30:00","BZN|NL","Without Sequence","195.37","",""
"14/01/2026 16:30:00 - 14/01/2026 16:45:00","BZN|NL","Without Sequence","215.04","",""
"14/01/2026 16:45:00 - 14/01/2026 17:00:00","BZN|NL","Without Sequence","202.74","",""
"14/01/2026 17:00:00 - 14/01/2026 17:15:00","BZN|NL","Without Sequence","185.89","",""
"14/01/2026 17:15:00 - 14/01/2026 17:30:00","BZN|NL","Without Sequence","179.24","",""
"14/01/2026 17:30:00 - 14/01/2026 17:45:00","BZN|NL","Without Sequence","176.06","",""
"14/01/2026 17:45:00 - 14/01/2026 18:00:00","BZN|NL","Without Sequence","182.64","",""
"14/01/2026 18:00:00 - 14/01/2026 18:15:00","BZN|NL","Without Sequence","187.20","",""
"14/01/2026 18:15:00 - 14/01/2026 18:30:00","BZN|NL","Without Sequence","161.01","",""
"14/01/2026 18:30:00 - 14/01/2026 18:45:00","BZN|NL","Without Sequence","147.38","",""
"14/01/2026 18:45:00 - 14/01/2026 19:00:00","BZN|NL","Without Sequence","136.69","",""
"14/01/2026 19:00:00 - 14/01/2026 19:15:00","BZN|NL","Without Sequence","148.61","",""
"14/01/2026 19:15:00 - 14/01/2026 19:30:00","BZN|NL","Without Sequence","132.55","",""
"14/01/2026 19:30:00 - 14/01/2026 19:45:00","BZN|NL","Without Sequence","126.76","",""
"14/01/2026 19:45:00 - 14/01/2026 20:00:00","BZN|NL","Without Sequence","110.44","",""
"14/01/2026 20:00:00 - 14/01/2026 20:15:00","BZN|NL","Without Sequence","107.97","",""
"14/01/2026 20:15:00 - 14/01/2026 20:30:00","BZN|NL","Without Sequence","101.91","",""
"14/01/2026 20:30:00 - 14/01/2026 20:45:00","BZN|NL","Without Sequence","98.94","",""
"14/01/2026 20:45:00 - 14/01/2026 21:00:00","BZN|NL","Without Sequence","90.38","",""
"14/01/2026 21:00:00 - 14/01/2026 21:15:00","BZN|NL","Without Sequence","99.43","",""
"14/01/2026 21:15:00 - 14/01/2026 21:30:00","BZN|NL","Without Sequence","96.87","",""
"14/01/2026 21:30:00 - 14/01/2026 21:45:00","BZN|NL","Without Sequence","87.89","",""
"14/01/2026 21:45:00 - 14/01/2026 22:00:00","BZN|NL","Without Sequence","85.44","",""
"14/01/2026 22:00:00 - 14/01/2026 22:15:00","BZN|NL","Without Sequence","97.34","",""
"14/01/2026 22:15:00 - 14/01/2026 22:30:00","BZN|NL","Without Sequence","91.08","",""
"14/01/2026 22:30:00 - 14/01/2026 22:45:00","BZN|NL","Without Sequence","91.95","",""
"14/01/2026 22:45:00 - 14/01/2026 23:00:00","BZN|NL","Without Sequence","87.63","",""
"14/01/2026 23:00:00 - 14/01/2026 23:15:00","BZN|NL","Without Sequence","106.20","",""
"14/01/2026 23:15:00 - 14/01/2026 23:30:00","BZN|NL","Without Sequence","99.58","",""
"14/01/2026 23:30:00 - 14/01/2026 23:45:00","BZN|NL","Without Sequence","93.49","",""
"14/01/2026 23:45:00 - 15/01/2026 00:00:00","BZN|NL","Without Sequence","92.50","",""
"15/01/2026 00:00:00 - 15/01/2026 00:15:00","BZN|NL","Without Sequence","97.36","",""
"15/01/2026 00:15:00 - 15/01/2026 00:30:00","BZN|NL","Without Sequence","94.64","",""
"15/01/2026 00:30:00 - 15/01/2026 00:45:00","BZN|NL","Without Sequence","91.22","",""
"15/01/2026 00:45:00 - 15/01/2026 01:00:00","BZN|NL","Without Sequence","88.68","",""
"15/01/2026 01:00:00 - 15/01/2026 01:15:00","BZN|NL","Without Sequence","93.06","",""
"15/01/2026 01:15:00 - 15/01/2026 01:30:00","BZN|NL","Without Sequence","88.25","",""
"15/01/2026 01:30:00 - 15/01/2026 01:45:00","BZN|NL","Without Sequence","85.51","",""
"15/01/2026 01:45:00 - 15/01/2026 02:00:00","BZN|NL","Without Sequence","84.91","",""
"15/01/2026 02:00:00 - 15/01/2026 02:15:00","BZN|NL","Without Sequence","85.00","",""
"15/01/2026 02:15:00 - 15/01/2026 02:30:00","BZN|NL","Without Sequence","83.69","",""
"15/01/2026 02:30:00 - 15/01/2026 02:45:00","BZN|NL","Without Sequence","82.42","",""
"15/01/2026 02:45:00 - 15/01/2026 03:00:00","BZN|NL","Without Sequence","80.05","",""
"15/01/2026 03:00:00 - 15/01/2026 03:15:00","BZN|NL","Without Sequence","80.11","",""
"15/01/2026 03:15:00 - 15/01/2026 03:30:00","BZN|NL","Without Sequence","79.93","",""
"15/01/2026 03:30:00 - 15/01/2026 03:45:00","BZN|NL","Without Sequence","80.23","",""
"15/01/2026 03:45:00 - 15/01/2026 04:00:00","BZN|NL","Without Sequence","81.69","",""
"15/01/2026 04:00:00 - 15/01/2026 04:15:00","BZN|NL","Without Sequence","79.62","",""
"15/01/2026 04:15:00 - 15/01/2026 04:30:00","BZN|NL","Without Sequence","79.79","",""
"15/01/2026 04:30:00 - 15/01/2026 04:45:00","BZN|NL","Without Sequence","81.13","",""
"15/01/2026 04:45:00 - 15/01/2026 05:00:00","BZN|NL","Without Sequence","84.20","",""
"15/01/2026 05:00:00 - 15/01/2026 05:15:00","BZN|NL","Without Sequence","86.12","",""
"15/01/2026 05:15:00 - 15/01/2026 05:30:00","BZN|NL","Without Sequence","89.75","",""
"15/01/2026 05:30:00 - 15/01/2026 05:45:00","BZN|NL","Without Sequence","90.98","",""
"15/01/2026 05:45:00 - 15/01/2026 06:00:00","BZN|NL","Without Sequence","92.48","",""
"15/01/2026 06:00:00 - 15/01/2026 06:15:00","BZN|NL","Without Sequence","92.74","",""
"15/01/2026 06:15:00 - 15/01/2026 06:30:00","BZN|NL","Without Sequence","95.49","",""
"15/01/2026 06:30:00 - 15/01/2026 06:45:00","BZN|NL","Without Sequence","98.20","",""
"15/01/2026 06:45:00 - 15/01/2026 07:00:00","BZN|NL","Without Sequence","99.74","",""
"15/01/2026 07:00:00 - 15/01/2026 07:15:00","BZN|NL","Without Sequence","95.04","",""
"15/01/2026 07:15:00 - 15/01/2026 07:30:00","BZN|NL","Without Sequence","96.59","",""
"15/01/2026 07:30:00 - 15/01/2026 07:45:00","BZN|NL","Without Sequence","96.54","",""
"15/01/2026 07:45:00 - 15/01/2026 08:00:00","BZN|NL","Without Sequence","95.82","",""
"15/01/2026 08:00:00 - 15/01/2026 08:15:00","BZN|NL","Without Sequence","106.47","",""
"15/01/2026 08:15:00 - 15/01/2026 08:30:00","BZN|NL","Without Sequence","102.82","",""
"15/01/2026 08:30:00 - 15/01/2026 08:45:00","BZN|NL","Without Sequence","99.68","",""
"15/01/2026 08:45:00 - 15/01/2026 09:00:00","BZN|NL","Without Sequence","96.00","",""
"15/01/2026 09:00:00 - 15/01/2026 09:15:00","BZN|NL","Without Sequence","105.71","",""
"15/01/2026 09:15:00 - 15/01/2026 09:30:00","BZN|NL","Without Sequence","100.37","",""
"15/01/2026 09:30:00 - 15/01/2026 09:45:00","BZN|NL","Without Sequence","96.15","",""
"15/01/2026 09:45:00 - 15/01/2026 10:00:00","BZN|NL","Without Sequence","90.10","",""
"15/01/2026 10:00:00 - 15/01/2026 10:15:00","BZN|NL","Without Sequence","99.74","",""
"15/01/2026 10:15:00 - 15/01/2026 10:30:00","BZN|NL","Without Sequence","96.23","",""
"15/01/2026 10:30:00 - 15/01/2026 10:45:00","BZN|NL","Without Sequence","94.11","",""
"15/01/2026 10:45:00 - 15/01/2026 11:00:00","BZN|NL","Without Sequence","92.63","",""
"15/01/2026 11:00:00 - 15/01/2026 11:15:00","BZN|NL","Without Sequence","95.49","",""
"15/01/2026 11:15:00 - 15/01/2026 11:30:00","BZN|NL","Without Sequence","92.96","",""
"15/01/2026 11:30:00 - 15/01/2026 11:45:00","BZN|NL","Without Sequence","93.04","",""
"15/01/2026 11:45:00 - 15/01/2026 12:00:00","BZN|NL","Without Sequence","94.92","",""
"15/01/2026 12:00:00 - 15/01/2026 12:15:00","BZN|NL","Without Sequence","95.71","",""
"15/01/2026 12:15:00 - 15/01/2026 12:30:00","BZN|NL","Without Sequence","96.98","",""
"15/01/2026 12:30:00 - 15/01/2026 12:45:00","BZN|NL","Without Sequence","98.32","",""
"15/01/2026 12:45:00 - 15/01/2026 13:00:00","BZN|NL","Without Sequence","98.86","",""
"15/01/2026 13:00:00 - 15/01/2026 13:15:00","BZN|NL","Without Sequence","98.37","",""
"15/01/2026 13:15:00 - 15/01/2026 13:30:00","BZN|NL","Without Sequence","101.72","",""
"15/01/2026 13:30:00 - 15/01/2026 13:45:00","BZN|NL","Without Sequence","100.96","",""
"15/01/2026 13:45:00 - 15/01/2026 14:00:00","BZN|NL","Without Sequence","107.98","",""
"15/01/2026 14:00:00 - 15/01/2026 14:15:00","BZN|NL","Without Sequence","99.90","",""
"15/01/2026 14:15:00 - 15/01/2026 14:30:00","BZN|NL","Without Sequence","114.78","",""
"15/01/2026 14:30:00 - 15/01/2026 14:45:00","BZN|NL","Without Sequence","119.87","",""
"15/01/2026 14:45:00 - 15/01/2026 15:00:00","BZN|NL","Without Sequence","135.10","",""
"15/01/2026 15:00:00 - 15/01/2026 15:15:00","BZN|NL","Without Sequence","119.78","",""
"15/01/2026 15:15:00 - 15/01/2026 15:30:00","BZN|NL","Without Sequence","130.73","",""
"15/01/2026 15:30:00 - 15/01/2026 15:45:00","BZN|NL","Without Sequence","133.75","",""
"15/01/2026 15:45:00 - 15/01/2026 16:00:00","BZN|NL","Without Sequence","137.68","",""
"15/01/2026 16:00:00 - 15/01/2026 16:15:00","BZN|NL","Without Sequence","142.57","",""
"15/01/2026 16:15:00 - 15/01/2026 16:30:00","BZN|NL","Without Sequence","144.03","",""
"15/01/2026 16:30:00 - 15/01/2026 16:45:00","BZN|NL","Without Sequence","137.22","",""
"15/01/2026 16:45:00 - 15/01/2026 17:00:00","BZN|NL","Without Sequence","127.46","",""
"15/01/2026 17:00:00 - 15/01/2026 17:15:00","BZN|NL","Without Sequence","124.53","",""
"15/01/2026 17:15:00 - 15/01/2026 17:30:00","BZN|NL","Without Sequence","109.25","",""
"15/01/2026 17:30:00 - 15/01/2026 17:45:00","BZN|NL","Without Sequence","108.07","",""
"15/01/2026 17:45:00 - 15/01/2026 18:00:00","BZN|NL","Without Sequence","98.26","",""
"15/01/2026 18:00:00 - 15/01/2026 18:15:00","BZN|NL","Without Sequence","102.96","",""
"15/01/2026 18:15:00 - 15/01/2026 18:30:00","BZN|NL","Without Sequence","96.83","",""
"15/01/2026 18:30:00 - 15/01/2026 18:45:00","BZN|NL","Without Sequence","97.64","",""
"15/01/2026 18:45:00 - 15/01/2026 19:00:00","BZN|NL","Without Sequence","98.56","",""
"15/01/2026 19:00:00 - 15/01/2026 19:15:00","BZN|NL","Without Sequence","93.73","",""
"15/01/2026 19:15:00 - 15/01/2026 19:30:00","BZN|NL","Without Sequence","95.92","",""
"15/01/2026 19:30:00 - 15/01/2026 19:45:00","BZN|NL","Without Sequence","94.11","",""
"15/01/2026 19:45:00 - 15/01/2026 20:00:00","BZN|NL","Without Sequence","91.26","",""
"15/01/2026 20:00:00 - 15/01/2026 20:15:00","BZN|NL","Without Sequence","90.08","",""
"15/01/2026 20:15:00 - 15/01/2026 20:30:00","BZN|NL","Without Sequence","89.93","",""
"15/01/2026 20:30:00 - 15/01/2026 20:45:00","BZN|NL","Without Sequence","90.08","",""
"15/01/2026 20:45:00 - 15/01/2026 21:00:00","BZN|NL","Without Sequence","90.05","",""
"15/01/2026 21:00:00 - 15/01/2026 21:15:00","BZN|NL","Without Sequence","93.67","",""
"15/01/2026 21:15:00 - 15/01/2026 21:30:00","BZN|NL","Without Sequence","88.62","",""
"15/01/2026 21:30:00 - 15/01/2026 21:45:00","BZN|NL","Without Sequence","87.74","",""
"15/01/2026 21:45:00 - 15/01/2026 22:00:00","BZN|NL","Without Sequence","82.72","",""
"15/01/2026 22:00:00 - 15/01/2026 22:15:00","BZN|NL","Without Sequence","90.00","",""
"15/01/2026 22:15:00 - 15/01/2026 22:30:00","BZN|NL","Without Sequence","84.12","",""
"15/01/2026 22:30:00 - 15/01/2026 22:45:00","BZN|NL","Without Sequence","81.90","",""
"15/01/2026 22:45:00 - 15/01/2026 23:00:00","BZN|NL","Without Sequence","68.60","",""
"15/01/2026 23:00:00 - 15/01/2026 23:15:00","BZN|NL","Without Sequence","89.62","",""
"15/01/2026 23:15:00 - 15/01/2026 23:30:00","BZN|NL","Without Sequence","83.37","",""
"15/01/2026 23:30:00 - 15/01/2026 23:45:00","BZN|NL","Without Sequence","76.33","",""
"15/01/2026 23:45:00 - 16/01/2026 00:00:00","BZN|NL","Without Sequence","74.50","",""
"16/01/2026 00:00:00 - 16/01/2026 00:15:00","BZN|NL","Without Sequence","78.99","",""
"16/01/2026 00:15:00 - 16/01/2026 00:30:00","BZN|NL","Without Sequence","75.16","",""
"16/01/2026 00:30:00 - 16/01/2026 00:45:00","BZN|NL","Without Sequence","74.20","",""
"16/01/2026 00:45:00 - 16/01/2026 01:00:00","BZN|NL","Without Sequence","71.65","",""
"16/01/2026 01:00:00 - 16/01/2026 01:15:00","BZN|NL","Without Sequence","72.74","",""
"16/01/2026 01:15:00 - 16/01/2026 01:30:00","BZN|NL","Without Sequence","72.07","",""
"16/01/2026 01:30:00 - 16/01/2026 01:45:00","BZN|NL","Without Sequence","69.10","",""
"16/01/2026 01:45:00 - 16/01/2026 02:00:00","BZN|NL","Without Sequence","68.17","",""
"16/01/2026 02:00:00 - 16/01/2026 02:15:00","BZN|NL","Without Sequence","67.46","",""
"16/01/2026 02:15:00 - 16/01/2026 02:30:00","BZN|NL","Without Sequence","66.76","",""
"16/01/2026 02:30:00 - 16/01/2026 02:45:00","BZN|NL","Without Sequence","67.11","",""
"16/01/2026 02:45:00 - 16/01/2026 03:00:00","BZN|NL","Without Sequence","67.59","",""
"16/01/2026 03:00:00 - 16/01/2026 03:15:00","BZN|NL","Without Sequence","68.91","",""
"16/01/2026 03:15:00 - 16/01/2026 03:30:00","BZN|NL","Without Sequence","69.07","",""
"16/01/2026 03:30:00 - 16/01/2026 03:45:00","BZN|NL","Without Sequence","71.35","",""
"16/01/2026 03:45:00 - 16/01/2026 04:00:00","BZN|NL","Without Sequence","73.90","",""
"16/01/2026 04:00:00 - 16/01/2026 04:15:00","BZN|NL","Without Sequence","73.86","",""
"16/01/2026 04:15:00 - 16/01/2026 04:30:00","BZN|NL","Without Sequence","79.24","",""
"16/01/2026 04:30:00 - 16/01/2026 04:45:00","BZN|NL","Without Sequence","81.92","",""
"16/01/2026 04:45:00 - 16/01/2026 05:00:00","BZN|NL","Without Sequence","89.93","",""
"16/01/2026 05:00:00 - 16/01/2026 05:15:00","BZN|NL","Without Sequence","82.21","",""
"16/01/2026 05:15:00 - 16/01/2026 05:30:00","BZN|NL","Without Sequence","88.04","",""
"16/01/2026 05:30:00 - 16/01/2026 05:45:00","BZN|NL","Without Sequence","93.48","",""
"16/01/2026 05:45:00 - 16/01/2026 06:00:00","BZN|NL","Without Sequence","99.16","",""
"16/01/2026 06:00:00 - 16/01/2026 06:15:00","BZN|NL","Without Sequence","94.39","",""
"16/01/2026 06:15:00 - 16/01/2026 06:30:00","BZN|NL","Without Sequence","99.09","",""
"16/01/2026 06:30:00 - 16/01/2026 06:45:00","BZN|NL","Without Sequence","96.50","",""
"16/01/2026 06:45:00 - 16/01/2026 07:00:00","BZN|NL","Without Sequence","104.42","",""
"16/01/2026 07:00:00 - 16/01/2026 07:15:00","BZN|NL","Without Sequence","103.25","",""
"16/01/2026 07:15:00 - 16/01/2026 07:30:00","BZN|NL","Without Sequence","106.62","",""
"16/01/2026 07:30:00 - 16/01/2026 07:45:00","BZN|NL","Without Sequence","105.73","",""
"16/01/2026 07:45:00 - 16/01/2026 08:00:00","BZN|NL","Without Sequence","105.20","",""
"16/01/2026 08:00:00 - 16/01/2026 08:15:00","BZN|NL","Without Sequence","119.03","",""
"16/01/2026 08:15:00 - 16/01/2026 08:30:00","BZN|NL","Without Sequence","116.29","",""
"16/01/2026 08:30:00 - 16/01/2026 08:45:00","BZN|NL","Without Sequence","112.36","",""
"16/01/2026 08:45:00 - 16/01/2026 09:00:00","BZN|NL","Without Sequence","106.09","",""
"16/01/2026 09:00:00 - 16/01/2026 09:15:00","BZN|NL","Without Sequence","116.07","",""
"16/01/2026 09:15:00 - 16/01/2026 09:30:00","BZN|NL","Without Sequence","103.80","",""
"16/01/2026 09:30:00 - 16/01/2026 09:45:00","BZN|NL","Without Sequence","99.60","",""
"16/01/2026 09:45:00 - 16/01/2026 10:00:00","BZN|NL","Without Sequence","97.29","",""
"16/01/2026 10:00:00 - 16/01/2026 10:15:00","BZN|NL","Without Sequence","95.47","",""
"16/01/2026 10:15:00 - 16/01/2026 10:30:00","BZN|NL","Without Sequence","92.03","",""
"16/01/2026 10:30:00 - 16/01/2026 10:45:00","BZN|NL","Without Sequence","91.89","",""
"16/01/2026 10:45:00 - 16/01/2026 11:00:00","BZN|NL","Without Sequence","95.22","",""
"16/01/2026 11:00:00 - 16/01/2026 11:15:00","BZN|NL","Without Sequence","91.46","",""
"16/01/2026 11:15:00 - 16/01/2026 11:30:00","BZN|NL","Without Sequence","93.85","",""
"16/01/2026 11:30:00 - 16/01/2026 11:45:00","BZN|NL","Without Sequence","95.57","",""
"16/01/2026 11:45:00 - 16/01/2026 12:00:00","BZN|NL","Without Sequence","97.81","",""
"16/01/2026 12:00:00 - 16/01/2026 12:15:00","BZN|NL","Without Sequence","91.87","",""
"16/01/2026 12:15:00 - 16/01/2026 12:30:00","BZN|NL","Without Sequence","93.80","",""
"16/01/2026 12:30:00 - 16/01/2026 12:45:00","BZN|NL","Without Sequence","95.39","",""
"16/01/2026 12:45:00 - 16/01/2026 13:00:00","BZN|NL","Without Sequence","97.06","",""
"16/01/2026 13:00:00 - 16/01/2026 13:15:00","BZN|NL","Without Sequence","92.90","",""
"16/01/2026 13:15:00 - 16/01/2026 13:30:00","BZN|NL","Without Sequence","99.69","",""
"16/01/2026 13:30:00 - 16/01/2026 13:45:00","BZN|NL","Without Sequence","110.02","",""
"16/01/2026 13:45:00 - 16/01/2026 14:00:00","BZN|NL","Without Sequence","124.60","",""
"16/01/2026 14:00:00 - 16/01/2026 14:15:00","BZN|NL","Without Sequence","97.30","",""
"16/01/2026 14:15:00 - 16/01/2026 14:30:00","BZN|NL","Without Sequence","125.02","",""
"16/01/2026 14:30:00 - 16/01/2026 14:45:00","BZN|NL","Without Sequence","134.83","",""
"16/01/2026 14:45:00 - 16/01/2026 15:00:00","BZN|NL","Without Sequence","157.49","",""
"16/01/2026 15:00:00 - 16/01/2026 15:15:00","BZN|NL","Without Sequence","127.93","",""
"16/01/2026 15:15:00 - 16/01/2026 15:30:00","BZN|NL","Without Sequence","145.19","",""
"16/01/2026 15:30:00 - 16/01/2026 15:45:00","BZN|NL","Without Sequence","156.51","",""
"16/01/2026 15:45:00 - 16/01/2026 16:00:00","BZN|NL","Without Sequence","200.10","",""
"16/01/2026 16:00:00 - 16/01/2026 16:15:00","BZN|NL","Without Sequence","155.96","",""
"16/01/2026 16:15:00 - 16/01/2026 16:30:00","BZN|NL","Without Sequence","172.95","",""
"16/01/2026 16:30:00 - 16/01/2026 16:45:00","BZN|NL","Without Sequence","176.66","",""
"16/01/2026 16:45:00 - 16/01/2026 17:00:00","BZN|NL","Without Sequence","161.73","",""
"16/01/2026 17:00:00 - 16/01/2026 17:15:00","BZN|NL","Without Sequence","164.92","",""
"16/01/2026 17:15:00 - 16/01/2026 17:30:00","BZN|NL","Without Sequence","157.13","",""
"16/01/2026 17:30:00 - 16/01/2026 17:45:00","BZN|NL","Without Sequence","162.64","",""
"16/01/2026 17:45:00 - 16/01/2026 18:00:00","BZN|NL","Without Sequence","159.75","",""
"16/01/2026 18:00:00 - 16/01/2026 18:15:00","BZN|NL","Without Sequence","163.59","",""
"16/01/2026 18:15:00 - 16/01/2026 18:30:00","BZN|NL","Without Sequence","153.21","",""
"16/01/2026 18:30:00 - 16/01/2026 18:45:00","BZN|NL","Without Sequence","148.84","",""
"16/01/2026 18:45:00 - 16/01/2026 19:00:00","BZN|NL","Without Sequence","147.20","",""
"16/01/2026 19:00:00 - 16/01/2026 19:15:00","BZN|NL","Without Sequence","140.98","",""
"16/01/2026 19:15:00 - 16/01/2026 19:30:00","BZN|NL","Without Sequence","140.02","",""
"16/01/2026 19:30:00 - 16/01/2026 19:45:00","BZN|NL","Without Sequence","135.26","",""
"16/01/2026 19:45:00 - 16/01/2026 20:00:00","BZN|NL","Without Sequence","115.74","",""
"16/01/2026 20:00:00 - 16/01/2026 20:15:00","BZN|NL","Without Sequence","124.13","",""
"16/01/2026 20:15:00 - 16/01/2026 20:30:00","BZN|NL","Without Sequence","123.96","",""
"16/01/2026 20:30:00 - 16/01/2026 20:45:00","BZN|NL","Without Sequence","114.83","",""
"16/01/2026 20:45:00 - 16/01/2026 21:00:00","BZN|NL","Without Sequence","103.44","",""
"16/01/2026 21:00:00 - 16/01/2026 21:15:00","BZN|NL","Without Sequence","124.86","",""
"16/01/2026 21:15:00 - 16/01/2026 21:30:00","BZN|NL","Without Sequence","114.80","",""
"16/01/2026 21:30:00 - 16/01/2026 21:45:00","BZN|NL","Without Sequence","115.40","",""
"16/01/2026 21:45:00 - 16/01/2026 22:00:00","BZN|NL","Without Sequence","109.14","",""
"16/01/2026 22:00:00 - 16/01/2026 22:15:00","BZN|NL","Without Sequence","119.20","",""
"16/01/2026 22:15:00 - 16/01/2026 22:30:00","BZN|NL","Without Sequence","101.69","",""
"16/01/2026 22:30:00 - 16/01/2026 22:45:00","BZN|NL","Without Sequence","95.23","",""
"16/01/2026 22:45:00 - 16/01/2026 23:00:00","BZN|NL","Without Sequence","94.37","",""
"16/01/2026 23:00:00 - 16/01/2026 23:15:00","BZN|NL","Without Sequence","117.90","",""
"16/01/2026 23:15:00 - 16/01/2026 23:30:00","BZN|NL","Without Sequence","108.82","",""
"16/01/2026 23:30:00 - 16/01/2026 23:45:00","BZN|NL","Without Sequence","97.74","",""
"16/01/2026 23:45:00 - 17/01/2026 00:00:00","BZN|NL","Without Sequence","93.55","",""
"17/01/2026 00:00:00 - 17/01/2026 00:15:00","BZN|NL","Without Sequence","107.80","",""
"17/01/2026 00:15:00 - 17/01/2026 00:30:00","BZN|NL","Without Sequence","102.58","",""
"17/01/2026 00:30:00 - 17/01/2026 00:45:00","BZN|NL","Without Sequence","98.62","",""
"17/01/2026 00:45:00 - 17/01/2026 01:00:00","BZN|NL","Without Sequence","95.98","",""
"17/01/2026 01:00:00 - 17/01/2026 01:15:00","BZN|NL","Without Sequence","102.23","",""
"17/01/2026 01:15:00 - 17/01/2026 01:30:00","BZN|NL","Without Sequence","99.93","",""
"17/01/2026 01:30:00 - 17/01/2026 01:45:00","BZN|NL","Without Sequence","96.26","",""
"17/01/2026 01:45:00 - 17/01/2026 02:00:00","BZN|NL","Without Sequence","94.17","",""
"17/01/2026 02:00:00 - 17/01/2026 02:15:00","BZN|NL","Without Sequence","94.88","",""
"17/01/2026 02:15:00 - 17/01/2026 02:30:00","BZN|NL","Without Sequence","98.29","",""
"17/01/2026 02:30:00 - 17/01/2026 02:45:00","BZN|NL","Without Sequence","95.24","",""
"17/01/2026 02:45:00 - 17/01/2026 03:00:00","BZN|NL","Without Sequence","95.59","",""
"17/01/2026 03:00:00 - 17/01/2026 03:15:00","BZN|NL","Without Sequence","95.11","",""
"17/01/2026 03:15:00 - 17/01/2026 03:30:00","BZN|NL","Without Sequence","94.54","",""
"17/01/2026 03:30:00 - 17/01/2026 03:45:00","BZN|NL","Without Sequence","94.58","",""
"17/01/2026 03:45:00 - 17/01/2026 04:00:00","BZN|NL","Without Sequence","94.73","",""
"17/01/2026 04:00:00 - 17/01/2026 04:15:00","BZN|NL","Without Sequence","94.58","",""
"17/01/2026 04:15:00 - 17/01/2026 04:30:00","BZN|NL","Without Sequence","93.64","",""
"17/01/2026 04:30:00 - 17/01/2026 04:45:00","BZN|NL","Without Sequence","94.96","",""
"17/01/2026 04:45:00 - 17/01/2026 05:00:00","BZN|NL","Without Sequence","94.31","",""
"17/01/2026 05:00:00 - 17/01/2026 05:15:00","BZN|NL","Without Sequence","97.41","",""
"17/01/2026 05:15:00 - 17/01/2026 05:30:00","BZN|NL","Without Sequence","90.18","",""
"17/01/2026 05:30:00 - 17/01/2026 05:45:00","BZN|NL","Without Sequence","94.76","",""
"17/01/2026 05:45:00 - 17/01/2026 06:00:00","BZN|NL","Without Sequence","94.65","",""
"17/01/2026 06:00:00 - 17/01/2026 06:15:00","BZN|NL","Without Sequence","93.01","",""
"17/01/2026 06:15:00 - 17/01/2026 06:30:00","BZN|NL","Without Sequence","95.05","",""
"17/01/2026 06:30:00 - 17/01/2026 06:45:00","BZN|NL","Without Sequence","97.01","",""
"17/01/2026 06:45:00 - 17/01/2026 07:00:00","BZN|NL","Without Sequence","99.89","",""
"17/01/2026 07:00:00 - 17/01/2026 07:15:00","BZN|NL","Without Sequence","95.56","",""
"17/01/2026 07:15:00 - 17/01/2026 07:30:00","BZN|NL","Without Sequence","103.98","",""
"17/01/2026 07:30:00 - 17/01/2026 07:45:00","BZN|NL","Without Sequence","107.43","",""
"17/01/2026 07:45:00 - 17/01/2026 08:00:00","BZN|NL","Without Sequence","110.03","",""
"17/01/2026 08:00:00 - 17/01/2026 08:15:00","BZN|NL","Without Sequence","116.02","",""
"17/01/2026 08:15:00 - 17/01/2026 08:30:00","BZN|NL","Without Sequence","119.07","",""
"17/01/2026 08:30:00 - 17/01/2026 08:45:00","BZN|NL","Without Sequence","114.21","",""
"17/01/2026 08:45:00 - 17/01/2026 09:00:00","BZN|NL","Without Sequence","107.97","",""
"17/01/2026 09:00:00 - 17/01/2026 09:15:00","BZN|NL","Without Sequence","121.81","",""
"17/01/2026 09:15:00 - 17/01/2026 09:30:00","BZN|NL","Without Sequence","108.07","",""
"17/01/2026 09:30:00 - 17/01/2026 09:45:00","BZN|NL","Without Sequence","103.43","",""
"17/01/2026 09:45:00 - 17/01/2026 10:00:00","BZN|NL","Without Sequence","107.73","",""
"17/01/2026 10:00:00 - 17/01/2026 10:15:00","BZN|NL","Without Sequence","98.09","",""
"17/01/2026 10:15:00 - 17/01/2026 10:30:00","BZN|NL","Without Sequence","98.05","",""
"17/01/2026 10:30:00 - 17/01/2026 10:45:00","BZN|NL","Without Sequence","98.13","",""
"17/01/2026 10:45:00 - 17/01/2026 11:00:00","BZN|NL","Without Sequence","100.00","",""
"17/01/2026 11:00:00 - 17/01/2026 11:15:00","BZN|NL","Without Sequence","103.76","",""
"17/01/2026 11:15:00 - 17/01/2026 11:30:00","BZN|NL","Without Sequence","102.71","",""
"17/01/2026 11:30:00 - 17/01/2026 11:45:00","BZN|NL","Without Sequence","102.00","",""
"17/01/2026 11:45:00 - 17/01/2026 12:00:00","BZN|NL","Without Sequence","102.95","",""
"17/01/2026 12:00:00 - 17/01/2026 12:15:00","BZN|NL","Without Sequence","102.75","",""
"17/01/2026 12:15:00 - 17/01/2026 12:30:00","BZN|NL","Without Sequence","103.11","",""
"17/01/2026 12:30:00 - 17/01/2026 12:45:00","BZN|NL","Without Sequence","102.76","",""
"17/01/2026 12:45:00 - 17/01/2026 13:00:00","BZN|NL","Without Sequence","102.27","",""
"17/01/2026 13:00:00 - 17/01/2026 13:15:00","BZN|NL","Without Sequence","101.74","",""
"17/01/2026 13:15:00 - 17/01/2026 13:30:00","BZN|NL","Without Sequence","102.34","",""
"17/01/2026 13:30:00 - 17/01/2026 13:45:00","BZN|NL","Without Sequence","106.71","",""
"17/01/2026 13:45:00 - 17/01/2026 14:00:00","BZN|NL","Without Sequence","119.49","",""
"17/01/2026 14:00:00 - 17/01/2026 14:15:00","BZN|NL","Without Sequence","115.01","",""
"17/01/2026 14:15:00 - 17/01/2026 14:30:00","BZN|NL","Without Sequence","120.89","",""
"17/01/2026 14:30:00 - 17/01/2026 14:45:00","BZN|NL","Without Sequence","125.95","",""
"17/01/2026 14:45:00 - 17/01/2026 15:00:00","BZN|NL","Without Sequence","127.78","",""
"17/01/2026 15:00:00 - 17/01/2026 15:15:00","BZN|NL","Without Sequence","126.05","",""
"17/01/2026 15:15:00 - 17/01/2026 15:30:00","BZN|NL","Without Sequence","135.63","",""
"17/01/2026 15:30:00 - 17/01/2026 15:45:00","BZN|NL","Without Sequence","136.61","",""
"17/01/2026 15:45:00 - 17/01/2026 16:00:00","BZN|NL","Without Sequence","138.05","",""
"17/01/2026 16:00:00 - 17/01/2026 16:15:00","BZN|NL","Without Sequence","135.30","",""
"17/01/2026 16:15:00 - 17/01/2026 16:30:00","BZN|NL","Without Sequence","139.01","",""
"17/01/2026 16:30:00 - 17/01/2026 16:45:00","BZN|NL","Without Sequence","140.94","",""
"17/01/2026 16:45:00 - 17/01/2026 17:00:00","BZN|NL","Without Sequence","145.50","",""
"17/01/2026 17:00:00 - 17/01/2026 17:15:00","BZN|NL","Without Sequence","140.49","",""
"17/01/2026 17:15:00 - 17/01/2026 17:30:00","BZN|NL","Without Sequence","140.49","",""
"17/01/2026 17:30:00 - 17/01/2026 17:45:00","BZN|NL","Without Sequence","145.61","",""
"17/01/2026 17:45:00 - 17/01/2026 18:00:00","BZN|NL","Without Sequence","144.80","",""
"17/01/2026 18:00:00 - 17/01/2026 18:15:00","BZN|NL","Without Sequence","141.80","",""
"17/01/2026 18:15:00 - 17/01/2026 18:30:00","BZN|NL","Without Sequence","141.05","",""
"17/01/2026 18:30:00 - 17/01/2026 18:45:00","BZN|NL","Without Sequence","140.14","",""
"17/01/2026 18:45:00 - 17/01/2026 19:00:00","BZN|NL","Without Sequence","131.36","",""
"17/01/2026 19:00:00 - 17/01/2026 19:15:00","BZN|NL","Without Sequence","135.24","",""
"17/01/2026 19:15:00 - 17/01/2026 19:30:00","BZN|NL","Without Sequence","119.19","",""
"17/01/2026 19:30:00 - 17/01/2026 19:45:00","BZN|NL","Without Sequence","117.26","",""
"17/01/2026 19:45:00 - 17/01/2026 20:00:00","BZN|NL","Without Sequence","106.51","",""
"17/01/2026 20:00:00 - 17/01/2026 20:15:00","BZN|NL","Without Sequence","116.79","",""
"17/01/2026 20:15:00 - 17/01/2026 20:30:00","BZN|NL","Without Sequence","111.49","",""
"17/01/2026 20:30:00 - 17/01/2026 20:45:00","BZN|NL","Without Sequence","103.47","",""
"17/01/2026 20:45:00 - 17/01/2026 21:00:00","BZN|NL","Without Sequence","98.75","",""
"17/01/2026 21:00:00 - 17/01/2026 21:15:00","BZN|NL","Without Sequence","108.75","",""
"17/01/2026 21:15:00 - 17/01/2026 21:30:00","BZN|NL","Without Sequence","104.06","",""
"17/01/2026 21:30:00 - 17/01/2026 21:45:00","BZN|NL","Without Sequence","109.83","",""
"17/01/2026 21:45:00 - 17/01/2026 22:00:00","BZN|NL","Without Sequence","113.33","",""
"17/01/2026 22:00:00 - 17/01/2026 22:15:00","BZN|NL","Without Sequence","115.99","",""
"17/01/2026 22:15:00 - 17/01/2026 22:30:00","BZN|NL","Without Sequence","109.00","",""
"17/01/2026 22:30:00 - 17/01/2026 22:45:00","BZN|NL","Without Sequence","104.13","",""
"17/01/2026 22:45:00 - 17/01/2026 23:00:00","BZN|NL","Without Sequence","98.97","",""
"17/01/2026 23:00:00 - 17/01/2026 23:15:00","BZN|NL","Without Sequence","115.24","",""
"17/01/2026 23:15:00 - 17/01/2026 23:30:00","BZN|NL","Without Sequence","112.95","",""
"17/01/2026 23:30:00 - 17/01/2026 23:45:00","BZN|NL","Without Sequence","108.67","",""
"17/01/2026 23:45:00 - 18/01/2026 00:00:00","BZN|NL","Without Sequence","106.00","",""
"18/01/2026 00:00:00 - 18/01/2026 00:15:00","BZN|NL","Without Sequence","112.99","",""
"18/01/2026 00:15:00 - 18/01/2026 00:30:00","BZN|NL","Without Sequence","109.16","",""
"18/01/2026 00:30:00 - 18/01/2026 00:45:00","BZN|NL","Without Sequence","107.09","",""
"18/01/2026 00:45:00 - 18/01/2026 01:00:00","BZN|NL","Without Sequence","107.52","",""
"18/01/2026 01:00:00 - 18/01/2026 01:15:00","BZN|NL","Without Sequence","111.23","",""
"18/01/2026 01:15:00 - 18/01/2026 01:30:00","BZN|NL","Without Sequence","109.17","",""
"18/01/2026 01:30:00 - 18/01/2026 01:45:00","BZN|NL","Without Sequence","104.94","",""
"18/01/2026 01:45:00 - 18/01/2026 02:00:00","BZN|NL","Without Sequence","104.22","",""
"18/01/2026 02:00:00 - 18/01/2026 02:15:00","BZN|NL","Without Sequence","103.83","",""
"18/01/2026 02:15:00 - 18/01/2026 02:30:00","BZN|NL","Without Sequence","103.00","",""
"18/01/2026 02:30:00 - 18/01/2026 02:45:00","BZN|NL","Without Sequence","101.73","",""
"18/01/2026 02:45:00 - 18/01/2026 03:00:00","BZN|NL","Without Sequence","101.60","",""
"18/01/2026 03:00:00 - 18/01/2026 03:15:00","BZN|NL","Without Sequence","102.99","",""
"18/01/2026 03:15:00 - 18/01/2026 03:30:00","BZN|NL","Without Sequence","102.62","",""
"18/01/2026 03:30:00 - 18/01/2026 03:45:00","BZN|NL","Without Sequence","101.73","",""
"18/01/2026 03:45:00 - 18/01/2026 04:00:00","BZN|NL","Without Sequence","101.60","",""
"18/01/2026 04:00:00 - 18/01/2026 04:15:00","BZN|NL","Without Sequence","101.43","",""
"18/01/2026 04:15:00 - 18/01/2026 04:30:00","BZN|NL","Without Sequence","101.60","",""
"18/01/2026 04:30:00 - 18/01/2026 04:45:00","BZN|NL","Without Sequence","102.30","",""
"18/01/2026 04:45:00 - 18/01/2026 05:00:00","BZN|NL","Without Sequence","102.99","",""
"18/01/2026 05:00:00 - 18/01/2026 05:15:00","BZN|NL","Without Sequence","100.20","",""
"18/01/2026 05:15:00 - 18/01/2026 05:30:00","BZN|NL","Without Sequence","101.22","",""
"18/01/2026 05:30:00 - 18/01/2026 05:45:00","BZN|NL","Without Sequence","101.22","",""
"18/01/2026 05:45:00 - 18/01/2026 06:00:00","BZN|NL","Without Sequence","101.55","",""
"18/01/2026 06:00:00 - 18/01/2026 06:15:00","BZN|NL","Without Sequence","100.12","",""
"18/01/2026 06:15:00 - 18/01/2026 06:30:00","BZN|NL","Without Sequence","99.07","",""
"18/01/2026 06:30:00 - 18/01/2026 06:45:00","BZN|NL","Without Sequence","100.12","",""
"18/01/2026 06:45:00 - 18/01/2026 07:00:00","BZN|NL","Without Sequence","101.98","",""
"18/01/2026 07:00:00 - 18/01/2026 07:15:00","BZN|NL","Without Sequence","103.82","",""
"18/01/2026 07:15:00 - 18/01/2026 07:30:00","BZN|NL","Without Sequence","105.30","",""
"18/01/2026 07:30:00 - 18/01/2026 07:45:00","BZN|NL","Without Sequence","107.13","",""
"18/01/2026 07:45:00 - 18/01/2026 08:00:00","BZN|NL","Without Sequence","105.49","",""
"18/01/2026 08:00:00 - 18/01/2026 08:15:00","BZN|NL","Without Sequence","114.96","",""
"18/01/2026 08:15:00 - 18/01/2026 08:30:00","BZN|NL","Without Sequence","106.90","",""
"18/01/2026 08:30:00 - 18/01/2026 08:45:00","BZN|NL","Without Sequence","105.18","",""
"18/01/2026 08:45:00 - 18/01/2026 09:00:00","BZN|NL","Without Sequence","102.59","",""
"18/01/2026 09:00:00 - 18/01/2026 09:15:00","BZN|NL","Without Sequence","105.31","",""
"18/01/2026 09:15:00 - 18/01/2026 09:30:00","BZN|NL","Without Sequence","103.20","",""
"18/01/2026 09:30:00 - 18/01/2026 09:45:00","BZN|NL","Without Sequence","101.03","",""
"18/01/2026 09:45:00 - 18/01/2026 10:00:00","BZN|NL","Without Sequence","98.10","",""
"18/01/2026 10:00:00 - 18/01/2026 10:15:00","BZN|NL","Without Sequence","98.26","",""
"18/01/2026 10:15:00 - 18/01/2026 10:30:00","BZN|NL","Without Sequence","99.68","",""
"18/01/2026 10:30:00 - 18/01/2026 10:45:00","BZN|NL","Without Sequence","98.07","",""
"18/01/2026 10:45:00 - 18/01/2026 11:00:00","BZN|NL","Without Sequence","97.76","",""
"18/01/2026 11:00:00 - 18/01/2026 11:15:00","BZN|NL","Without Sequence","98.00","",""
"18/01/2026 11:15:00 - 18/01/2026 11:30:00","BZN|NL","Without Sequence","96.59","",""
"18/01/2026 11:30:00 - 18/01/2026 11:45:00","BZN|NL","Without Sequence","96.53","",""
"18/01/2026 11:45:00 - 18/01/2026 12:00:00","BZN|NL","Without Sequence","96.30","",""
"18/01/2026 12:00:00 - 18/01/2026 12:15:00","BZN|NL","Without Sequence","96.13","",""
"18/01/2026 12:15:00 - 18/01/2026 12:30:00","BZN|NL","Without Sequence","96.74","",""
"18/01/2026 12:30:00 - 18/01/2026 12:45:00","BZN|NL","Without Sequence","97.20","",""
"18/01/2026 12:45:00 - 18/01/2026 13:00:00","BZN|NL","Without Sequence","97.78","",""
"18/01/2026 13:00:00 - 18/01/2026 13:15:00","BZN|NL","Without Sequence","98.00","",""
"18/01/2026 13:15:00 - 18/01/2026 13:30:00","BZN|NL","Without Sequence","100.37","",""
"18/01/2026 13:30:00 - 18/01/2026 13:45:00","BZN|NL","Without Sequence","102.16","",""
"18/01/2026 13:45:00 - 18/01/2026 14:00:00","BZN|NL","Without Sequence","102.60","",""
"18/01/2026 14:00:00 - 18/01/2026 14:15:00","BZN|NL","Without Sequence","101.46","",""
"18/01/2026 14:15:00 - 18/01/2026 14:30:00","BZN|NL","Without Sequence","103.39","",""
"18/01/2026 14:30:00 - 18/01/2026 14:45:00","BZN|NL","Without Sequence","104.93","",""
"18/01/2026 14:45:00 - 18/01/2026 15:00:00","BZN|NL","Without Sequence","110.88","",""
"18/01/2026 15:00:00 - 18/01/2026 15:15:00","BZN|NL","Without Sequence","105.06","",""
"18/01/2026 15:15:00 - 18/01/2026 15:30:00","BZN|NL","Without Sequence","115.20","",""
"18/01/2026 15:30:00 - 18/01/2026 15:45:00","BZN|NL","Without Sequence","117.06","",""
"18/01/2026 15:45:00 - 18/01/2026 16:00:00","BZN|NL","Without Sequence","119.46","",""
"18/01/2026 16:00:00 - 18/01/2026 16:15:00","BZN|NL","Without Sequence","118.06","",""
"18/01/2026 16:15:00 - 18/01/2026 16:30:00","BZN|NL","Without Sequence","127.42","",""
"18/01/2026 16:30:00 - 18/01/2026 16:45:00","BZN|NL","Without Sequence","134.67","",""
"18/01/2026 16:45:00 - 18/01/2026 17:00:00","BZN|NL","Without Sequence","140.78","",""
"18/01/2026 17:00:00 - 18/01/2026 17:15:00","BZN|NL","Without Sequence","139.27","",""
"18/01/2026 17:15:00 - 18/01/2026 17:30:00","BZN|NL","Without Sequence","142.59","",""
"18/01/2026 17:30:00 - 18/01/2026 17:45:00","BZN|NL","Without Sequence","146.20","",""
"18/01/2026 17:45:00 - 18/01/2026 18:00:00","BZN|NL","Without Sequence","138.00","",""
"18/01/2026 18:00:00 - 18/01/2026 18:15:00","BZN|NL","Without Sequence","139.32","",""
"18/01/2026 18:15:00 - 18/01/2026 18:30:00","BZN|NL","Without Sequence","127.29","",""
"18/01/2026 18:30:00 - 18/01/2026 18:45:00","BZN|NL","Without Sequence","118.80","",""
"18/01/2026 18:45:00 - 18/01/2026 19:00:00","BZN|NL","Without Sequence","109.73","",""
"18/01/2026 19:00:00 - 18/01/2026 19:15:00","BZN|NL","Without Sequence","125.16","",""
"18/01/2026 19:15:00 - 18/01/2026 19:30:00","BZN|NL","Without Sequence","120.93","",""
"18/01/2026 19:30:00 - 18/01/2026 19:45:00","BZN|NL","Without Sequence","113.24","",""
"18/01/2026 19:45:00 - 18/01/2026 20:00:00","BZN|NL","Without Sequence","104.35","",""
"18/01/2026 20:00:00 - 18/01/2026 20:15:00","BZN|NL","Without Sequence","114.99","",""
"18/01/2026 20:15:00 - 18/01/2026 20:30:00","BZN|NL","Without Sequence","108.20","",""
"18/01/2026 20:30:00 - 18/01/2026 20:45:00","BZN|NL","Without Sequence","103.23","",""
"18/01/2026 20:45:00 - 18/01/2026 21:00:00","BZN|NL","Without Sequence","101.53","",""
"18/01/2026 21:00:00 - 18/01/2026 21:15:00","BZN|NL","Without Sequence","120.10","",""
"18/01/2026 21:15:00 - 18/01/2026 21:30:00","BZN|NL","Without Sequence","103.06","",""
"18/01/2026 21:30:00 - 18/01/2026 21:45:00","BZN|NL","Without Sequence","102.43","",""
"18/01/2026 21:45:00 - 18/01/2026 22:00:00","BZN|NL","Without Sequence","101.16","",""
"18/01/2026 22:00:00 - 18/01/2026 22:15:00","BZN|NL","Without Sequence","110.00","",""
"18/01/2026 22:15:00 - 18/01/2026 22:30:00","BZN|NL","Without Sequence","104.59","",""
"18/01/2026 22:30:00 - 18/01/2026 22:45:00","BZN|NL","Without Sequence","100.44","",""
"18/01/2026 22:45:00 - 18/01/2026 23:00:00","BZN|NL","Without Sequence","100.01","",""
"18/01/2026 23:00:00 - 18/01/2026 23:15:00","BZN|NL","Without Sequence","104.80","",""
"18/01/2026 23:15:00 - 18/01/2026 23:30:00","BZN|NL","Without Sequence","101.60","",""
"18/01/2026 23:30:00 - 18/01/2026 23:45:00","BZN|NL","Without Sequence","99.92","",""
"18/01/2026 23:45:00 - 19/01/2026 00:00:00","BZN|NL","Without Sequence","98.28","",""
"19/01/2026 00:00:00 - 19/01/2026 00:15:00","BZN|NL","Without Sequence","100.20","",""
"19/01/2026 00:15:00 - 19/01/2026 00:30:00","BZN|NL","Without Sequence","101.08","",""
"19/01/2026 00:30:00 - 19/01/2026 00:45:00","BZN|NL","Without Sequence","100.89","",""
"19/01/2026 00:45:00 - 19/01/2026 01:00:00","BZN|NL","Without Sequence","99.59","",""
"19/01/2026 01:00:00 - 19/01/2026 01:15:00","BZN|NL","Without Sequence","102.12","",""
"19/01/2026 01:15:00 - 19/01/2026 01:30:00","BZN|NL","Without Sequence","100.99","",""
"19/01/2026 01:30:00 - 19/01/2026 01:45:00","BZN|NL","Without Sequence","100.21","",""
"19/01/2026 01:45:00 - 19/01/2026 02:00:00","BZN|NL","Without Sequence","100.01","",""
"19/01/2026 02:00:00 - 19/01/2026 02:15:00","BZN|NL","Without Sequence","100.48","",""
"19/01/2026 02:15:00 - 19/01/2026 02:30:00","BZN|NL","Without Sequence","100.54","",""
"19/01/2026 02:30:00 - 19/01/2026 02:45:00","BZN|NL","Without Sequence","100.21","",""
"19/01/2026 02:45:00 - 19/01/2026 03:00:00","BZN|NL","Without Sequence","100.52","",""
"19/01/2026 03:00:00 - 19/01/2026 03:15:00","BZN|NL","Without Sequence","99.45","",""
"19/01/2026 03:15:00 - 19/01/2026 03:30:00","BZN|NL","Without Sequence","100.22","",""
"19/01/2026 03:30:00 - 19/01/2026 03:45:00","BZN|NL","Without Sequence","100.52","",""
"19/01/2026 03:45:00 - 19/01/2026 04:00:00","BZN|NL","Without Sequence","100.35","",""
"19/01/2026 04:00:00 - 19/01/2026 04:15:00","BZN|NL","Without Sequence","97.70","",""
"19/01/2026 04:15:00 - 19/01/2026 04:30:00","BZN|NL","Without Sequence","99.94","",""
"19/01/2026 04:30:00 - 19/01/2026 04:45:00","BZN|NL","Without Sequence","100.10","",""
"19/01/2026 04:45:00 - 19/01/2026 05:00:00","BZN|NL","Without Sequence","110.05","",""
"19/01/2026 05:00:00 - 19/01/2026 05:15:00","BZN|NL","Without Sequence","107.40","",""
"19/01/2026 05:15:00 - 19/01/2026 05:30:00","BZN|NL","Without Sequence","121.88","",""
"19/01/2026 05:30:00 - 19/01/2026 05:45:00","BZN|NL","Without Sequence","129.84","",""
"19/01/2026 05:45:00 - 19/01/2026 06:00:00","BZN|NL","Without Sequence","143.38","",""
"19/01/2026 06:00:00 - 19/01/2026 06:15:00","BZN|NL","Without Sequence","142.29","",""
"19/01/2026 06:15:00 - 19/01/2026 06:30:00","BZN|NL","Without Sequence","157.28","",""
"19/01/2026 06:30:00 - 19/01/2026 06:45:00","BZN|NL","Without Sequence","170.84","",""
"19/01/2026 06:45:00 - 19/01/2026 07:00:00","BZN|NL","Without Sequence","172.79","",""
"19/01/2026 07:00:00 - 19/01/2026 07:15:00","BZN|NL","Without Sequence","176.44","",""
"19/01/2026 07:15:00 - 19/01/2026 07:30:00","BZN|NL","Without Sequence","184.48","",""
"19/01/2026 07:30:00 - 19/01/2026 07:45:00","BZN|NL","Without Sequence","177.11","",""
"19/01/2026 07:45:00 - 19/01/2026 08:00:00","BZN|NL","Without Sequence","165.00","",""
"19/01/2026 08:00:00 - 19/01/2026 08:15:00","BZN|NL","Without Sequence","190.20","",""
"19/01/2026 08:15:00 - 19/01/2026 08:30:00","BZN|NL","Without Sequence","171.03","",""
"19/01/2026 08:30:00 - 19/01/2026 08:45:00","BZN|NL","Without Sequence","151.85","",""
"19/01/2026 08:45:00 - 19/01/2026 09:00:00","BZN|NL","Without Sequence","134.67","",""
"19/01/2026 09:00:00 - 19/01/2026 09:15:00","BZN|NL","Without Sequence","156.89","",""
"19/01/2026 09:15:00 - 19/01/2026 09:30:00","BZN|NL","Without Sequence","139.46","",""
"19/01/2026 09:30:00 - 19/01/2026 09:45:00","BZN|NL","Without Sequence","128.13","",""
"19/01/2026 09:45:00 - 19/01/2026 10:00:00","BZN|NL","Without Sequence","119.40","",""
"19/01/2026 10:00:00 - 19/01/2026 10:15:00","BZN|NL","Without Sequence","125.50","",""
"19/01/2026 10:15:00 - 19/01/2026 10:30:00","BZN|NL","Without Sequence","119.13","",""
"19/01/2026 10:30:00 - 19/01/2026 10:45:00","BZN|NL","Without Sequence","118.64","",""
"19/01/2026 10:45:00 - 19/01/2026 11:00:00","BZN|NL","Without Sequence","116.73","",""
"19/01/2026 11:00:00 - 19/01/2026 11:15:00","BZN|NL","Without Sequence","117.66","",""
"19/01/2026 11:15:00 - 19/01/2026 11:30:00","BZN|NL","Without Sequence","109.95","",""
"19/01/2026 11:30:00 - 19/01/2026 11:45:00","BZN|NL","Without Sequence","115.54","",""
"19/01/2026 11:45:00 - 19/01/2026 12:00:00","BZN|NL","Without Sequence","120.09","",""
"19/01/2026 12:00:00 - 19/01/2026 12:15:00","BZN|NL","Without Sequence","119.00","",""
"19/01/2026 12:15:00 - 19/01/2026 12:30:00","BZN|NL","Without Sequence","121.34","",""
"19/01/2026 12:30:00 - 19/01/2026 12:45:00","BZN|NL","Without Sequence","125.91","",""
"19/01/2026 12:45:00 - 19/01/2026 13:00:00","BZN|NL","Without Sequence","133.76","",""
"19/01/2026 13:00:00 - 19/01/2026 13:15:00","BZN|NL","Without Sequence","120.68","",""
"19/01/2026 13:15:00 - 19/01/2026 13:30:00","BZN|NL","Without Sequence","139.00","",""
"19/01/2026 13:30:00 - 19/01/2026 13:45:00","BZN|NL","Without Sequence","147.32","",""
"19/01/2026 13:45:00 - 19/01/2026 14:00:00","BZN|NL","Without Sequence","168.12","",""
"19/01/2026 14:00:00 - 19/01/2026 14:15:00","BZN|NL","Without Sequence","135.00","",""
"19/01/2026 14:15:00 - 19/01/2026 14:30:00","BZN|NL","Without Sequence","157.86","",""
"19/01/2026 14:30:00 - 19/01/2026 14:45:00","BZN|NL","Without Sequence","171.35","",""
"19/01/2026 14:45:00 - 19/01/2026 15:00:00","BZN|NL","Without Sequence","200.45","",""
"19/01/2026 15:00:00 - 19/01/2026 15:15:00","BZN|NL","Without Sequence","165.26","",""
"19/01/2026 15:15:00 - 19/01/2026 15:30:00","BZN|NL","Without Sequence","186.92","",""
"19/01/2026 15:30:00 - 19/01/2026 15:45:00","BZN|NL","Without Sequence","199.06","",""
"19/01/2026 15:45:00 - 19/01/2026 16:00:00","BZN|NL","Without Sequence","204.36","",""
"19/01/2026 16:00:00 - 19/01/2026 16:15:00","BZN|NL","Without Sequence","184.35","",""
"19/01/2026 16:15:00 - 19/01/2026 16:30:00","BZN|NL","Without Sequence","207.97","",""
"19/01/2026 16:30:00 - 19/01/2026 16:45:00","BZN|NL","Without Sequence","210.72","",""
"19/01/2026 16:45:00 - 19/01/2026 17:00:00","BZN|NL","Without Sequence","205.94","",""
"19/01/2026 17:00:00 - 19/01/2026 17:15:00","BZN|NL","Without Sequence","207.12","",""
"19/01/2026 17:15:00 - 19/01/2026 17:30:00","BZN|NL","Without Sequence","191.86","",""
"19/01/2026 17:30:00 - 19/01/2026 17:45:00","BZN|NL","Without Sequence","198.84","",""
"19/01/2026 17:45:00 - 19/01/2026 18:00:00","BZN|NL","Without Sequence","199.66","",""
"19/01/2026 18:00:00 - 19/01/2026 18:15:00","BZN|NL","Without Sequence","193.13","",""
"19/01/2026 18:15:00 - 19/01/2026 18:30:00","BZN|NL","Without Sequence","183.53","",""
"19/01/2026 18:30:00 - 19/01/2026 18:45:00","BZN|NL","Without Sequence","177.74","",""
"19/01/2026 18:45:00 - 19/01/2026 19:00:00","BZN|NL","Without Sequence","170.36","",""
"19/01/2026 19:00:00 - 19/01/2026 19:15:00","BZN|NL","Without Sequence","166.47","",""
"19/01/2026 19:15:00 - 19/01/2026 19:30:00","BZN|NL","Without Sequence","159.21","",""
"19/01/2026 19:30:00 - 19/01/2026 19:45:00","BZN|NL","Without Sequence","156.83","",""
"19/01/2026 19:45:00 - 19/01/2026 20:00:00","BZN|NL","Without Sequence","143.97","",""
"19/01/2026 20:00:00 - 19/01/2026 20:15:00","BZN|NL","Without Sequence","140.46","",""
"19/01/2026 20:15:00 - 19/01/2026 20:30:00","BZN|NL","Without Sequence","138.28","",""
"19/01/2026 20:30:00 - 19/01/2026 20:45:00","BZN|NL","Without Sequence","134.72","",""
"19/01/2026 20:45:00 - 19/01/2026 21:00:00","BZN|NL","Without Sequence","126.83","",""
"19/01/2026 21:00:00 - 19/01/2026 21:15:00","BZN|NL","Without Sequence","131.44","",""
"19/01/2026 21:15:00 - 19/01/2026 21:30:00","BZN|NL","Without Sequence","127.72","",""
"19/01/2026 21:30:00 - 19/01/2026 21:45:00","BZN|NL","Without Sequence","126.47","",""
"19/01/2026 21:45:00 - 19/01/2026 22:00:00","BZN|NL","Without Sequence","119.92","",""
"19/01/2026 22:00:00 - 19/01/2026 22:15:00","BZN|NL","Without Sequence","120.88","",""
"19/01/2026 22:15:00 - 19/01/2026 22:30:00","BZN|NL","Without Sequence","110.20","",""
"19/01/2026 22:30:00 - 19/01/2026 22:45:00","BZN|NL","Without Sequence","104.63","",""
"19/01/2026 22:45:00 - 19/01/2026 23:00:00","BZN|NL","Without Sequence","104.29","",""
"19/01/2026 23:00:00 - 19/01/2026 23:15:00","BZN|NL","Without Sequence","91.91","",""
"19/01/2026 23:15:00 - 19/01/2026 23:30:00","BZN|NL","Without Sequence","92.44","",""
"19/01/2026 23:30:00 - 19/01/2026 23:45:00","BZN|NL","Without Sequence","92.53","",""
"19/01/2026 23:45:00 - 20/01/2026 00:00:00","BZN|NL","Without Sequence","92.54","",""
"20/01/2026 00:00:00 - 20/01/2026 00:15:00","BZN|NL","Without Sequence","94.66","",""
"20/01/2026 00:15:00 - 20/01/2026 00:30:00","BZN|NL","Without Sequence","91.78","",""
"20/01/2026 00:30:00 - 20/01/2026 00:45:00","BZN|NL","Without Sequence","91.62","",""
"20/01/2026 00:45:00 - 20/01/2026 01:00:00","BZN|NL","Without Sequence","92.10","",""
"20/01/2026 01:00:00 - 20/01/2026 01:15:00","BZN|NL","Without Sequence","90.52","",""
"20/01/2026 01:15:00 - 20/01/2026 01:30:00","BZN|NL","Without Sequence","90.95","",""
"20/01/2026 01:30:00 - 20/01/2026 01:45:00","BZN|NL","Without Sequence","90.88","",""
"20/01/2026 01:45:00 - 20/01/2026 02:00:00","BZN|NL","Without Sequence","89.29","",""
"20/01/2026 02:00:00 - 20/01/2026 02:15:00","BZN|NL","Without Sequence","92.49","",""
"20/01/2026 02:15:00 - 20/01/2026 02:30:00","BZN|NL","Without Sequence","90.83","",""
"20/01/2026 02:30:00 - 20/01/2026 02:45:00","BZN|NL","Without Sequence","90.78","",""
"20/01/2026 02:45:00 - 20/01/2026 03:00:00","BZN|NL","Without Sequence","90.70","",""
"20/01/2026 03:00:00 - 20/01/2026 03:15:00","BZN|NL","Without Sequence","95.37","",""
"20/01/2026 03:15:00 - 20/01/2026 03:30:00","BZN|NL","Without Sequence","95.30","",""
"20/01/2026 03:30:00 - 20/01/2026 03:45:00","BZN|NL","Without Sequence","93.29","",""
"20/01/2026 03:45:00 - 20/01/2026 04:00:00","BZN|NL","Without Sequence","92.49","",""
"20/01/2026 04:00:00 - 20/01/2026 04:15:00","BZN|NL","Without Sequence","95.38","",""
"20/01/2026 04:15:00 - 20/01/2026 04:30:00","BZN|NL","Without Sequence","90.72","",""
"20/01/2026 04:30:00 - 20/01/2026 04:45:00","BZN|NL","Without Sequence","92.41","",""
"20/01/2026 04:45:00 - 20/01/2026 05:00:00","BZN|NL","Without Sequence","98.29","",""
"20/01/2026 05:00:00 - 20/01/2026 05:15:00","BZN|NL","Without Sequence","82.21","",""
"20/01/2026 05:15:00 - 20/01/2026 05:30:00","BZN|NL","Without Sequence","88.88","",""
"20/01/2026 05:30:00 - 20/01/2026 05:45:00","BZN|NL","Without Sequence","98.50","",""
"20/01/2026 05:45:00 - 20/01/2026 06:00:00","BZN|NL","Without Sequence","113.74","",""
"20/01/2026 06:00:00 - 20/01/2026 06:15:00","BZN|NL","Without Sequence","83.81","",""
"20/01/2026 06:15:00 - 20/01/2026 06:30:00","BZN|NL","Without Sequence","106.10","",""
"20/01/2026 06:30:00 - 20/01/2026 06:45:00","BZN|NL","Without Sequence","186.02","",""
"20/01/2026 06:45:00 - 20/01/2026 07:00:00","BZN|NL","Without Sequence","239.53","",""
"20/01/2026 07:00:00 - 20/01/2026 07:15:00","BZN|NL","Without Sequence","159.99","",""
"20/01/2026 07:15:00 - 20/01/2026 07:30:00","BZN|NL","Without Sequence","228.87","",""
"20/01/2026 07:30:00 - 20/01/2026 07:45:00","BZN|NL","Without Sequence","195.36","",""
"20/01/2026 07:45:00 - 20/01/2026 08:00:00","BZN|NL","Without Sequence","162.42","",""
"20/01/2026 08:00:00 - 20/01/2026 08:15:00","BZN|NL","Without Sequence","225.97","",""
"20/01/2026 08:15:00 - 20/01/2026 08:30:00","BZN|NL","Without Sequence","171.75","",""
"20/01/2026 08:30:00 - 20/01/2026 08:45:00","BZN|NL","Without Sequence","152.29","",""
"20/01/2026 08:45:00 - 20/01/2026 09:00:00","BZN|NL","Without Sequence","108.57","",""
"20/01/2026 09:00:00 - 20/01/2026 09:15:00","BZN|NL","Without Sequence","163.23","",""
"20/01/2026 09:15:00 - 20/01/2026 09:30:00","BZN|NL","Without Sequence","124.03","",""
"20/01/2026 09:30:00 - 20/01/2026 09:45:00","BZN|NL","Without Sequence","100.97","",""
"20/01/2026 09:45:00 - 20/01/2026 10:00:00","BZN|NL","Without Sequence","92.91","",""
"20/01/2026 10:00:00 - 20/01/2026 10:15:00","BZN|NL","Without Sequence","104.82","",""
"20/01/2026 10:15:00 - 20/01/2026 10:30:00","BZN|NL","Without Sequence","94.60","",""
"20/01/2026 10:30:00 - 20/01/2026 10:45:00","BZN|NL","Without Sequence","91.62","",""
"20/01/2026 10:45:00 - 20/01/2026 11:00:00","BZN|NL","Without Sequence","90.73","",""
"20/01/2026 11:00:00 - 20/01/2026 11:15:00","BZN|NL","Without Sequence","90.79","",""
"20/01/2026 11:15:00 - 20/01/2026 11:30:00","BZN|NL","Without Sequence","86.50","",""
"20/01/2026 11:30:00 - 20/01/2026 11:45:00","BZN|NL","Without Sequence","89.10","",""
"20/01/2026 11:45:00 - 20/01/2026 12:00:00","BZN|NL","Without Sequence","92.01","",""
"20/01/2026 12:00:00 - 20/01/2026 12:15:00","BZN|NL","Without Sequence","90.72","",""
"20/01/2026 12:15:00 - 20/01/2026 12:30:00","BZN|NL","Without Sequence","91.67","",""
"20/01/2026 12:30:00 - 20/01/2026 12:45:00","BZN|NL","Without Sequence","91.79","",""
"20/01/2026 12:45:00 - 20/01/2026 13:00:00","BZN|NL","Without Sequence","91.58","",""
"20/01/2026 13:00:00 - 20/01/2026 13:15:00","BZN|NL","Without Sequence","84.18","",""
"20/01/2026 13:15:00 - 20/01/2026 13:30:00","BZN|NL","Without Sequence","93.10","",""
"20/01/2026 13:30:00 - 20/01/2026 13:45:00","BZN|NL","Without Sequence","98.55","",""
"20/01/2026 13:45:00 - 20/01/2026 14:00:00","BZN|NL","Without Sequence","136.65","",""
"20/01/2026 14:00:00 - 20/01/2026 14:15:00","BZN|NL","Without Sequence","75.10","",""
"20/01/2026 14:15:00 - 20/01/2026 14:30:00","BZN|NL","Without Sequence","99.39","",""
"20/01/2026 14:30:00 - 20/01/2026 14:45:00","BZN|NL","Without Sequence","135.38","",""
"20/01/2026 14:45:00 - 20/01/2026 15:00:00","BZN|NL","Without Sequence","201.61","",""
"20/01/2026 15:00:00 - 20/01/2026 15:15:00","BZN|NL","Without Sequence","100.10","",""
"20/01/2026 15:15:00 - 20/01/2026 15:30:00","BZN|NL","Without Sequence","140.53","",""
"20/01/2026 15:30:00 - 20/01/2026 15:45:00","BZN|NL","Without Sequence","189.37","",""
"20/01/2026 15:45:00 - 20/01/2026 16:00:00","BZN|NL","Without Sequence","250.00","",""
"20/01/2026 16:00:00 - 20/01/2026 16:15:00","BZN|NL","Without Sequence","226.68","",""
"20/01/2026 16:15:00 - 20/01/2026 16:30:00","BZN|NL","Without Sequence","248.46","",""
"20/01/2026 16:30:00 - 20/01/2026 16:45:00","BZN|NL","Without Sequence","243.88","",""
"20/01/2026 16:45:00 - 20/01/2026 17:00:00","BZN|NL","Without Sequence","216.64","",""
"20/01/2026 17:00:00 - 20/01/2026 17:15:00","BZN|NL","Without Sequence","210.16","",""
"20/01/2026 17:15:00 - 20/01/2026 17:30:00","BZN|NL","Without Sequence","187.32","",""
"20/01/2026 17:30:00 - 20/01/2026 17:45:00","BZN|NL","Without Sequence","170.08","",""
"20/01/2026 17:45:00 - 20/01/2026 18:00:00","BZN|NL","Without Sequence","148.45","",""
"20/01/2026 18:00:00 - 20/01/2026 18:15:00","BZN|NL","Without Sequence","184.30","",""
"20/01/2026 18:15:00 - 20/01/2026 18:30:00","BZN|NL","Without Sequence","132.45","",""
"20/01/2026 18:30:00 - 20/01/2026 18:45:00","BZN|NL","Without Sequence","117.11","",""
"20/01/2026 18:45:00 - 20/01/2026 19:00:00","BZN|NL","Without Sequence","103.29","",""
"20/01/2026 19:00:00 - 20/01/2026 19:15:00","BZN|NL","Without Sequence","161.11","",""
"20/01/2026 19:15:00 - 20/01/2026 19:30:00","BZN|NL","Without Sequence","123.09","",""
"20/01/2026 19:30:00 - 20/01/2026 19:45:00","BZN|NL","Without Sequence","110.99","",""
"20/01/2026 19:45:00 - 20/01/2026 20:00:00","BZN|NL","Without Sequence","104.81","",""
"20/01/2026 20:00:00 - 20/01/2026 20:15:00","BZN|NL","Without Sequence","139.97","",""
"20/01/2026 20:15:00 - 20/01/2026 20:30:00","BZN|NL","Without Sequence","118.38","",""
"20/01/2026 20:30:00 - 20/01/2026 20:45:00","BZN|NL","Without Sequence","104.92","",""
"20/01/2026 20:45:00 - 20/01/2026 21:00:00","BZN|NL","Without Sequence","92.33","",""
"20/01/2026 21:00:00 - 20/01/2026 21:15:00","BZN|NL","Without Sequence","123.81","",""
"20/01/2026 21:15:00 - 20/01/2026 21:30:00","BZN|NL","Without Sequence","114.10","",""
"20/01/2026 21:30:00 - 20/01/2026 21:45:00","BZN|NL","Without Sequence","103.26","",""
"20/01/2026 21:45:00 - 20/01/2026 22:00:00","BZN|NL","Without Sequence","90.10","",""
"20/01/2026 22:00:00 - 20/01/2026 22:15:00","BZN|NL","Without Sequence","110.02","",""
"20/01/2026 22:15:00 - 20/01/2026 22:30:00","BZN|NL","Without Sequence","99.90","",""
"20/01/2026 22:30:00 - 20/01/2026 22:45:00","BZN|NL","Without Sequence","92.94","",""
"20/01/2026 22:45:00 - 20/01/2026 23:00:00","BZN|NL","Without Sequence","92.05","",""
"20/01/2026 23:00:00 - 20/01/2026 23:15:00","BZN|NL","Without Sequence","98.88","",""
"20/01/2026 23:15:00 - 20/01/2026 23:30:00","BZN|NL","Without Sequence","98.53","",""
"20/01/2026 23:30:00 - 20/01/2026 23:45:00","BZN|NL","Without Sequence","99.44","",""
"20/01/2026 23:45:00 - 21/01/2026 00:00:00","BZN|NL","Without Sequence","100.02","",""
"21/01/2026 00:00:00 - 21/01/2026 00:15:00","BZN|NL","Without Sequence","101.95","",""
"21/01/2026 00:15:00 - 21/01/2026 00:30:00","BZN|NL","Without Sequence","98.85","",""
"21/01/2026 00:30:00 - 21/01/2026 00:45:00","BZN|NL","Without Sequence","96.79","",""
"21/01/2026 00:45:00 - 21/01/2026 01:00:00","BZN|NL","Without Sequence","94.26","",""
"21/01/2026 01:00:00 - 21/01/2026 01:15:00","BZN|NL","Without Sequence","95.27","",""
"21/01/2026 01:15:00 - 21/01/2026 01:30:00","BZN|NL","Without Sequence","95.26","",""
"21/01/2026 01:30:00 - 21/01/2026 01:45:00","BZN|NL","Without Sequence","93.80","",""
"21/01/2026 01:45:00 - 21/01/2026 02:00:00","BZN|NL","Without Sequence","93.17","",""
"21/01/2026 02:00:00 - 21/01/2026 02:15:00","BZN|NL","Without Sequence","98.69","",""
"21/01/2026 02:15:00 - 21/01/2026 02:30:00","BZN|NL","Without Sequence","94.99","",""
"21/01/2026 02:30:00 - 21/01/2026 02:45:00","BZN|NL","Without Sequence","93.92","",""
"21/01/2026 02:45:00 - 21/01/2026 03:00:00","BZN|NL","Without Sequence","92.20","",""
"21/01/2026 03:00:00 - 21/01/2026 03:15:00","BZN|NL","Without Sequence","94.66","",""
"21/01/2026 03:15:00 - 21/01/2026 03:30:00","BZN|NL","Without Sequence","92.02","",""
"21/01/2026 03:30:00 - 21/01/2026 03:45:00","BZN|NL","Without Sequence","89.72","",""
"21/01/2026 03:45:00 - 21/01/2026 04:00:00","BZN|NL","Without Sequence","89.53","",""
"21/01/2026 04:00:00 - 21/01/2026 04:15:00","BZN|NL","Without Sequence","90.54","",""
"21/01/2026 04:15:00 - 21/01/2026 04:30:00","BZN|NL","Without Sequence","91.51","",""
"21/01/2026 04:30:00 - 21/01/2026 04:45:00","BZN|NL","Without Sequence","93.08","",""
"21/01/2026 04:45:00 - 21/01/2026 05:00:00","BZN|NL","Without Sequence","95.34","",""
"21/01/2026 05:00:00 - 21/01/2026 05:15:00","BZN|NL","Without Sequence","100.13","",""
"21/01/2026 05:15:00 - 21/01/2026 05:30:00","BZN|NL","Without Sequence","103.43","",""
"21/01/2026 05:30:00 - 21/01/2026 05:45:00","BZN|NL","Without Sequence","103.36","",""
"21/01/2026 05:45:00 - 21/01/2026 06:00:00","BZN|NL","Without Sequence","103.87","",""
"21/01/2026 06:00:00 - 21/01/2026 06:15:00","BZN|NL","Without Sequence","87.15","",""
"21/01/2026 06:15:00 - 21/01/2026 06:30:00","BZN|NL","Without Sequence","97.95","",""
"21/01/2026 06:30:00 - 21/01/2026 06:45:00","BZN|NL","Without Sequence","113.00","",""
"21/01/2026 06:45:00 - 21/01/2026 07:00:00","BZN|NL","Without Sequence","133.81","",""
"21/01/2026 07:00:00 - 21/01/2026 07:15:00","BZN|NL","Without Sequence","138.55","",""
"21/01/2026 07:15:00 - 21/01/2026 07:30:00","BZN|NL","Without Sequence","149.96","",""
"21/01/2026 07:30:00 - 21/01/2026 07:45:00","BZN|NL","Without Sequence","152.70","",""
"21/01/2026 07:45:00 - 21/01/2026 08:00:00","BZN|NL","Without Sequence","138.80","",""
"21/01/2026 08:00:00 - 21/01/2026 08:15:00","BZN|NL","Without Sequence","146.65","",""
"21/01/2026 08:15:00 - 21/01/2026 08:30:00","BZN|NL","Without Sequence","135.27","",""
"21/01/2026 08:30:00 - 21/01/2026 08:45:00","BZN|NL","Without Sequence","125.23","",""
"21/01/2026 08:45:00 - 21/01/2026 09:00:00","BZN|NL","Without Sequence","113.49","",""
"21/01/2026 09:00:00 - 21/01/2026 09:15:00","BZN|NL","Without Sequence","133.75","",""
"21/01/2026 09:15:00 - 21/01/2026 09:30:00","BZN|NL","Without Sequence","111.25","",""
"21/01/2026 09:30:00 - 21/01/2026 09:45:00","BZN|NL","Without Sequence","101.41","",""
"21/01/2026 09:45:00 - 21/01/2026 10:00:00","BZN|NL","Without Sequence","98.60","",""
"21/01/2026 10:00:00 - 21/01/2026 10:15:00","BZN|NL","Without Sequence","100.17","",""
"21/01/2026 10:15:00 - 21/01/2026 10:30:00","BZN|NL","Without Sequence","97.84","",""
"21/01/2026 10:30:00 - 21/01/2026 10:45:00","BZN|NL","Without Sequence","95.53","",""
"21/01/2026 10:45:00 - 21/01/2026 11:00:00","BZN|NL","Without Sequence","94.86","",""
"21/01/2026 11:00:00 - 21/01/2026 11:15:00","BZN|NL","Without Sequence","93.87","",""
"21/01/2026 11:15:00 - 21/01/2026 11:30:00","BZN|NL","Without Sequence","93.37","",""
"21/01/2026 11:30:00 - 21/01/2026 11:45:00","BZN|NL","Without Sequence","93.57","",""
"21/01/2026 11:45:00 - 21/01/2026 12:00:00","BZN|NL","Without Sequence","94.21","",""
"21/01/2026 12:00:00 - 21/01/2026 12:15:00","BZN|NL","Without Sequence","95.65","",""
"21/01/2026 12:15:00 - 21/01/2026 12:30:00","BZN|NL","Without Sequence","96.01","",""
"21/01/2026 12:30:00 - 21/01/2026 12:45:00","BZN|NL","Without Sequence","96.04","",""
"21/01/2026 12:45:00 - 21/01/2026 13:00:00","BZN|NL","Without Sequence","99.73","",""
"21/01/2026 13:00:00 - 21/01/2026 13:15:00","BZN|NL","Without Sequence","98.08","",""
"21/01/2026 13:15:00 - 21/01/2026 13:30:00","BZN|NL","Without Sequence","99.42","",""
"21/01/2026 13:30:00 - 21/01/2026 13:45:00","BZN|NL","Without Sequence","103.02","",""
"21/01/2026 13:45:00 - 21/01/2026 14:00:00","BZN|NL","Without Sequence","111.84","",""
"21/01/2026 14:00:00 - 21/01/2026 14:15:00","BZN|NL","Without Sequence","103.16","",""
"21/01/2026 14:15:00 - 21/01/2026 14:30:00","BZN|NL","Without Sequence","119.46","",""
"21/01/2026 14:30:00 - 21/01/2026 14:45:00","BZN|NL","Without Sequence","128.27","",""
"21/01/2026 14:45:00 - 21/01/2026 15:00:00","BZN|NL","Without Sequence","141.36","",""
"21/01/2026 15:00:00 - 21/01/2026 15:15:00","BZN|NL","Without Sequence","112.89","",""
"21/01/2026 15:15:00 - 21/01/2026 15:30:00","BZN|NL","Without Sequence","127.00","",""
"21/01/2026 15:30:00 - 21/01/2026 15:45:00","BZN|NL","Without Sequence","137.11","",""
"21/01/2026 15:45:00 - 21/01/2026 16:00:00","BZN|NL","Without Sequence","145.00","",""
"21/01/2026 16:00:00 - 21/01/2026 16:15:00","BZN|NL","Without Sequence","123.21","",""
"21/01/2026 16:15:00 - 21/01/2026 16:30:00","BZN|NL","Without Sequence","133.58","",""
"21/01/2026 16:30:00 - 21/01/2026 16:45:00","BZN|NL","Without Sequence","132.51","",""
"21/01/2026 16:45:00 - 21/01/2026 17:00:00","BZN|NL","Without Sequence","126.82","",""
"21/01/2026 17:00:00 - 21/01/2026 17:15:00","BZN|NL","Without Sequence","141.04","",""
"21/01/2026 17:15:00 - 21/01/2026 17:30:00","BZN|NL","Without Sequence","119.18","",""
"21/01/2026 17:30:00 - 21/01/2026 17:45:00","BZN|NL","Without Sequence","112.53","",""
"21/01/2026 17:45:00 - 21/01/2026 18:00:00","BZN|NL","Without Sequence","107.65","",""
"21/01/2026 18:00:00 - 21/01/2026 18:15:00","BZN|NL","Without Sequence","113.47","",""
"21/01/2026 18:15:00 - 21/01/2026 18:30:00","BZN|NL","Without Sequence","109.01","",""
"21/01/2026 18:30:00 - 21/01/2026 18:45:00","BZN|NL","Without Sequence","105.32","",""
"21/01/2026 18:45:00 - 21/01/2026 19:00:00","BZN|NL","Without Sequence","99.96","",""
"21/01/2026 19:00:00 - 21/01/2026 19:15:00","BZN|NL","Without Sequence","110.10","",""
"21/01/2026 19:15:00 - 21/01/2026 19:30:00","BZN|NL","Without Sequence","103.27","",""
"21/01/2026 19:30:00 - 21/01/2026 19:45:00","BZN|NL","Without Sequence","100.20","",""
"21/01/2026 19:45:00 - 21/01/2026 20:00:00","BZN|NL","Without Sequence","99.89","",""
"21/01/2026 20:00:00 - 21/01/2026 20:15:00","BZN|NL","Without Sequence","100.20","",""
"21/01/2026 20:15:00 - 21/01/2026 20:30:00","BZN|NL","Without Sequence","100.08","",""
"21/01/2026 20:30:00 - 21/01/2026 20:45:00","BZN|NL","Without Sequence","99.71","",""
"21/01/2026 20:45:00 - 21/01/2026 21:00:00","BZN|NL","Without Sequence","93.14","",""
"21/01/2026 21:00:00 - 21/01/2026 21:15:00","BZN|NL","Without Sequence","110.26","",""
"21/01/2026 21:15:00 - 21/01/2026 21:30:00","BZN|NL","Without Sequence","103.65","",""
"21/01/2026 21:30:00 - 21/01/2026 21:45:00","BZN|NL","Without Sequence","99.00","",""
"21/01/2026 21:45:00 - 21/01/2026 22:00:00","BZN|NL","Without Sequence","96.69","",""
"21/01/2026 22:00:00 - 21/01/2026 22:15:00","BZN|NL","Without Sequence","103.06","",""
"21/01/2026 22:15:00 - 21/01/2026 22:30:00","BZN|NL","Without Sequence","95.76","",""
"21/01/2026 22:30:00 - 21/01/2026 22:45:00","BZN|NL","Without Sequence","93.72","",""
"21/01/2026 22:45:00 - 21/01/2026 23:00:00","BZN|NL","Without Sequence","91.98","",""
"21/01/2026 23:00:00 - 21/01/2026 23:15:00","BZN|NL","Without Sequence","88.03","",""
"21/01/2026 23:15:00 - 21/01/2026 23:30:00","BZN|NL","Without Sequence","88.42","",""
"21/01/2026 23:30:00 - 21/01/2026 23:45:00","BZN|NL","Without Sequence","85.73","",""
"21/01/2026 23:45:00 - 22/01/2026 00:00:00","BZN|NL","Without Sequence","80.92","",""
"22/01/2026 00:00:00 - 22/01/2026 00:15:00","BZN|NL","Without Sequence","89.89","",""
"22/01/2026 00:15:00 - 22/01/2026 00:30:00","BZN|NL","Without Sequence","88.53","",""
"22/01/2026 00:30:00 - 22/01/2026 00:45:00","BZN|NL","Without Sequence","87.72","",""
"22/01/2026 00:45:00 - 22/01/2026 01:00:00","BZN|NL","Without Sequence","86.00","",""
"22/01/2026 01:00:00 - 22/01/2026 01:15:00","BZN|NL","Without Sequence","90.18","",""
"22/01/2026 01:15:00 - 22/01/2026 01:30:00","BZN|NL","Without Sequence","90.09","",""
"22/01/2026 01:30:00 - 22/01/2026 01:45:00","BZN|NL","Without Sequence","89.98","",""
"22/01/2026 01:45:00 - 22/01/2026 02:00:00","BZN|NL","Without Sequence","84.57","",""
"22/01/2026 02:00:00 - 22/01/2026 02:15:00","BZN|NL","Without Sequence","85.43","",""
"22/01/2026 02:15:00 - 22/01/2026 02:30:00","BZN|NL","Without Sequence","83.65","",""
"22/01/2026 02:30:00 - 22/01/2026 02:45:00","BZN|NL","Without Sequence","83.47","",""
"22/01/2026 02:45:00 - 22/01/2026 03:00:00","BZN|NL","Without Sequence","83.82","",""
"22/01/2026 03:00:00 - 22/01/2026 03:15:00","BZN|NL","Without Sequence","83.86","",""
"22/01/2026 03:15:00 - 22/01/2026 03:30:00","BZN|NL","Without Sequence","83.61","",""
"22/01/2026 03:30:00 - 22/01/2026 03:45:00","BZN|NL","Without Sequence","85.06","",""
"22/01/2026 03:45:00 - 22/01/2026 04:00:00","BZN|NL","Without Sequence","85.96","",""
"22/01/2026 04:00:00 - 22/01/2026 04:15:00","BZN|NL","Without Sequence","84.86","",""
"22/01/2026 04:15:00 - 22/01/2026 04:30:00","BZN|NL","Without Sequence","82.98","",""
"22/01/2026 04:30:00 - 22/01/2026 04:45:00","BZN|NL","Without Sequence","84.89","",""
"22/01/2026 04:45:00 - 22/01/2026 05:00:00","BZN|NL","Without Sequence","91.80","",""
"22/01/2026 05:00:00 - 22/01/2026 05:15:00","BZN|NL","Without Sequence","85.23","",""
"22/01/2026 05:15:00 - 22/01/2026 05:30:00","BZN|NL","Without Sequence","88.73","",""
"22/01/2026 05:30:00 - 22/01/2026 05:45:00","BZN|NL","Without Sequence","101.37","",""
"22/01/2026 05:45:00 - 22/01/2026 06:00:00","BZN|NL","Without Sequence","111.26","",""
"22/01/2026 06:00:00 - 22/01/2026 06:15:00","BZN|NL","Without Sequence","97.35","",""
"22/01/2026 06:15:00 - 22/01/2026 06:30:00","BZN|NL","Without Sequence","104.82","",""
"22/01/2026 06:30:00 - 22/01/2026 06:45:00","BZN|NL","Without Sequence","106.40","",""
"22/01/2026 06:45:00 - 22/01/2026 07:00:00","BZN|NL","Without Sequence","119.13","",""
"22/01/2026 07:00:00 - 22/01/2026 07:15:00","BZN|NL","Without Sequence","135.01","",""
"22/01/2026 07:15:00 - 22/01/2026 07:30:00","BZN|NL","Without Sequence","143.18","",""
"22/01/2026 07:30:00 - 22/01/2026 07:45:00","BZN|NL","Without Sequence","128.97","",""
"22/01/2026 07:45:00 - 22/01/2026 08:00:00","BZN|NL","Without Sequence","122.18","",""
"22/01/2026 08:00:00 - 22/01/2026 08:15:00","BZN|NL","Without Sequence","127.50","",""
"22/01/2026 08:15:00 - 22/01/2026 08:30:00","BZN|NL","Without Sequence","115.67","",""
"22/01/2026 08:30:00 - 22/01/2026 08:45:00","BZN|NL","Without Sequence","112.61","",""
"22/01/2026 08:45:00 - 22/01/2026 09:00:00","BZN|NL","Without Sequence","100.00","",""
"22/01/2026 09:00:00 - 22/01/2026 09:15:00","BZN|NL","Without Sequence","109.02","",""
"22/01/2026 09:15:00 - 22/01/2026 09:30:00","BZN|NL","Without Sequence","98.59","",""
"22/01/2026 09:30:00 - 22/01/2026 09:45:00","BZN|NL","Without Sequence","98.33","",""
"22/01/2026 09:45:00 - 22/01/2026 10:00:00","BZN|NL","Without Sequence","94.34","",""
"22/01/2026 10:00:00 - 22/01/2026 10:15:00","BZN|NL","Without Sequence","91.50","",""
"22/01/2026 10:15:00 - 22/01/2026 10:30:00","BZN|NL","Without Sequence","89.74","",""
"22/01/2026 10:30:00 - 22/01/2026 10:45:00","BZN|NL","Without Sequence","89.94","",""
"22/01/2026 10:45:00 - 22/01/2026 11:00:00","BZN|NL","Without Sequence","87.45","",""
"22/01/2026 11:00:00 - 22/01/2026 11:15:00","BZN|NL","Without Sequence","90.73","",""
"22/01/2026 11:15:00 - 22/01/2026 11:30:00","BZN|NL","Without Sequence","87.01","",""
"22/01/2026 11:30:00 - 22/01/2026 11:45:00","BZN|NL","Without Sequence","86.53","",""
"22/01/2026 11:45:00 - 22/01/2026 12:00:00","BZN|NL","Without Sequence","85.88","",""
"22/01/2026 12:00:00 - 22/01/2026 12:15:00","BZN|NL","Without Sequence","89.94","",""
"22/01/2026 12:15:00 - 22/01/2026 12:30:00","BZN|NL","Without Sequence","90.76","",""
"22/01/2026 12:30:00 - 22/01/2026 12:45:00","BZN|NL","Without Sequence","90.06","",""
"22/01/2026 12:45:00 - 22/01/2026 13:00:00","BZN|NL","Without Sequence","90.17","",""
"22/01/2026 13:00:00 - 22/01/2026 13:15:00","BZN|NL","Without Sequence","90.67","",""
"22/01/2026 13:15:00 - 22/01/2026 13:30:00","BZN|NL","Without Sequence","97.09","",""
"22/01/2026 13:30:00 - 22/01/2026 13:45:00","BZN|NL","Without Sequence","96.87","",""
"22/01/2026 13:45:00 - 22/01/2026 14:00:00","BZN|NL","Without Sequence","101.49","",""
"22/01/2026 14:00:00 - 22/01/2026 14:15:00","BZN|NL","Without Sequence","95.83","",""
"22/01/2026 14:15:00 - 22/01/2026 14:30:00","BZN|NL","Without Sequence","101.88","",""
"22/01/2026 14:30:00 - 22/01/2026 14:45:00","BZN|NL","Without Sequence","108.25","",""
"22/01/2026 14:45:00 - 22/01/2026 15:00:00","BZN|NL","Without Sequence","113.86","",""
"22/01/2026 15:00:00 - 22/01/2026 15:15:00","BZN|NL","Without Sequence","110.07","",""
"22/01/2026 15:15:00 - 22/01/2026 15:30:00","BZN|NL","Without Sequence","123.16","",""
"22/01/2026 15:30:00 - 22/01/2026 15:45:00","BZN|NL","Without Sequence","136.94","",""
"22/01/2026 15:45:00 - 22/01/2026 16:00:00","BZN|NL","Without Sequence","127.61","",""
"22/01/2026 16:00:00 - 22/01/2026 16:15:00","BZN|NL","Without Sequence","123.63","",""
"22/01/2026 16:15:00 - 22/01/2026 16:30:00","BZN|NL","Without Sequence","131.92","",""
"22/01/2026 16:30:00 - 22/01/2026 16:45:00","BZN|NL","Without Sequence","136.64","",""
"22/01/2026 16:45:00 - 22/01/2026 17:00:00","BZN|NL","Without Sequence","134.98","",""
"22/01/2026 17:00:00 - 22/01/2026 17:15:00","BZN|NL","Without Sequence","126.39","",""
"22/01/2026 17:15:00 - 22/01/2026 17:30:00","BZN|NL","Without Sequence","127.39","",""
"22/01/2026 17:30:00 - 22/01/2026 17:45:00","BZN|NL","Without Sequence","127.42","",""
"22/01/2026 17:45:00 - 22/01/2026 18:00:00","BZN|NL","Without Sequence","130.00","",""
"22/01/2026 18:00:00 - 22/01/2026 18:15:00","BZN|NL","Without Sequence","128.65","",""
"22/01/2026 18:15:00 - 22/01/2026 18:30:00","BZN|NL","Without Sequence","120.00","",""
"22/01/2026 18:30:00 - 22/01/2026 18:45:00","BZN|NL","Without Sequence","122.67","",""
"22/01/2026 18:45:00 - 22/01/2026 19:00:00","BZN|NL","Without Sequence","112.81","",""
"22/01/2026 19:00:00 - 22/01/2026 19:15:00","BZN|NL","Without Sequence","115.91","",""
"22/01/2026 19:15:00 - 22/01/2026 19:30:00","BZN|NL","Without Sequence","108.31","",""
"22/01/2026 19:30:00 - 22/01/2026 19:45:00","BZN|NL","Without Sequence","108.10","",""
"22/01/2026 19:45:00 - 22/01/2026 20:00:00","BZN|NL","Without Sequence","106.14","",""
"22/01/2026 20:00:00 - 22/01/2026 20:15:00","BZN|NL","Without Sequence","120.33","",""
"22/01/2026 20:15:00 - 22/01/2026 20:30:00","BZN|NL","Without Sequence","108.04","",""
"22/01/2026 20:30:00 - 22/01/2026 20:45:00","BZN|NL","Without Sequence","101.84","",""
"22/01/2026 20:45:00 - 22/01/2026 21:00:00","BZN|NL","Without Sequence","97.44","",""
"22/01/2026 21:00:00 - 22/01/2026 21:15:00","BZN|NL","Without Sequence","102.68","",""
"22/01/2026 21:15:00 - 22/01/2026 21:30:00","BZN|NL","Without Sequence","101.91","",""
"22/01/2026 21:30:00 - 22/01/2026 21:45:00","BZN|NL","Without Sequence","108.95","",""
"22/01/2026 21:45:00 - 22/01/2026 22:00:00","BZN|NL","Without Sequence","98.63","",""
"22/01/2026 22:00:00 - 22/01/2026 22:15:00","BZN|NL","Without Sequence","102.67","",""
"22/01/2026 22:15:00 - 22/01/2026 22:30:00","BZN|NL","Without Sequence","96.56","",""
"22/01/2026 22:30:00 - 22/01/2026 22:45:00","BZN|NL","Without Sequence","99.45","",""
"22/01/2026 22:45:00 - 22/01/2026 23:00:00","BZN|NL","Without Sequence","90.46","",""
"22/01/2026 23:00:00 - 22/01/2026 23:15:00","BZN|NL","Without Sequence","99.42","",""
"22/01/2026 23:15:00 - 22/01/2026 23:30:00","BZN|NL","Without Sequence","97.79","",""
"22/01/2026 23:30:00 - 22/01/2026 23:45:00","BZN|NL","Without Sequence","96.92","",""
"22/01/2026 23:45:00 - 23/01/2026 00:00:00","BZN|NL","Without Sequence","95.31","",""
"23/01/2026 00:00:00 - 23/01/2026 00:15:00","BZN|NL","Without Sequence","100.06","",""
"23/01/2026 00:15:00 - 23/01/2026 00:30:00","BZN|NL","Without Sequence","96.62","",""
"23/01/2026 00:30:00 - 23/01/2026 00:45:00","BZN|NL","Without Sequence","97.25","",""
"23/01/2026 00:45:00 - 23/01/2026 01:00:00","BZN|NL","Without Sequence","95.73","",""
"23/01/2026 01:00:00 - 23/01/2026 01:15:00","BZN|NL","Without Sequence","98.95","",""
"23/01/2026 01:15:00 - 23/01/2026 01:30:00","BZN|NL","Without Sequence","94.40","",""
"23/01/2026 01:30:00 - 23/01/2026 01:45:00","BZN|NL","Without Sequence","93.87","",""
"23/01/2026 01:45:00 - 23/01/2026 02:00:00","BZN|NL","Without Sequence","92.25","",""
"23/01/2026 02:00:00 - 23/01/2026 02:15:00","BZN|NL","Without Sequence","95.10","",""
"23/01/2026 02:15:00 - 23/01/2026 02:30:00","BZN|NL","Without Sequence","91.56","",""
"23/01/2026 02:30:00 - 23/01/2026 02:45:00","BZN|NL","Without Sequence","91.91","",""
"23/01/2026 02:45:00 - 23/01/2026 03:00:00","BZN|NL","Without Sequence","92.67","",""
"23/01/2026 03:00:00 - 23/01/2026 03:15:00","BZN|NL","Without Sequence","92.50","",""
"23/01/2026 03:15:00 - 23/01/2026 03:30:00","BZN|NL","Without Sequence","90.35","",""
"23/01/2026 03:30:00 - 23/01/2026 03:45:00","BZN|NL","Without Sequence","93.75","",""
"23/01/2026 03:45:00 - 23/01/2026 04:00:00","BZN|NL","Without Sequence","95.40","",""
"23/01/2026 04:00:00 - 23/01/2026 04:15:00","BZN|NL","Without Sequence","94.87","",""
"23/01/2026 04:15:00 - 23/01/2026 04:30:00","BZN|NL","Without Sequence","94.83","",""
"23/01/2026 04:30:00 - 23/01/2026 04:45:00","BZN|NL","Without Sequence","96.33","",""
"23/01/2026 04:45:00 - 23/01/2026 05:00:00","BZN|NL","Without Sequence","96.91","",""
"23/01/2026 05:00:00 - 23/01/2026 05:15:00","BZN|NL","Without Sequence","97.66","",""
"23/01/2026 05:15:00 - 23/01/2026 05:30:00","BZN|NL","Without Sequence","104.15","",""
"23/01/2026 05:30:00 - 23/01/2026 05:45:00","BZN|NL","Without Sequence","112.68","",""
"23/01/2026 05:45:00 - 23/01/2026 06:00:00","BZN|NL","Without Sequence","113.91","",""
"23/01/2026 06:00:00 - 23/01/2026 06:15:00","BZN|NL","Without Sequence","114.20","",""
"23/01/2026 06:15:00 - 23/01/2026 06:30:00","BZN|NL","Without Sequence","119.98","",""
"23/01/2026 06:30:00 - 23/01/2026 06:45:00","BZN|NL","Without Sequence","131.05","",""
"23/01/2026 06:45:00 - 23/01/2026 07:00:00","BZN|NL","Without Sequence","143.13","",""
"23/01/2026 07:00:00 - 23/01/2026 07:15:00","BZN|NL","Without Sequence","149.04","",""
"23/01/2026 07:15:00 - 23/01/2026 07:30:00","BZN|NL","Without Sequence","153.50","",""
"23/01/2026 07:30:00 - 23/01/2026 07:45:00","BZN|NL","Without Sequence","147.82","",""
"23/01/2026 07:45:00 - 23/01/2026 08:00:00","BZN|NL","Without Sequence","137.41","",""
"23/01/2026 08:00:00 - 23/01/2026 08:15:00","BZN|NL","Without Sequence","160.47","",""
"23/01/2026 08:15:00 - 23/01/2026 08:30:00","BZN|NL","Without Sequence","145.06","",""
"23/01/2026 08:30:00 - 23/01/2026 08:45:00","BZN|NL","Without Sequence","139.61","",""
"23/01/2026 08:45:00 - 23/01/2026 09:00:00","BZN|NL","Without Sequence","117.65","",""
"23/01/2026 09:00:00 - 23/01/2026 09:15:00","BZN|NL","Without Sequence","132.91","",""
"23/01/2026 09:15:00 - 23/01/2026 09:30:00","BZN|NL","Without Sequence","116.98","",""
"23/01/2026 09:30:00 - 23/01/2026 09:45:00","BZN|NL","Without Sequence","110.95","",""
"23/01/2026 09:45:00 - 23/01/2026 10:00:00","BZN|NL","Without Sequence","103.14","",""
"23/01/2026 10:00:00 - 23/01/2026 10:15:00","BZN|NL","Without Sequence","105.10","",""
"23/01/2026 10:15:00 - 23/01/2026 10:30:00","BZN|NL","Without Sequence","103.07","",""
"23/01/2026 10:30:00 - 23/01/2026 10:45:00","BZN|NL","Without Sequence","101.76","",""
"23/01/2026 10:45:00 - 23/01/2026 11:00:00","BZN|NL","Without Sequence","100.41","",""
"23/01/2026 11:00:00 - 23/01/2026 11:15:00","BZN|NL","Without Sequence","100.75","",""
"23/01/2026 11:15:00 - 23/01/2026 11:30:00","BZN|NL","Without Sequence","99.17","",""
"23/01/2026 11:30:00 - 23/01/2026 11:45:00","BZN|NL","Without Sequence","98.69","",""
"23/01/2026 11:45:00 - 23/01/2026 12:00:00","BZN|NL","Without Sequence","98.32","",""
"23/01/2026 12:00:00 - 23/01/2026 12:15:00","BZN|NL","Without Sequence","97.59","",""
"23/01/2026 12:15:00 - 23/01/2026 12:30:00","BZN|NL","Without Sequence","97.32","",""
"23/01/2026 12:30:00 - 23/01/2026 12:45:00","BZN|NL","Without Sequence","96.50","",""
"23/01/2026 12:45:00 - 23/01/2026 13:00:00","BZN|NL","Without Sequence","96.42","",""
"23/01/2026 13:00:00 - 23/01/2026 13:15:00","BZN|NL","Without Sequence","95.95","",""
"23/01/2026 13:15:00 - 23/01/2026 13:30:00","BZN|NL","Without Sequence","96.53","",""
"23/01/2026 13:30:00 - 23/01/2026 13:45:00","BZN|NL","Without Sequence","96.41","",""
"23/01/2026 13:45:00 - 23/01/2026 14:00:00","BZN|NL","Without Sequence","98.37","",""
"23/01/2026 14:00:00 - 23/01/2026 14:15:00","BZN|NL","Without Sequence","96.96","",""
"23/01/2026 14:15:00 - 23/01/2026 14:30:00","BZN|NL","Without Sequence","100.90","",""
"23/01/2026 14:30:00 - 23/01/2026 14:45:00","BZN|NL","Without Sequence","110.53","",""
"23/01/2026 14:45:00 - 23/01/2026 15:00:00","BZN|NL","Without Sequence","120.40","",""
"23/01/2026 15:00:00 - 23/01/2026 15:15:00","BZN|NL","Without Sequence","108.40","",""
"23/01/2026 15:15:00 - 23/01/2026 15:30:00","BZN|NL","Without Sequence","120.24","",""
"23/01/2026 15:30:00 - 23/01/2026 15:45:00","BZN|NL","Without Sequence","124.92","",""
"23/01/2026 15:45:00 - 23/01/2026 16:00:00","BZN|NL","Without Sequence","129.87","",""
"23/01/2026 16:00:00 - 23/01/2026 16:15:00","BZN|NL","Without Sequence","128.97","",""
"23/01/2026 16:15:00 - 23/01/2026 16:30:00","BZN|NL","Without Sequence","134.67","",""
"23/01/2026 16:30:00 - 23/01/2026 16:45:00","BZN|NL","Without Sequence","135.39","",""
"23/01/2026 16:45:00 - 23/01/2026 17:00:00","BZN|NL","Without Sequence","134.48","",""
"23/01/2026 17:00:00 - 23/01/2026 17:15:00","BZN|NL","Without Sequence","127.92","",""
"23/01/2026 17:15:00 - 23/01/2026 17:30:00","BZN|NL","Without Sequence","125.48","",""
"23/01/2026 17:30:00 - 23/01/2026 17:45:00","BZN|NL","Without Sequence","124.73","",""
"23/01/2026 17:45:00 - 23/01/2026 18:00:00","BZN|NL","Without Sequence","129.94","",""
"23/01/2026 18:00:00 - 23/01/2026 18:15:00","BZN|NL","Without Sequence","124.85","",""
"23/01/2026 18:15:00 - 23/01/2026 18:30:00","BZN|NL","Without Sequence","116.83","",""
"23/01/2026 18:30:00 - 23/01/2026 18:45:00","BZN|NL","Without Sequence","113.35","",""
"23/01/2026 18:45:00 - 23/01/2026 19:00:00","BZN|NL","Without Sequence","109.76","",""
"23/01/2026 19:00:00 - 23/01/2026 19:15:00","BZN|NL","Without Sequence","112.96","",""
"23/01/2026 19:15:00 - 23/01/2026 19:30:00","BZN|NL","Without Sequence","107.85","",""
"23/01/2026 19:30:00 - 23/01/2026 19:45:00","BZN|NL","Without Sequence","105.26","",""
"23/01/2026 19:45:00 - 23/01/2026 20:00:00","BZN|NL","Without Sequence","102.69","",""
"23/01/2026 20:00:00 - 23/01/2026 20:15:00","BZN|NL","Without Sequence","109.33","",""
"23/01/2026 20:15:00 - 23/01/2026 20:30:00","BZN|NL","Without Sequence","106.51","",""
"23/01/2026 20:30:00 - 23/01/2026 20:45:00","BZN|NL","Without Sequence","103.14","",""
"23/01/2026 20:45:00 - 23/01/2026 21:00:00","BZN|NL","Without Sequence","99.28","",""
"23/01/2026 21:00:00 - 23/01/2026 21:15:00","BZN|NL","Without Sequence","105.79","",""
"23/01/2026 21:15:00 - 23/01/2026 21:30:00","BZN|NL","Without Sequence","102.30","",""
"23/01/2026 21:30:00 - 23/01/2026 21:45:00","BZN|NL","Without Sequence","106.89","",""
"23/01/2026 21:45:00 - 23/01/2026 22:00:00","BZN|NL","Without Sequence","104.39","",""
"23/01/2026 22:00:00 - 23/01/2026 22:15:00","BZN|NL","Without Sequence","99.24","",""
"23/01/2026 22:15:00 - 23/01/2026 22:30:00","BZN|NL","Without Sequence","96.33","",""
"23/01/2026 22:30:00 - 23/01/2026 22:45:00","BZN|NL","Without Sequence","97.42","",""
"23/01/2026 22:45:00 - 23/01/2026 23:00:00","BZN|NL","Without Sequence","95.30","",""
"23/01/2026 23:00:00 - 23/01/2026 23:15:00","BZN|NL","Without Sequence","104.39","",""
"23/01/2026 23:15:00 - 23/01/2026 23:30:00","BZN|NL","Without Sequence","101.58","",""
"23/01/2026 23:30:00 - 23/01/2026 23:45:00","BZN|NL","Without Sequence","98.87","",""
"23/01/2026 23:45:00 - 24/01/2026 00:00:00","BZN|NL","Without Sequence","94.66","",""
"24/01/2026 00:00:00 - 24/01/2026 00:15:00","BZN|NL","Without Sequence","103.08","",""
"24/01/2026 00:15:00 - 24/01/2026 00:30:00","BZN|NL","Without Sequence","98.64","",""
"24/01/2026 00:30:00 - 24/01/2026 00:45:00","BZN|NL","Without Sequence","97.44","",""
"24/01/2026 00:45:00 - 24/01/2026 01:00:00","BZN|NL","Without Sequence","96.92","",""
"24/01/2026 01:00:00 - 24/01/2026 01:15:00","BZN|NL","Without Sequence","97.61","",""
"24/01/2026 01:15:00 - 24/01/2026 01:30:00","BZN|NL","Without Sequence","97.72","",""
"24/01/2026 01:30:00 - 24/01/2026 01:45:00","BZN|NL","Without Sequence","97.64","",""
"24/01/2026 01:45:00 - 24/01/2026 02:00:00","BZN|NL","Without Sequence","96.88","",""
"24/01/2026 02:00:00 - 24/01/2026 02:15:00","BZN|NL","Without Sequence","97.36","",""
"24/01/2026 02:15:00 - 24/01/2026 02:30:00","BZN|NL","Without Sequence","98.17","",""
"24/01/2026 02:30:00 - 24/01/2026 02:45:00","BZN|NL","Without Sequence","97.42","",""
"24/01/2026 02:45:00 - 24/01/2026 03:00:00","BZN|NL","Without Sequence","97.45","",""
"24/01/2026 03:00:00 - 24/01/2026 03:15:00","BZN|NL","Without Sequence","97.95","",""
"24/01/2026 03:15:00 - 24/01/2026 03:30:00","BZN|NL","Without Sequence","96.61","",""
"24/01/2026 03:30:00 - 24/01/2026 03:45:00","BZN|NL","Without Sequence","96.58","",""
"24/01/2026 03:45:00 - 24/01/2026 04:00:00","BZN|NL","Without Sequence","97.19","",""
"24/01/2026 04:00:00 - 24/01/2026 04:15:00","BZN|NL","Without Sequence","97.11","",""
"24/01/2026 04:15:00 - 24/01/2026 04:30:00","BZN|NL","Without Sequence","98.10","",""
"24/01/2026 04:30:00 - 24/01/2026 04:45:00","BZN|NL","Without Sequence","98.32","",""
"24/01/2026 04:45:00 - 24/01/2026 05:00:00","BZN|NL","Without Sequence","99.80","",""
"24/01/2026 05:00:00 - 24/01/2026 05:15:00","BZN|NL","Without Sequence","95.95","",""
"24/01/2026 05:15:00 - 24/01/2026 05:30:00","BZN|NL","Without Sequence","99.98","",""
"24/01/2026 05:30:00 - 24/01/2026 05:45:00","BZN|NL","Without Sequence","100.41","",""
"24/01/2026 05:45:00 - 24/01/2026 06:00:00","BZN|NL","Without Sequence","101.58","",""
"24/01/2026 06:00:00 - 24/01/2026 06:15:00","BZN|NL","Without Sequence","102.52","",""
"24/01/2026 06:15:00 - 24/01/2026 06:30:00","BZN|NL","Without Sequence","102.85","",""
"24/01/2026 06:30:00 - 24/01/2026 06:45:00","BZN|NL","Without Sequence","104.26","",""
"24/01/2026 06:45:00 - 24/01/2026 07:00:00","BZN|NL","Without Sequence","105.74","",""
"24/01/2026 07:00:00 - 24/01/2026 07:15:00","BZN|NL","Without Sequence","109.67","",""
"24/01/2026 07:15:00 - 24/01/2026 07:30:00","BZN|NL","Without Sequence","110.18","",""
"24/01/2026 07:30:00 - 24/01/2026 07:45:00","BZN|NL","Without Sequence","112.26","",""
"24/01/2026 07:45:00 - 24/01/2026 08:00:00","BZN|NL","Without Sequence","112.90","",""
"24/01/2026 08:00:00 - 24/01/2026 08:15:00","BZN|NL","Without Sequence","125.15","",""
"24/01/2026 08:15:00 - 24/01/2026 08:30:00","BZN|NL","Without Sequence","126.30","",""
"24/01/2026 08:30:00 - 24/01/2026 08:45:00","BZN|NL","Without Sequence","121.17","",""
"24/01/2026 08:45:00 - 24/01/2026 09:00:00","BZN|NL","Without Sequence","118.67","",""
"24/01/2026 09:00:00 - 24/01/2026 09:15:00","BZN|NL","Without Sequence","135.46","",""
"24/01/2026 09:15:00 - 24/01/2026 09:30:00","BZN|NL","Without Sequence","120.60","",""
"24/01/2026 09:30:00 - 24/01/2026 09:45:00","BZN|NL","Without Sequence","116.08","",""
"24/01/2026 09:45:00 - 24/01/2026 10:00:00","BZN|NL","Without Sequence","106.69","",""
"24/01/2026 10:00:00 - 24/01/2026 10:15:00","BZN|NL","Without Sequence","115.36","",""
"24/01/2026 10:15:00 - 24/01/2026 10:30:00","BZN|NL","Without Sequence","110.75","",""
"24/01/2026 10:30:00 - 24/01/2026 10:45:00","BZN|NL","Without Sequence","110.33","",""
"24/01/2026 10:45:00 - 24/01/2026 11:00:00","BZN|NL","Without Sequence","107.04","",""
"24/01/2026 11:00:00 - 24/01/2026 11:15:00","BZN|NL","Without Sequence","108.95","",""
"24/01/2026 11:15:00 - 24/01/2026 11:30:00","BZN|NL","Without Sequence","107.35","",""
"24/01/2026 11:30:00 - 24/01/2026 11:45:00","BZN|NL","Without Sequence","107.02","",""
"24/01/2026 11:45:00 - 24/01/2026 12:00:00","BZN|NL","Without Sequence","104.29","",""
"24/01/2026 12:00:00 - 24/01/2026 12:15:00","BZN|NL","Without Sequence","103.78","",""
"24/01/2026 12:15:00 - 24/01/2026 12:30:00","BZN|NL","Without Sequence","101.84","",""
"24/01/2026 12:30:00 - 24/01/2026 12:45:00","BZN|NL","Without Sequence","101.64","",""
"24/01/2026 12:45:00 - 24/01/2026 13:00:00","BZN|NL","Without Sequence","100.80","",""
"24/01/2026 13:00:00 - 24/01/2026 13:15:00","BZN|NL","Without Sequence","101.67","",""
"24/01/2026 13:15:00 - 24/01/2026 13:30:00","BZN|NL","Without Sequence","102.49","",""
"24/01/2026 13:30:00 - 24/01/2026 13:45:00","BZN|NL","Without Sequence","104.31","",""
"24/01/2026 13:45:00 - 24/01/2026 14:00:00","BZN|NL","Without Sequence","108.20","",""
"24/01/2026 14:00:00 - 24/01/2026 14:15:00","BZN|NL","Without Sequence","103.91","",""
"24/01/2026 14:15:00 - 24/01/2026 14:30:00","BZN|NL","Without Sequence","111.16","",""
"24/01/2026 14:30:00 - 24/01/2026 14:45:00","BZN|NL","Without Sequence","122.58","",""
"24/01/2026 14:45:00 - 24/01/2026 15:00:00","BZN|NL","Without Sequence","128.37","",""
"24/01/2026 15:00:00 - 24/01/2026 15:15:00","BZN|NL","Without Sequence","114.55","",""
"24/01/2026 15:15:00 - 24/01/2026 15:30:00","BZN|NL","Without Sequence","123.91","",""
"24/01/2026 15:30:00 - 24/01/2026 15:45:00","BZN|NL","Without Sequence","136.36","",""
"24/01/2026 15:45:00 - 24/01/2026 16:00:00","BZN|NL","Without Sequence","136.63","",""
"24/01/2026 16:00:00 - 24/01/2026 16:15:00","BZN|NL","Without Sequence","135.03","",""
"24/01/2026 16:15:00 - 24/01/2026 16:30:00","BZN|NL","Without Sequence","142.31","",""
"24/01/2026 16:30:00 - 24/01/2026 16:45:00","BZN|NL","Without Sequence","144.82","",""
"24/01/2026 16:45:00 - 24/01/2026 17:00:00","BZN|NL","Without Sequence","145.30","",""
"24/01/2026 17:00:00 - 24/01/2026 17:15:00","BZN|NL","Without Sequence","141.86","",""
"24/01/2026 17:15:00 - 24/01/2026 17:30:00","BZN|NL","Without Sequence","143.58","",""
"24/01/2026 17:30:00 - 24/01/2026 17:45:00","BZN|NL","Without Sequence","139.37","",""
"24/01/2026 17:45:00 - 24/01/2026 18:00:00","BZN|NL","Without Sequence","134.11","",""
"24/01/2026 18:00:00 - 24/01/2026 18:15:00","BZN|NL","Without Sequence","139.18","",""
"24/01/2026 18:15:00 - 24/01/2026 18:30:00","BZN|NL","Without Sequence","134.99","",""
"24/01/2026 18:30:00 - 24/01/2026 18:45:00","BZN|NL","Without Sequence","130.18","",""
"24/01/2026 18:45:00 - 24/01/2026 19:00:00","BZN|NL","Without Sequence","123.40","",""
"24/01/2026 19:00:00 - 24/01/2026 19:15:00","BZN|NL","Without Sequence","129.67","",""
"24/01/2026 19:15:00 - 24/01/2026 19:30:00","BZN|NL","Without Sequence","122.23","",""
"24/01/2026 19:30:00 - 24/01/2026 19:45:00","BZN|NL","Without Sequence","113.04","",""
"24/01/2026 19:45:00 - 24/01/2026 20:00:00","BZN|NL","Without Sequence","109.03","",""
"24/01/2026 20:00:00 - 24/01/2026 20:15:00","BZN|NL","Without Sequence","112.55","",""
"24/01/2026 20:15:00 - 24/01/2026 20:30:00","BZN|NL","Without Sequence","111.80","",""
"24/01/2026 20:30:00 - 24/01/2026 20:45:00","BZN|NL","Without Sequence","109.74","",""
"24/01/2026 20:45:00 - 24/01/2026 21:00:00","BZN|NL","Without Sequence","107.32","",""
"24/01/2026 21:00:00 - 24/01/2026 21:15:00","BZN|NL","Without Sequence","111.15","",""
"24/01/2026 21:15:00 - 24/01/2026 21:30:00","BZN|NL","Without Sequence","108.11","",""
"24/01/2026 21:30:00 - 24/01/2026 21:45:00","BZN|NL","Without Sequence","112.23","",""
"24/01/2026 21:45:00 - 24/01/2026 22:00:00","BZN|NL","Without Sequence","109.11","",""
"24/01/2026 22:00:00 - 24/01/2026 22:15:00","BZN|NL","Without Sequence","107.25","",""
"24/01/2026 22:15:00 - 24/01/2026 22:30:00","BZN|NL","Without Sequence","104.06","",""
"24/01/2026 22:30:00 - 24/01/2026 22:45:00","BZN|NL","Without Sequence","103.65","",""
"24/01/2026 22:45:00 - 24/01/2026 23:00:00","BZN|NL","Without Sequence","100.94","",""
"24/01/2026 23:00:00 - 24/01/2026 23:15:00","BZN|NL","Without Sequence","101.50","",""
"24/01/2026 23:15:00 - 24/01/2026 23:30:00","BZN|NL","Without Sequence","102.32","",""
"24/01/2026 23:30:00 - 24/01/2026 23:45:00","BZN|NL","Without Sequence","100.70","",""
"24/01/2026 23:45:00 - 25/01/2026 00:00:00","BZN|NL","Without Sequence","98.00","",""
"25/01/2026 00:00:00 - 25/01/2026 00:15:00","BZN|NL","Without Sequence","102.21","",""
"25/01/2026 00:15:00 - 25/01/2026 00:30:00","BZN|NL","Without Sequence","100.95","",""
"25/01/2026 00:30:00 - 25/01/2026 00:45:00","BZN|NL","Without Sequence","102.00","",""
"25/01/2026 00:45:00 - 25/01/2026 01:00:00","BZN|NL","Without Sequence","100.00","",""
"25/01/2026 01:00:00 - 25/01/2026 01:15:00","BZN|NL","Without Sequence","101.54","",""
"25/01/2026 01:15:00 - 25/01/2026 01:30:00","BZN|NL","Without Sequence","99.68","",""
"25/01/2026 01:30:00 - 25/01/2026 01:45:00","BZN|NL","Without Sequence","99.55","",""
"25/01/2026 01:45:00 - 25/01/2026 02:00:00","BZN|NL","Without Sequence","98.28","",""
"25/01/2026 02:00:00 - 25/01/2026 02:15:00","BZN|NL","Without Sequence","100.57","",""
"25/01/2026 02:15:00 - 25/01/2026 02:30:00","BZN|NL","Without Sequence","98.63","",""
"25/01/2026 02:30:00 - 25/01/2026 02:45:00","BZN|NL","Without Sequence","98.95","",""
"25/01/2026 02:45:00 - 25/01/2026 03:00:00","BZN|NL","Without Sequence","96.15","",""
"25/01/2026 03:00:00 - 25/01/2026 03:15:00","BZN|NL","Without Sequence","99.60","",""
"25/01/2026 03:15:00 - 25/01/2026 03:30:00","BZN|NL","Without Sequence","99.45","",""
"25/01/2026 03:30:00 - 25/01/2026 03:45:00","BZN|NL","Without Sequence","97.04","",""
"25/01/2026 03:45:00 - 25/01/2026 04:00:00","BZN|NL","Without Sequence","96.15","",""
"25/01/2026 04:00:00 - 25/01/2026 04:15:00","BZN|NL","Without Sequence","95.93","",""
"25/01/2026 04:15:00 - 25/01/2026 04:30:00","BZN|NL","Without Sequence","96.24","",""
"25/01/2026 04:30:00 - 25/01/2026 04:45:00","BZN|NL","Without Sequence","97.26","",""
"25/01/2026 04:45:00 - 25/01/2026 05:00:00","BZN|NL","Without Sequence","96.31","",""
"25/01/2026 05:00:00 - 25/01/2026 05:15:00","BZN|NL","Without Sequence","96.42","",""
"25/01/2026 05:15:00 - 25/01/2026 05:30:00","BZN|NL","Without Sequence","97.09","",""
"25/01/2026 05:30:00 - 25/01/2026 05:45:00","BZN|NL","Without Sequence","97.59","",""
"25/01/2026 05:45:00 - 25/01/2026 06:00:00","BZN|NL","Without Sequence","97.84","",""
"25/01/2026 06:00:00 - 25/01/2026 06:15:00","BZN|NL","Without Sequence","98.13","",""
"25/01/2026 06:15:00 - 25/01/2026 06:30:00","BZN|NL","Without Sequence","99.60","",""
"25/01/2026 06:30:00 - 25/01/2026 06:45:00","BZN|NL","Without Sequence","102.30","",""
"25/01/2026 06:45:00 - 25/01/2026 07:00:00","BZN|NL","Without Sequence","102.89","",""
"25/01/2026 07:00:00 - 25/01/2026 07:15:00","BZN|NL","Without Sequence","101.59","",""
"25/01/2026 07:15:00 - 25/01/2026 07:30:00","BZN|NL","Without Sequence","103.19","",""
"25/01/2026 07:30:00 - 25/01/2026 07:45:00","BZN|NL","Without Sequence","104.78","",""
"25/01/2026 07:45:00 - 25/01/2026 08:00:00","BZN|NL","Without Sequence","104.84","",""
"25/01/2026 08:00:00 - 25/01/2026 08:15:00","BZN|NL","Without Sequence","108.22","",""
"25/01/2026 08:15:00 - 25/01/2026 08:30:00","BZN|NL","Without Sequence","107.82","",""
"25/01/2026 08:30:00 - 25/01/2026 08:45:00","BZN|NL","Without Sequence","106.38","",""
"25/01/2026 08:45:00 - 25/01/2026 09:00:00","BZN|NL","Without Sequence","104.13","",""
"25/01/2026 09:00:00 - 25/01/2026 09:15:00","BZN|NL","Without Sequence","112.77","",""
"25/01/2026 09:15:00 - 25/01/2026 09:30:00","BZN|NL","Without Sequence","113.33","",""
"25/01/2026 09:30:00 - 25/01/2026 09:45:00","BZN|NL","Without Sequence","109.62","",""
"25/01/2026 09:45:00 - 25/01/2026 10:00:00","BZN|NL","Without Sequence","108.90","",""
"25/01/2026 10:00:00 - 25/01/2026 10:15:00","BZN|NL","Without Sequence","115.44","",""
"25/01/2026 10:15:00 - 25/01/2026 10:30:00","BZN|NL","Without Sequence","113.41","",""
"25/01/2026 10:30:00 - 25/01/2026 10:45:00","BZN|NL","Without Sequence","114.31","",""
"25/01/2026 10:45:00 - 25/01/2026 11:00:00","BZN|NL","Without Sequence","112.13","",""
"25/01/2026 11:00:00 - 25/01/2026 11:15:00","BZN|NL","Without Sequence","118.90","",""
"25/01/2026 11:15:00 - 25/01/2026 11:30:00","BZN|NL","Without Sequence","114.97","",""
"25/01/2026 11:30:00 - 25/01/2026 11:45:00","BZN|NL","Without Sequence","119.84","",""
"25/01/2026 11:45:00 - 25/01/2026 12:00:00","BZN|NL","Without Sequence","116.43","",""
"25/01/2026 12:00:00 - 25/01/2026 12:15:00","BZN|NL","Without Sequence","119.87","",""
"25/01/2026 12:15:00 - 25/01/2026 12:30:00","BZN|NL","Without Sequence","114.22","",""
"25/01/2026 12:30:00 - 25/01/2026 12:45:00","BZN|NL","Without Sequence","108.69","",""
"25/01/2026 12:45:00 - 25/01/2026 13:00:00","BZN|NL","Without Sequence","108.77","",""
"25/01/2026 13:00:00 - 25/01/2026 13:15:00","BZN|NL","Without Sequence","109.85","",""
"25/01/2026 13:15:00 - 25/01/2026 13:30:00","BZN|NL","Without Sequence","109.80","",""
"25/01/2026 13:30:00 - 25/01/2026 13:45:00","BZN|NL","Without Sequence","110.56","",""
"25/01/2026 13:45:00 - 25/01/2026 14:00:00","BZN|NL","Without Sequence","115.36","",""
"25/01/2026 14:00:00 - 25/01/2026 14:15:00","BZN|NL","Without Sequence","107.60","",""
"25/01/2026 14:15:00 - 25/01/2026 14:30:00","BZN|NL","Without Sequence","109.30","",""
"25/01/2026 14:30:00 - 25/01/2026 14:45:00","BZN|NL","Without Sequence","113.27","",""
"25/01/2026 14:45:00 - 25/01/2026 15:00:00","BZN|NL","Without Sequence","116.84","",""
"25/01/2026 15:00:00 - 25/01/2026 15:15:00","BZN|NL","Without Sequence","107.79","",""
"25/01/2026 15:15:00 - 25/01/2026 15:30:00","BZN|NL","Without Sequence","111.73","",""
"25/01/2026 15:30:00 - 25/01/2026 15:45:00","BZN|NL","Without Sequence","120.38","",""
"25/01/2026 15:45:00 - 25/01/2026 16:00:00","BZN|NL","Without Sequence","127.70","",""
"25/01/2026 16:00:00 - 25/01/2026 16:15:00","BZN|NL","Without Sequence","123.20","",""
"25/01/2026 16:15:00 - 25/01/2026 16:30:00","BZN|NL","Without Sequence","130.13","",""
"25/01/2026 16:30:00 - 25/01/2026 16:45:00","BZN|NL","Without Sequence","133.10","",""
"25/01/2026 16:45:00 - 25/01/2026 17:00:00","BZN|NL","Without Sequence","134.02","",""
"25/01/2026 17:00:00 - 25/01/2026 17:15:00","BZN|NL","Without Sequence","138.83","",""
"25/01/2026 17:15:00 - 25/01/2026 17:30:00","BZN|NL","Without Sequence","138.48","",""
"25/01/2026 17:30:00 - 25/01/2026 17:45:00","BZN|NL","Without Sequence","137.97","",""
"25/01/2026 17:45:00 - 25/01/2026 18:00:00","BZN|NL","Without Sequence","133.37","",""
"25/01/2026 18:00:00 - 25/01/2026 18:15:00","BZN|NL","Without Sequence","136.74","",""
"25/01/2026 18:15:00 - 25/01/2026 18:30:00","BZN|NL","Without Sequence","133.13","",""
"25/01/2026 18:30:00 - 25/01/2026 18:45:00","BZN|NL","Without Sequence","130.77","",""
"25/01/2026 18:45:00 - 25/01/2026 19:00:00","BZN|NL","Without Sequence","129.66","",""
"25/01/2026 19:00:00 - 25/01/2026 19:15:00","BZN|NL","Without Sequence","132.13","",""
"25/01/2026 19:15:00 - 25/01/2026 19:30:00","BZN|NL","Without Sequence","129.19","",""
"25/01/2026 19:30:00 - 25/01/2026 19:45:00","BZN|NL","Without Sequence","120.89","",""
"25/01/2026 19:45:00 - 25/01/2026 20:00:00","BZN|NL","Without Sequence","113.27","",""
"25/01/2026 20:00:00 - 25/01/2026 20:15:00","BZN|NL","Without Sequence","120.37","",""
"25/01/2026 20:15:00 - 25/01/2026 20:30:00","BZN|NL","Without Sequence","116.53","",""
"25/01/2026 20:30:00 - 25/01/2026 20:45:00","BZN|NL","Without Sequence","111.85","",""
"25/01/2026 20:45:00 - 25/01/2026 21:00:00","BZN|NL","Without Sequence","107.34","",""
"25/01/2026 21:00:00 - 25/01/2026 21:15:00","BZN|NL","Without Sequence","119.05","",""
"25/01/2026 21:15:00 - 25/01/2026 21:30:00","BZN|NL","Without Sequence","112.79","",""
"25/01/2026 21:30:00 - 25/01/2026 21:45:00","BZN|NL","Without Sequence","109.47","",""
"25/01/2026 21:45:00 - 25/01/2026 22:00:00","BZN|NL","Without Sequence","106.46","",""
"25/01/2026 22:00:00 - 25/01/2026 22:15:00","BZN|NL","Without Sequence","108.30","",""
"25/01/2026 22:15:00 - 25/01/2026 22:30:00","BZN|NL","Without Sequence","104.76","",""
"25/01/2026 22:30:00 - 25/01/2026 22:45:00","BZN|NL","Without Sequence","102.74","",""
"25/01/2026 22:45:00 - 25/01/2026 23:00:00","BZN|NL","Without Sequence","102.16","",""
"25/01/2026 23:00:00 - 25/01/2026 23:15:00","BZN|NL","Without Sequence","109.76","",""
"25/01/2026 23:15:00 - 25/01/2026 23:30:00","BZN|NL","Without Sequence","105.42","",""
"25/01/2026 23:30:00 - 25/01/2026 23:45:00","BZN|NL","Without Sequence","101.11","",""
"25/01/2026 23:45:00 - 26/01/2026 00:00:00","BZN|NL","Without Sequence","99.41","",""
"26/01/2026 00:00:00 - 26/01/2026 00:15:00","BZN|NL","Without Sequence","104.80","",""
"26/01/2026 00:15:00 - 26/01/2026 00:30:00","BZN|NL","Without Sequence","102.04","",""
"26/01/2026 00:30:00 - 26/01/2026 00:45:00","BZN|NL","Without Sequence","101.88","",""
"26/01/2026 00:45:00 - 26/01/2026 01:00:00","BZN|NL","Without Sequence","101.28","",""
"26/01/2026 01:00:00 - 26/01/2026 01:15:00","BZN|NL","Without Sequence","101.85","",""
"26/01/2026 01:15:00 - 26/01/2026 01:30:00","BZN|NL","Without Sequence","101.46","",""
"26/01/2026 01:30:00 - 26/01/2026 01:45:00","BZN|NL","Without Sequence","96.92","",""
"26/01/2026 01:45:00 - 26/01/2026 02:00:00","BZN|NL","Without Sequence","97.79","",""
"26/01/2026 02:00:00 - 26/01/2026 02:15:00","BZN|NL","Without Sequence","95.44","",""
"26/01/2026 02:15:00 - 26/01/2026 02:30:00","BZN|NL","Without Sequence","96.38","",""
"26/01/2026 02:30:00 - 26/01/2026 02:45:00","BZN|NL","Without Sequence","100.10","",""
"26/01/2026 02:45:00 - 26/01/2026 03:00:00","BZN|NL","Without Sequence","99.49","",""
"26/01/2026 03:00:00 - 26/01/2026 03:15:00","BZN|NL","Without Sequence","95.80","",""
"26/01/2026 03:15:00 - 26/01/2026 03:30:00","BZN|NL","Without Sequence","95.02","",""
"26/01/2026 03:30:00 - 26/01/2026 03:45:00","BZN|NL","Without Sequence","97.25","",""
"26/01/2026 03:45:00 - 26/01/2026 04:00:00","BZN|NL","Without Sequence","95.30","",""
"26/01/2026 04:00:00 - 26/01/2026 04:15:00","BZN|NL","Without Sequence","93.64","",""
"26/01/2026 04:15:00 - 26/01/2026 04:30:00","BZN|NL","Without Sequence","94.20","",""
"26/01/2026 04:30:00 - 26/01/2026 04:45:00","BZN|NL","Without Sequence","99.48","",""
"26/01/2026 04:45:00 - 26/01/2026 05:00:00","BZN|NL","Without Sequence","101.01","",""
"26/01/2026 05:00:00 - 26/01/2026 05:15:00","BZN|NL","Without Sequence","103.55","",""
"26/01/2026 05:15:00 - 26/01/2026 05:30:00","BZN|NL","Without Sequence","109.75","",""
"26/01/2026 05:30:00 - 26/01/2026 05:45:00","BZN|NL","Without Sequence","113.23","",""
"26/01/2026 05:45:00 - 26/01/2026 06:00:00","BZN|NL","Without Sequence","129.62","",""
"26/01/2026 06:00:00 - 26/01/2026 06:15:00","BZN|NL","Without Sequence","117.86","",""
"26/01/2026 06:15:00 - 26/01/2026 06:30:00","BZN|NL","Without Sequence","131.62","",""
"26/01/2026 06:30:00 - 26/01/2026 06:45:00","BZN|NL","Without Sequence","144.69","",""
"26/01/2026 06:45:00 - 26/01/2026 07:00:00","BZN|NL","Without Sequence","164.50","",""
"26/01/2026 07:00:00 - 26/01/2026 07:15:00","BZN|NL","Without Sequence","163.36","",""
"26/01/2026 07:15:00 - 26/01/2026 07:30:00","BZN|NL","Without Sequence","176.44","",""
"26/01/2026 07:30:00 - 26/01/2026 07:45:00","BZN|NL","Without Sequence","183.35","",""
"26/01/2026 07:45:00 - 26/01/2026 08:00:00","BZN|NL","Without Sequence","172.66","",""
"26/01/2026 08:00:00 - 26/01/2026 08:15:00","BZN|NL","Without Sequence","191.50","",""
"26/01/2026 08:15:00 - 26/01/2026 08:30:00","BZN|NL","Without Sequence","184.18","",""
"26/01/2026 08:30:00 - 26/01/2026 08:45:00","BZN|NL","Without Sequence","169.22","",""
"26/01/2026 08:45:00 - 26/01/2026 09:00:00","BZN|NL","Without Sequence","156.44","",""
"26/01/2026 09:00:00 - 26/01/2026 09:15:00","BZN|NL","Without Sequence","186.82","",""
"26/01/2026 09:15:00 - 26/01/2026 09:30:00","BZN|NL","Without Sequence","178.79","",""
"26/01/2026 09:30:00 - 26/01/2026 09:45:00","BZN|NL","Without Sequence","171.79","",""
"26/01/2026 09:45:00 - 26/01/2026 10:00:00","BZN|NL","Without Sequence","155.31","",""
"26/01/2026 10:00:00 - 26/01/2026 10:15:00","BZN|NL","Without Sequence","171.79","",""
"26/01/2026 10:15:00 - 26/01/2026 10:30:00","BZN|NL","Without Sequence","162.13","",""
"26/01/2026 10:30:00 - 26/01/2026 10:45:00","BZN|NL","Without Sequence","154.42","",""
"26/01/2026 10:45:00 - 26/01/2026 11:00:00","BZN|NL","Without Sequence","153.49","",""
"26/01/2026 11:00:00 - 26/01/2026 11:15:00","BZN|NL","Without Sequence","162.98","",""
"26/01/2026 11:15:00 - 26/01/2026 11:30:00","BZN|NL","Without Sequence","152.05","",""
"26/01/2026 11:30:00 - 26/01/2026 11:45:00","BZN|NL","Without Sequence","146.64","",""
"26/01/2026 11:45:00 - 26/01/2026 12:00:00","BZN|NL","Without Sequence","139.25","",""
"26/01/2026 12:00:00 - 26/01/2026 12:15:00","BZN|NL","Without Sequence","151.82","",""
"26/01/2026 12:15:00 - 26/01/2026 12:30:00","BZN|NL","Without Sequence","141.51","",""
"26/01/2026 12:30:00 - 26/01/2026 12:45:00","BZN|NL","Without Sequence","140.29","",""
"26/01/2026 12:45:00 - 26/01/2026 13:00:00","BZN|NL","Without Sequence","134.10","",""
"26/01/2026 13:00:00 - 26/01/2026 13:15:00","BZN|NL","Without Sequence","135.82","",""
"26/01/2026 13:15:00 - 26/01/2026 13:30:00","BZN|NL","Without Sequence","141.70","",""
"26/01/2026 13:30:00 - 26/01/2026 13:45:00","BZN|NL","Without Sequence","140.55","",""
"26/01/2026 13:45:00 - 26/01/2026 14:00:00","BZN|NL","Without Sequence","144.86","",""
"26/01/2026 14:00:00 - 26/01/2026 14:15:00","BZN|NL","Without Sequence","142.70","",""
"26/01/2026 14:15:00 - 26/01/2026 14:30:00","BZN|NL","Without Sequence","145.47","",""
"26/01/2026 14:30:00 - 26/01/2026 14:45:00","BZN|NL","Without Sequence","157.93","",""
"26/01/2026 14:45:00 - 26/01/2026 15:00:00","BZN|NL","Without Sequence","168.10","",""
"26/01/2026 15:00:00 - 26/01/2026 15:15:00","BZN|NL","Without Sequence","143.75","",""
"26/01/2026 15:15:00 - 26/01/2026 15:30:00","BZN|NL","Without Sequence","149.19","",""
"26/01/2026 15:30:00 - 26/01/2026 15:45:00","BZN|NL","Without Sequence","167.51","",""
"26/01/2026 15:45:00 - 26/01/2026 16:00:00","BZN|NL","Without Sequence","190.34","",""
"26/01/2026 16:00:00 - 26/01/2026 16:15:00","BZN|NL","Without Sequence","152.12","",""
"26/01/2026 16:15:00 - 26/01/2026 16:30:00","BZN|NL","Without Sequence","170.50","",""
"26/01/2026 16:30:00 - 26/01/2026 16:45:00","BZN|NL","Without Sequence","192.14","",""
"26/01/2026 16:45:00 - 26/01/2026 17:00:00","BZN|NL","Without Sequence","200.03","",""
"26/01/2026 17:00:00 - 26/01/2026 17:15:00","BZN|NL","Without Sequence","181.74","",""
"26/01/2026 17:15:00 - 26/01/2026 17:30:00","BZN|NL","Without Sequence","174.79","",""
"26/01/2026 17:30:00 - 26/01/2026 17:45:00","BZN|NL","Without Sequence","178.59","",""
"26/01/2026 17:45:00 - 26/01/2026 18:00:00","BZN|NL","Without Sequence","170.74","",""
"26/01/2026 18:00:00 - 26/01/2026 18:15:00","BZN|NL","Without Sequence","182.47","",""
"26/01/2026 18:15:00 - 26/01/2026 18:30:00","BZN|NL","Without Sequence","176.32","",""
"26/01/2026 18:30:00 - 26/01/2026 18:45:00","BZN|NL","Without Sequence","160.32","",""
"26/01/2026 18:45:00 - 26/01/2026 19:00:00","BZN|NL","Without Sequence","145.84","",""
"26/01/2026 19:00:00 - 26/01/2026 19:15:00","BZN|NL","Without Sequence","163.98","",""
"26/01/2026 19:15:00 - 26/01/2026 19:30:00","BZN|NL","Without Sequence","149.04","",""
"26/01/2026 19:30:00 - 26/01/2026 19:45:00","BZN|NL","Without Sequence","148.36","",""
"26/01/2026 19:45:00 - 26/01/2026 20:00:00","BZN|NL","Without Sequence","139.85","",""
"26/01/2026 20:00:00 - 26/01/2026 20:15:00","BZN|NL","Without Sequence","146.66","",""
"26/01/2026 20:15:00 - 26/01/2026 20:30:00","BZN|NL","Without Sequence","137.39","",""
"26/01/2026 20:30:00 - 26/01/2026 20:45:00","BZN|NL","Without Sequence","137.24","",""
"26/01/2026 20:45:00 - 26/01/2026 21:00:00","BZN|NL","Without Sequence","114.13","",""
"26/01/2026 21:00:00 - 26/01/2026 21:15:00","BZN|NL","Without Sequence","135.58","",""
"26/01/2026 21:15:00 - 26/01/2026 21:30:00","BZN|NL","Without Sequence","120.03","",""
"26/01/2026 21:30:00 - 26/01/2026 21:45:00","BZN|NL","Without Sequence","113.75","",""
"26/01/2026 21:45:00 - 26/01/2026 22:00:00","BZN|NL","Without Sequence","109.28","",""
"26/01/2026 22:00:00 - 26/01/2026 22:15:00","BZN|NL","Without Sequence","117.70","",""
"26/01/2026 22:15:00 - 26/01/2026 22:30:00","BZN|NL","Without Sequence","114.16","",""
"26/01/2026 22:30:00 - 26/01/2026 22:45:00","BZN|NL","Without Sequence","107.72","",""
"26/01/2026 22:45:00 - 26/01/2026 23:00:00","BZN|NL","Without Sequence","102.06","",""
"26/01/2026 23:00:00 - 26/01/2026 23:15:00","BZN|NL","Without Sequence","123.09","",""
"26/01/2026 23:15:00 - 26/01/2026 23:30:00","BZN|NL","Without Sequence","116.81","",""
"26/01/2026 23:30:00 - 26/01/2026 23:45:00","BZN|NL","Without Sequence","113.30","",""
"26/01/2026 23:45:00 - 27/01/2026 00:00:00","BZN|NL","Without Sequence","107.25","",""
"27/01/2026 00:00:00 - 27/01/2026 00:15:00","BZN|NL","Without Sequence","115.86","",""
"27/01/2026 00:15:00 - 27/01/2026 00:30:00","BZN|NL","Without Sequence","111.02","",""
"27/01/2026 00:30:00 - 27/01/2026 00:45:00","BZN|NL","Without Sequence","109.69","",""
"27/01/2026 00:45:00 - 27/01/2026 01:00:00","BZN|NL","Without Sequence","101.52","",""
"27/01/2026 01:00:00 - 27/01/2026 01:15:00","BZN|NL","Without Sequence","110.10","",""
"27/01/2026 01:15:00 - 27/01/2026 01:30:00","BZN|NL","Without Sequence","105.80","",""
"27/01/2026 01:30:00 - 27/01/2026 01:45:00","BZN|NL","Without Sequence","101.95","",""
"27/01/2026 01:45:00 - 27/01/2026 02:00:00","BZN|NL","Without Sequence","101.75","",""
"27/01/2026 02:00:00 - 27/01/2026 02:15:00","BZN|NL","Without Sequence","101.14","",""
"27/01/2026 02:15:00 - 27/01/2026 02:30:00","BZN|NL","Without Sequence","99.02","",""
"27/01/2026 02:30:00 - 27/01/2026 02:45:00","BZN|NL","Without Sequence","98.29","",""
"27/01/2026 02:45:00 - 27/01/2026 03:00:00","BZN|NL","Without Sequence","97.55","",""
"27/01/2026 03:00:00 - 27/01/2026 03:15:00","BZN|NL","Without Sequence","96.98","",""
"27/01/2026 03:15:00 - 27/01/2026 03:30:00","BZN|NL","Without Sequence","96.60","",""
"27/01/2026 03:30:00 - 27/01/2026 03:45:00","BZN|NL","Without Sequence","96.40","",""
"27/01/2026 03:45:00 - 27/01/2026 04:00:00","BZN|NL","Without Sequence","96.97","",""
"27/01/2026 04:00:00 - 27/01/2026 04:15:00","BZN|NL","Without Sequence","95.69","",""
"27/01/2026 04:15:00 - 27/01/2026 04:30:00","BZN|NL","Without Sequence","96.86","",""
"27/01/2026 04:30:00 - 27/01/2026 04:45:00","BZN|NL","Without Sequence","100.44","",""
"27/01/2026 04:45:00 - 27/01/2026 05:00:00","BZN|NL","Without Sequence","100.89","",""
"27/01/2026 05:00:00 - 27/01/2026 05:15:00","BZN|NL","Without Sequence","98.39","",""
"27/01/2026 05:15:00 - 27/01/2026 05:30:00","BZN|NL","Without Sequence","100.70","",""
"27/01/2026 05:30:00 - 27/01/2026 05:45:00","BZN|NL","Without Sequence","106.47","",""
"27/01/2026 05:45:00 - 27/01/2026 06:00:00","BZN|NL","Without Sequence","106.68","",""
"27/01/2026 06:00:00 - 27/01/2026 06:15:00","BZN|NL","Without Sequence","101.57","",""
"27/01/2026 06:15:00 - 27/01/2026 06:30:00","BZN|NL","Without Sequence","106.10","",""
"27/01/2026 06:30:00 - 27/01/2026 06:45:00","BZN|NL","Without Sequence","116.46","",""
"27/01/2026 06:45:00 - 27/01/2026 07:00:00","BZN|NL","Without Sequence","140.61","",""
"27/01/2026 07:00:00 - 27/01/2026 07:15:00","BZN|NL","Without Sequence","149.66","",""
"27/01/2026 07:15:00 - 27/01/2026 07:30:00","BZN|NL","Without Sequence","148.50","",""
"27/01/2026 07:30:00 - 27/01/2026 07:45:00","BZN|NL","Without Sequence","136.27","",""
"27/01/2026 07:45:00 - 27/01/2026 08:00:00","BZN|NL","Without Sequence","133.51","",""
"27/01/2026 08:00:00 - 27/01/2026 08:15:00","BZN|NL","Without Sequence","150.00","",""
"27/01/2026 08:15:00 - 27/01/2026 08:30:00","BZN|NL","Without Sequence","146.74","",""
"27/01/2026 08:30:00 - 27/01/2026 08:45:00","BZN|NL","Without Sequence","147.15","",""
"27/01/2026 08:45:00 - 27/01/2026 09:00:00","BZN|NL","Without Sequence","132.87","",""
"27/01/2026 09:00:00 - 27/01/2026 09:15:00","BZN|NL","Without Sequence","161.85","",""
"27/01/2026 09:15:00 - 27/01/2026 09:30:00","BZN|NL","Without Sequence","146.14","",""
"27/01/2026 09:30:00 - 27/01/2026 09:45:00","BZN|NL","Without Sequence","132.05","",""
"27/01/2026 09:45:00 - 27/01/2026 10:00:00","BZN|NL","Without Sequence","125.96","",""
"27/01/2026 10:00:00 - 27/01/2026 10:15:00","BZN|NL","Without Sequence","137.20","",""
"27/01/2026 10:15:00 - 27/01/2026 10:30:00","BZN|NL","Without Sequence","129.80","",""
"27/01/2026 10:30:00 - 27/01/2026 10:45:00","BZN|NL","Without Sequence","127.74","",""
"27/01/2026 10:45:00 - 27/01/2026 11:00:00","BZN|NL","Without Sequence","115.34","",""
"27/01/2026 11:00:00 - 27/01/2026 11:15:00","BZN|NL","Without Sequence","123.74","",""
"27/01/2026 11:15:00 - 27/01/2026 11:30:00","BZN|NL","Without Sequence","120.20","",""
"27/01/2026 11:30:00 - 27/01/2026 11:45:00","BZN|NL","Without Sequence","116.11","",""
"27/01/2026 11:45:00 - 27/01/2026 12:00:00","BZN|NL","Without Sequence","109.54","",""
"27/01/2026 12:00:00 - 27/01/2026 12:15:00","BZN|NL","Without Sequence","109.52","",""
"27/01/2026 12:15:00 - 27/01/2026 12:30:00","BZN|NL","Without Sequence","106.08","",""
"27/01/2026 12:30:00 - 27/01/2026 12:45:00","BZN|NL","Without Sequence","103.51","",""
"27/01/2026 12:45:00 - 27/01/2026 13:00:00","BZN|NL","Without Sequence","108.89","",""
"27/01/2026 13:00:00 - 27/01/2026 13:15:00","BZN|NL","Without Sequence","99.00","",""
"27/01/2026 13:15:00 - 27/01/2026 13:30:00","BZN|NL","Without Sequence","103.51","",""
"27/01/2026 13:30:00 - 27/01/2026 13:45:00","BZN|NL","Without Sequence","105.06","",""
"27/01/2026 13:45:00 - 27/01/2026 14:00:00","BZN|NL","Without Sequence","104.42","",""
"27/01/2026 14:00:00 - 27/01/2026 14:15:00","BZN|NL","Without Sequence","100.64","",""
"27/01/2026 14:15:00 - 27/01/2026 14:30:00","BZN|NL","Without Sequence","102.25","",""
"27/01/2026 14:30:00 - 27/01/2026 14:45:00","BZN|NL","Without Sequence","103.55","",""
"27/01/2026 14:45:00 - 27/01/2026 15:00:00","BZN|NL","Without Sequence","111.77","",""
"27/01/2026 15:00:00 - 27/01/2026 15:15:00","BZN|NL","Without Sequence","95.72","",""
"27/01/2026 15:15:00 - 27/01/2026 15:30:00","BZN|NL","Without Sequence","102.28","",""
"27/01/2026 15:30:00 - 27/01/2026 15:45:00","BZN|NL","Without Sequence","110.00","",""
"27/01/2026 15:45:00 - 27/01/2026 16:00:00","BZN|NL","Without Sequence","126.00","",""
"27/01/2026 16:00:00 - 27/01/2026 16:15:00","BZN|NL","Without Sequence","105.63","",""
"27/01/2026 16:15:00 - 27/01/2026 16:30:00","BZN|NL","Without Sequence","121.69","",""
"27/01/2026 16:30:00 - 27/01/2026 16:45:00","BZN|NL","Without Sequence","136.68","",""
"27/01/2026 16:45:00 - 27/01/2026 17:00:00","BZN|NL","Without Sequence","134.40","",""
"27/01/2026 17:00:00 - 27/01/2026 17:15:00","BZN|NL","Without Sequence","133.17","",""
"27/01/2026 17:15:00 - 27/01/2026 17:30:00","BZN|NL","Without Sequence","135.43","",""
"27/01/2026 17:30:00 - 27/01/2026 17:45:00","BZN|NL","Without Sequence","143.64","",""
"27/01/2026 17:45:00 - 27/01/2026 18:00:00","BZN|NL","Without Sequence","150.92","",""
"27/01/2026 18:00:00 - 27/01/2026 18:15:00","BZN|NL","Without Sequence","148.50","",""
"27/01/2026 18:15:00 - 27/01/2026 18:30:00","BZN|NL","Without Sequence","137.67","",""
"27/01/2026 18:30:00 - 27/01/2026 18:45:00","BZN|NL","Without Sequence","135.18","",""
"27/01/2026 18:45:00 - 27/01/2026 19:00:00","BZN|NL","Without Sequence","127.43","",""
"27/01/2026 19:00:00 - 27/01/2026 19:15:00","BZN|NL","Without Sequence","134.38","",""
"27/01/2026 19:15:00 - 27/01/2026 19:30:00","BZN|NL","Without Sequence","123.24","",""
"27/01/2026 19:30:00 - 27/01/2026 19:45:00","BZN|NL","Without Sequence","115.88","",""
"27/01/2026 19:45:00 - 27/01/2026 20:00:00","BZN|NL","Without Sequence","112.85","",""
"27/01/2026 20:00:00 - 27/01/2026 20:15:00","BZN|NL","Without Sequence","117.98","",""
"27/01/2026 20:15:00 - 27/01/2026 20:30:00","BZN|NL","Without Sequence","118.80","",""
"27/01/2026 20:30:00 - 27/01/2026 20:45:00","BZN|NL","Without Sequence","122.13","",""
"27/01/2026 20:45:00 - 27/01/2026 21:00:00","BZN|NL","Without Sequence","115.69","",""
"27/01/2026 21:00:00 - 27/01/2026 21:15:00","BZN|NL","Without Sequence","121.24","",""
"27/01/2026 21:15:00 - 27/01/2026 21:30:00","BZN|NL","Without Sequence","116.42","",""
"27/01/2026 21:30:00 - 27/01/2026 21:45:00","BZN|NL","Without Sequence","122.18","",""
"27/01/2026 21:45:00 - 27/01/2026 22:00:00","BZN|NL","Without Sequence","117.72","",""
"27/01/2026 22:00:00 - 27/01/2026 22:15:00","BZN|NL","Without Sequence","117.97","",""
"27/01/2026 22:15:00 - 27/01/2026 22:30:00","BZN|NL","Without Sequence","110.58","",""
"27/01/2026 22:30:00 - 27/01/2026 22:45:00","BZN|NL","Without Sequence","109.80","",""
"27/01/2026 22:45:00 - 27/01/2026 23:00:00","BZN|NL","Without Sequence","105.70","",""
"27/01/2026 23:00:00 - 27/01/2026 23:15:00","BZN|NL","Without Sequence","110.92","",""
"27/01/2026 23:15:00 - 27/01/2026 23:30:00","BZN|NL","Without Sequence","108.98","",""
"27/01/2026 23:30:00 - 27/01/2026 23:45:00","BZN|NL","Without Sequence","100.63","",""
"27/01/2026 23:45:00 - 28/01/2026 00:00:00","BZN|NL","Without Sequence","98.95","",""
"28/01/2026 00:00:00 - 28/01/2026 00:15:00","BZN|NL","Without Sequence","109.16","",""
"28/01/2026 00:15:00 - 28/01/2026 00:30:00","BZN|NL","Without Sequence","105.03","",""
"28/01/2026 00:30:00 - 28/01/2026 00:45:00","BZN|NL","Without Sequence","102.56","",""
"28/01/2026 00:45:00 - 28/01/2026 01:00:00","BZN|NL","Without Sequence","99.99","",""
"28/01/2026 01:00:00 - 28/01/2026 01:15:00","BZN|NL","Without Sequence","106.59","",""
"28/01/2026 01:15:00 - 28/01/2026 01:30:00","BZN|NL","Without Sequence","105.57","",""
"28/01/2026 01:30:00 - 28/01/2026 01:45:00","BZN|NL","Without Sequence","102.55","",""
"28/01/2026 01:45:00 - 28/01/2026 02:00:00","BZN|NL","Without Sequence","101.61","",""
"28/01/2026 02:00:00 - 28/01/2026 02:15:00","BZN|NL","Without Sequence","101.85","",""
"28/01/2026 02:15:00 - 28/01/2026 02:30:00","BZN|NL","Without Sequence","100.41","",""
"28/01/2026 02:30:00 - 28/01/2026 02:45:00","BZN|NL","Without Sequence","101.01","",""
"28/01/2026 02:45:00 - 28/01/2026 03:00:00","BZN|NL","Without Sequence","100.47","",""
"28/01/2026 03:00:00 - 28/01/2026 03:15:00","BZN|NL","Without Sequence","101.88","",""
"28/01/2026 03:15:00 - 28/01/2026 03:30:00","BZN|NL","Without Sequence","101.17","",""
"28/01/2026 03:30:00 - 28/01/2026 03:45:00","BZN|NL","Without Sequence","103.24","",""
"28/01/2026 03:45:00 - 28/01/2026 04:00:00","BZN|NL","Without Sequence","105.40","",""
"28/01/2026 04:00:00 - 28/01/2026 04:15:00","BZN|NL","Without Sequence","104.55","",""
"28/01/2026 04:15:00 - 28/01/2026 04:30:00","BZN|NL","Without Sequence","106.18","",""
"28/01/2026 04:30:00 - 28/01/2026 04:45:00","BZN|NL","Without Sequence","108.02","",""
"28/01/2026 04:45:00 - 28/01/2026 05:00:00","BZN|NL","Without Sequence","105.61","",""
"28/01/2026 05:00:00 - 28/01/2026 05:15:00","BZN|NL","Without Sequence","105.48","",""
"28/01/2026 05:15:00 - 28/01/2026 05:30:00","BZN|NL","Without Sequence","109.37","",""
"28/01/2026 05:30:00 - 28/01/2026 05:45:00","BZN|NL","Without Sequence","118.84","",""
"28/01/2026 05:45:00 - 28/01/2026 06:00:00","BZN|NL","Without Sequence","125.65","",""
"28/01/2026 06:00:00 - 28/01/2026 06:15:00","BZN|NL","Without Sequence","121.30","",""
"28/01/2026 06:15:00 - 28/01/2026 06:30:00","BZN|NL","Without Sequence","142.03","",""
"28/01/2026 06:30:00 - 28/01/2026 06:45:00","BZN|NL","Without Sequence","144.40","",""
"28/01/2026 06:45:00 - 28/01/2026 07:00:00","BZN|NL","Without Sequence","155.95","",""
"28/01/2026 07:00:00 - 28/01/2026 07:15:00","BZN|NL","Without Sequence","158.21","",""
"28/01/2026 07:15:00 - 28/01/2026 07:30:00","BZN|NL","Without Sequence","168.21","",""
"28/01/2026 07:30:00 - 28/01/2026 07:45:00","BZN|NL","Without Sequence","174.19","",""
"28/01/2026 07:45:00 - 28/01/2026 08:00:00","BZN|NL","Without Sequence","183.40","",""
"28/01/2026 08:00:00 - 28/01/2026 08:15:00","BZN|NL","Without Sequence","182.73","",""
"28/01/2026 08:15:00 - 28/01/2026 08:30:00","BZN|NL","Without Sequence","180.12","",""
"28/01/2026 08:30:00 - 28/01/2026 08:45:00","BZN|NL","Without Sequence","167.78","",""
"28/01/2026 08:45:00 - 28/01/2026 09:00:00","BZN|NL","Without Sequence","164.60","",""
"28/01/2026 09:00:00 - 28/01/2026 09:15:00","BZN|NL","Without Sequence","188.51","",""
"28/01/2026 09:15:00 - 28/01/2026 09:30:00","BZN|NL","Without Sequence","174.74","",""
"28/01/2026 09:30:00 - 28/01/2026 09:45:00","BZN|NL","Without Sequence","168.43","",""
"28/01/2026 09:45:00 - 28/01/2026 10:00:00","BZN|NL","Without Sequence","153.90","",""
"28/01/2026 10:00:00 - 28/01/2026 10:15:00","BZN|NL","Without Sequence","166.59","",""
"28/01/2026 10:15:00 - 28/01/2026 10:30:00","BZN|NL","Without Sequence","159.30","",""
"28/01/2026 10:30:00 - 28/01/2026 10:45:00","BZN|NL","Without Sequence","161.91","",""
"28/01/2026 10:45:00 - 28/01/2026 11:00:00","BZN|NL","Without Sequence","161.91","",""
"28/01/2026 11:00:00 - 28/01/2026 11:15:00","BZN|NL","Without Sequence","160.31","",""
"28/01/2026 11:15:00 - 28/01/2026 11:30:00","BZN|NL","Without Sequence","155.37","",""
"28/01/2026 11:30:00 - 28/01/2026 11:45:00","BZN|NL","Without Sequence","151.98","",""
"28/01/2026 11:45:00 - 28/01/2026 12:00:00","BZN|NL","Without Sequence","149.22","",""
"28/01/2026 12:00:00 - 28/01/2026 12:15:00","BZN|NL","Without Sequence","151.54","",""
"28/01/2026 12:15:00 - 28/01/2026 12:30:00","BZN|NL","Without Sequence","152.40","",""
"28/01/2026 12:30:00 - 28/01/2026 12:45:00","BZN|NL","Without Sequence","138.28","",""
"28/01/2026 12:45:00 - 28/01/2026 13:00:00","BZN|NL","Without Sequence","135.15","",""
"28/01/2026 13:00:00 - 28/01/2026 13:15:00","BZN|NL","Without Sequence","141.77","",""
"28/01/2026 13:15:00 - 28/01/2026 13:30:00","BZN|NL","Without Sequence","137.33","",""
"28/01/2026 13:30:00 - 28/01/2026 13:45:00","BZN|NL","Without Sequence","139.37","",""
"28/01/2026 13:45:00 - 28/01/2026 14:00:00","BZN|NL","Without Sequence","147.93","",""
"28/01/2026 14:00:00 - 28/01/2026 14:15:00","BZN|NL","Without Sequence","141.64","",""
"28/01/2026 14:15:00 - 28/01/2026 14:30:00","BZN|NL","Without Sequence","136.33","",""
"28/01/2026 14:30:00 - 28/01/2026 14:45:00","BZN|NL","Without Sequence","139.45","",""
"28/01/2026 14:45:00 - 28/01/2026 15:00:00","BZN|NL","Without Sequence","145.37","",""
"28/01/2026 15:00:00 - 28/01/2026 15:15:00","BZN|NL","Without Sequence","140.46","",""
"28/01/2026 15:15:00 - 28/01/2026 15:30:00","BZN|NL","Without Sequence","143.15","",""
"28/01/2026 15:30:00 - 28/01/2026 15:45:00","BZN|NL","Without Sequence","148.10","",""
"28/01/2026 15:45:00 - 28/01/2026 16:00:00","BZN|NL","Without Sequence","156.80","",""
"28/01/2026 16:00:00 - 28/01/2026 16:15:00","BZN|NL","Without Sequence","148.22","",""
"28/01/2026 16:15:00 - 28/01/2026 16:30:00","BZN|NL","Without Sequence","168.40","",""
"28/01/2026 16:30:00 - 28/01/2026 16:45:00","BZN|NL","Without Sequence","168.49","",""
"28/01/2026 16:45:00 - 28/01/2026 17:00:00","BZN|NL","Without Sequence","169.99","",""
"28/01/2026 17:00:00 - 28/01/2026 17:15:00","BZN|NL","Without Sequence","173.56","",""
"28/01/2026 17:15:00 - 28/01/2026 17:30:00","BZN|NL","Without Sequence","171.50","",""
"28/01/2026 17:30:00 - 28/01/2026 17:45:00","BZN|NL","Without Sequence","168.40","",""
"28/01/2026 17:45:00 - 28/01/2026 18:00:00","BZN|NL","Without Sequence","168.24","",""
"28/01/2026 18:00:00 - 28/01/2026 18:15:00","BZN|NL","Without Sequence","169.73","",""
"28/01/2026 18:15:00 - 28/01/2026 18:30:00","BZN|NL","Without Sequence","166.80","",""
"28/01/2026 18:30:00 - 28/01/2026 18:45:00","BZN|NL","Without Sequence","161.20","",""
"28/01/2026 18:45:00 - 28/01/2026 19:00:00","BZN|NL","Without Sequence","147.17","",""
"28/01/2026 19:00:00 - 28/01/2026 19:15:00","BZN|NL","Without Sequence","145.15","",""
"28/01/2026 19:15:00 - 28/01/2026 19:30:00","BZN|NL","Without Sequence","135.78","",""
"28/01/2026 19:30:00 - 28/01/2026 19:45:00","BZN|NL","Without Sequence","133.90","",""
"28/01/2026 19:45:00 - 28/01/2026 20:00:00","BZN|NL","Without Sequence","120.87","",""
"28/01/2026 20:00:00 - 28/01/2026 20:15:00","BZN|NL","Without Sequence","129.96","",""
"28/01/2026 20:15:00 - 28/01/2026 20:30:00","BZN|NL","Without Sequence","119.35","",""
"28/01/2026 20:30:00 - 28/01/2026 20:45:00","BZN|NL","Without Sequence","112.92","",""
"28/01/2026 20:45:00 - 28/01/2026 21:00:00","BZN|NL","Without Sequence","109.91","",""
"28/01/2026 21:00:00 - 28/01/2026 21:15:00","BZN|NL","Without Sequence","123.43","",""
"28/01/2026 21:15:00 - 28/01/2026 21:30:00","BZN|NL","Without Sequence","115.41","",""
"28/01/2026 21:30:00 - 28/01/2026 21:45:00","BZN|NL","Without Sequence","117.24","",""
"28/01/2026 21:45:00 - 28/01/2026 22:00:00","BZN|NL","Without Sequence","108.85","",""
"28/01/2026 22:00:00 - 28/01/2026 22:15:00","BZN|NL","Without Sequence","119.23","",""
"28/01/2026 22:15:00 - 28/01/2026 22:30:00","BZN|NL","Without Sequence","110.03","",""
"28/01/2026 22:30:00 - 28/01/2026 22:45:00","BZN|NL","Without Sequence","110.00","",""
"28/01/2026 22:45:00 - 28/01/2026 23:00:00","BZN|NL","Without Sequence","104.01","",""
"28/01/2026 23:00:00 - 28/01/2026 23:15:00","BZN|NL","Without Sequence","87.46","",""
"28/01/2026 23:15:00 - 28/01/2026 23:30:00","BZN|NL","Without Sequence","100.68","",""
"28/01/2026 23:30:00 - 28/01/2026 23:45:00","BZN|NL","Without Sequence","103.82","",""
"28/01/2026 23:45:00 - 29/01/2026 00:00:00","BZN|NL","Without Sequence","101.91","",""
"29/01/2026 00:00:00 - 29/01/2026 00:15:00","BZN|NL","Without Sequence","105.80","",""
"29/01/2026 00:15:00 - 29/01/2026 00:30:00","BZN|NL","Without Sequence","104.03","",""
"29/01/2026 00:30:00 - 29/01/2026 00:45:00","BZN|NL","Without Sequence","101.14","",""
"29/01/2026 00:45:00 - 29/01/2026 01:00:00","BZN|NL","Without Sequence","102.43","",""
"29/01/2026 01:00:00 - 29/01/2026 01:15:00","BZN|NL","Without Sequence","99.71","",""
"29/01/2026 01:15:00 - 29/01/2026 01:30:00","BZN|NL","Without Sequence","99.31","",""
"29/01/2026 01:30:00 - 29/01/2026 01:45:00","BZN|NL","Without Sequence","101.07","",""
"29/01/2026 01:45:00 - 29/01/2026 02:00:00","BZN|NL","Without Sequence","100.23","",""
"29/01/2026 02:00:00 - 29/01/2026 02:15:00","BZN|NL","Without Sequence","100.03","",""
"29/01/2026 02:15:00 - 29/01/2026 02:30:00","BZN|NL","Without Sequence","100.00","",""
"29/01/2026 02:30:00 - 29/01/2026 02:45:00","BZN|NL","Without Sequence","99.21","",""
"29/01/2026 02:45:00 - 29/01/2026 03:00:00","BZN|NL","Without Sequence","98.29","",""
"29/01/2026 03:00:00 - 29/01/2026 03:15:00","BZN|NL","Without Sequence","98.92","",""
"29/01/2026 03:15:00 - 29/01/2026 03:30:00","BZN|NL","Without Sequence","98.93","",""
"29/01/2026 03:30:00 - 29/01/2026 03:45:00","BZN|NL","Without Sequence","99.38","",""
"29/01/2026 03:45:00 - 29/01/2026 04:00:00","BZN|NL","Without Sequence","102.58","",""
"29/01/2026 04:00:00 - 29/01/2026 04:15:00","BZN|NL","Without Sequence","101.08","",""
"29/01/2026 04:15:00 - 29/01/2026 04:30:00","BZN|NL","Without Sequence","101.78","",""
"29/01/2026 04:30:00 - 29/01/2026 04:45:00","BZN|NL","Without Sequence","106.62","",""
"29/01/2026 04:45:00 - 29/01/2026 05:00:00","BZN|NL","Without Sequence","106.74","",""
"29/01/2026 05:00:00 - 29/01/2026 05:15:00","BZN|NL","Without Sequence","103.85","",""
"29/01/2026 05:15:00 - 29/01/2026 05:30:00","BZN|NL","Without Sequence","101.59","",""
"29/01/2026 05:30:00 - 29/01/2026 05:45:00","BZN|NL","Without Sequence","105.61","",""
"29/01/2026 05:45:00 - 29/01/2026 06:00:00","BZN|NL","Without Sequence","115.10","",""
"29/01/2026 06:00:00 - 29/01/2026 06:15:00","BZN|NL","Without Sequence","104.60","",""
"29/01/2026 06:15:00 - 29/01/2026 06:30:00","BZN|NL","Without Sequence","123.90","",""
"29/01/2026 06:30:00 - 29/01/2026 06:45:00","BZN|NL","Without Sequence","146.95","",""
"29/01/2026 06:45:00 - 29/01/2026 07:00:00","BZN|NL","Without Sequence","152.52","",""
"29/01/2026 07:00:00 - 29/01/2026 07:15:00","BZN|NL","Without Sequence","154.77","",""
"29/01/2026 07:15:00 - 29/01/2026 07:30:00","BZN|NL","Without Sequence","148.74","",""
"29/01/2026 07:30:00 - 29/01/2026 07:45:00","BZN|NL","Without Sequence","161.82","",""
"29/01/2026 07:45:00 - 29/01/2026 08:00:00","BZN|NL","Without Sequence","163.01","",""
"29/01/2026 08:00:00 - 29/01/2026 08:15:00","BZN|NL","Without Sequence","167.49","",""
"29/01/2026 08:15:00 - 29/01/2026 08:30:00","BZN|NL","Without Sequence","155.96","",""
"29/01/2026 08:30:00 - 29/01/2026 08:45:00","BZN|NL","Without Sequence","155.40","",""
"29/01/2026 08:45:00 - 29/01/2026 09:00:00","BZN|NL","Without Sequence","155.33","",""
"29/01/2026 09:00:00 - 29/01/2026 09:15:00","BZN|NL","Without Sequence","156.81","",""
"29/01/2026 09:15:00 - 29/01/2026 09:30:00","BZN|NL","Without Sequence","153.74","",""
"29/01/2026 09:30:00 - 29/01/2026 09:45:00","BZN|NL","Without Sequence","143.43","",""
"29/01/2026 09:45:00 - 29/01/2026 10:00:00","BZN|NL","Without Sequence","138.77","",""
"29/01/2026 10:00:00 - 29/01/2026 10:15:00","BZN|NL","Without Sequence","148.38","",""
"29/01/2026 10:15:00 - 29/01/2026 10:30:00","BZN|NL","Without Sequence","139.57","",""
"29/01/2026 10:30:00 - 29/01/2026 10:45:00","BZN|NL","Without Sequence","136.18","",""
"29/01/2026 10:45:00 - 29/01/2026 11:00:00","BZN|NL","Without Sequence","135.66","",""
"29/01/2026 11:00:00 - 29/01/2026 11:15:00","BZN|NL","Without Sequence","135.74","",""
"29/01/2026 11:15:00 - 29/01/2026 11:30:00","BZN|NL","Without Sequence","130.79","",""
"29/01/2026 11:30:00 - 29/01/2026 11:45:00","BZN|NL","Without Sequence","131.71","",""
"29/01/2026 11:45:00 - 29/01/2026 12:00:00","BZN|NL","Without Sequence","123.76","",""
"29/01/2026 12:00:00 - 29/01/2026 12:15:00","BZN|NL","Without Sequence","136.45","",""
"29/01/2026 12:15:00 - 29/01/2026 12:30:00","BZN|NL","Without Sequence","126.63","",""
"29/01/2026 12:30:00 - 29/01/2026 12:45:00","BZN|NL","Without Sequence","126.91","",""
"29/01/2026 12:45:00 - 29/01/2026 13:00:00","BZN|NL","Without Sequence","128.74","",""
"29/01/2026 13:00:00 - 29/01/2026 13:15:00","BZN|NL","Without Sequence","130.18","",""
"29/01/2026 13:15:00 - 29/01/2026 13:30:00","BZN|NL","Without Sequence","128.08","",""
"29/01/2026 13:30:00 - 29/01/2026 13:45:00","BZN|NL","Without Sequence","133.61","",""
"29/01/2026 13:45:00 - 29/01/2026 14:00:00","BZN|NL","Without Sequence","136.37","",""
"29/01/2026 14:00:00 - 29/01/2026 14:15:00","BZN|NL","Without Sequence","134.91","",""
"29/01/2026 14:15:00 - 29/01/2026 14:30:00","BZN|NL","Without Sequence","138.80","",""
"29/01/2026 14:30:00 - 29/01/2026 14:45:00","BZN|NL","Without Sequence","140.00","",""
"29/01/2026 14:45:00 - 29/01/2026 15:00:00","BZN|NL","Without Sequence","146.10","",""
"29/01/2026 15:00:00 - 29/01/2026 15:15:00","BZN|NL","Without Sequence","140.00","",""
"29/01/2026 15:15:00 - 29/01/2026 15:30:00","BZN|NL","Without Sequence","145.80","",""
"29/01/2026 15:30:00 - 29/01/2026 15:45:00","BZN|NL","Without Sequence","146.08","",""
"29/01/2026 15:45:00 - 29/01/2026 16:00:00","BZN|NL","Without Sequence","154.55","",""
"29/01/2026 16:00:00 - 29/01/2026 16:15:00","BZN|NL","Without Sequence","151.04","",""
"29/01/2026 16:15:00 - 29/01/2026 16:30:00","BZN|NL","Without Sequence","154.20","",""
"29/01/2026 16:30:00 - 29/01/2026 16:45:00","BZN|NL","Without Sequence","157.72","",""
"29/01/2026 16:45:00 - 29/01/2026 17:00:00","BZN|NL","Without Sequence","159.23","",""
"29/01/2026 17:00:00 - 29/01/2026 17:15:00","BZN|NL","Without Sequence","155.02","",""
"29/01/2026 17:15:00 - 29/01/2026 17:30:00","BZN|NL","Without Sequence","155.59","",""
"29/01/2026 17:30:00 - 29/01/2026 17:45:00","BZN|NL","Without Sequence","153.11","",""
"29/01/2026 17:45:00 - 29/01/2026 18:00:00","BZN|NL","Without Sequence","154.19","",""
"29/01/2026 18:00:00 - 29/01/2026 18:15:00","BZN|NL","Without Sequence","149.02","",""
"29/01/2026 18:15:00 - 29/01/2026 18:30:00","BZN|NL","Without Sequence","148.71","",""
"29/01/2026 18:30:00 - 29/01/2026 18:45:00","BZN|NL","Without Sequence","149.07","",""
"29/01/2026 18:45:00 - 29/01/2026 19:00:00","BZN|NL","Without Sequence","131.02","",""
"29/01/2026 19:00:00 - 29/01/2026 19:15:00","BZN|NL","Without Sequence","140.20","",""
"29/01/2026 19:15:00 - 29/01/2026 19:30:00","BZN|NL","Without Sequence","120.98","",""
"29/01/2026 19:30:00 - 29/01/2026 19:45:00","BZN|NL","Without Sequence","115.03","",""
"29/01/2026 19:45:00 - 29/01/2026 20:00:00","BZN|NL","Without Sequence","110.10","",""
"29/01/2026 20:00:00 - 29/01/2026 20:15:00","BZN|NL","Without Sequence","118.67","",""
"29/01/2026 20:15:00 - 29/01/2026 20:30:00","BZN|NL","Without Sequence","113.17","",""
"29/01/2026 20:30:00 - 29/01/2026 20:45:00","BZN|NL","Without Sequence","109.01","",""
"29/01/2026 20:45:00 - 29/01/2026 21:00:00","BZN|NL","Without Sequence","104.35","",""
"29/01/2026 21:00:00 - 29/01/2026 21:15:00","BZN|NL","Without Sequence","112.91","",""
"29/01/2026 21:15:00 - 29/01/2026 21:30:00","BZN|NL","Without Sequence","108.85","",""
"29/01/2026 21:30:00 - 29/01/2026 21:45:00","BZN|NL","Without Sequence","108.89","",""
"29/01/2026 21:45:00 - 29/01/2026 22:00:00","BZN|NL","Without Sequence","105.48","",""
"29/01/2026 22:00:00 - 29/01/2026 22:15:00","BZN|NL","Without Sequence","110.88","",""
"29/01/2026 22:15:00 - 29/01/2026 22:30:00","BZN|NL","Without Sequence","101.04","",""
"29/01/2026 22:30:00 - 29/01/2026 22:45:00","BZN|NL","Without Sequence","103.12","",""
"29/01/2026 22:45:00 - 29/01/2026 23:00:00","BZN|NL","Without Sequence","95.18","",""
"29/01/2026 23:00:00 - 29/01/2026 23:15:00","BZN|NL","Without Sequence","125.08","",""
"29/01/2026 23:15:00 - 29/01/2026 23:30:00","BZN|NL","Without Sequence","114.00","",""
"29/01/2026 23:30:00 - 29/01/2026 23:45:00","BZN|NL","Without Sequence","104.21","",""
"29/01/2026 23:45:00 - 30/01/2026 00:00:00","BZN|NL","Without Sequence","100.97","",""
"30/01/2026 00:00:00 - 30/01/2026 00:15:00","BZN|NL","Without Sequence","106.22","",""
"30/01/2026 00:15:00 - 30/01/2026 00:30:00","BZN|NL","Without Sequence","104.65","",""
"30/01/2026 00:30:00 - 30/01/2026 00:45:00","BZN|NL","Without Sequence","102.47","",""
"30/01/2026 00:45:00 - 30/01/2026 01:00:00","BZN|NL","Without Sequence","99.91","",""
"30/01/2026 01:00:00 - 30/01/2026 01:15:00","BZN|NL","Without Sequence","104.26","",""
"30/01/2026 01:15:00 - 30/01/2026 01:30:00","BZN|NL","Without Sequence","101.87","",""
"30/01/2026 01:30:00 - 30/01/2026 01:45:00","BZN|NL","Without Sequence","99.12","",""
"30/01/2026 01:45:00 - 30/01/2026 02:00:00","BZN|NL","Without Sequence","96.76","",""
"30/01/2026 02:00:00 - 30/01/2026 02:15:00","BZN|NL","Without Sequence","98.36","",""
"30/01/2026 02:15:00 - 30/01/2026 02:30:00","BZN|NL","Without Sequence","96.61","",""
"30/01/2026 02:30:00 - 30/01/2026 02:45:00","BZN|NL","Without Sequence","96.16","",""
"30/01/2026 02:45:00 - 30/01/2026 03:00:00","BZN|NL","Without Sequence","95.69","",""
"30/01/2026 03:00:00 - 30/01/2026 03:15:00","BZN|NL","Without Sequence","96.75","",""
"30/01/2026 03:15:00 - 30/01/2026 03:30:00","BZN|NL","Without Sequence","94.44","",""
"30/01/2026 03:30:00 - 30/01/2026 03:45:00","BZN|NL","Without Sequence","96.35","",""
"30/01/2026 03:45:00 - 30/01/2026 04:00:00","BZN|NL","Without Sequence","96.98","",""
"30/01/2026 04:00:00 - 30/01/2026 04:15:00","BZN|NL","Without Sequence","94.25","",""
"30/01/2026 04:15:00 - 30/01/2026 04:30:00","BZN|NL","Without Sequence","93.25","",""
"30/01/2026 04:30:00 - 30/01/2026 04:45:00","BZN|NL","Without Sequence","93.40","",""
"30/01/2026 04:45:00 - 30/01/2026 05:00:00","BZN|NL","Without Sequence","100.89","",""
"30/01/2026 05:00:00 - 30/01/2026 05:15:00","BZN|NL","Without Sequence","99.26","",""
"30/01/2026 05:15:00 - 30/01/2026 05:30:00","BZN|NL","Without Sequence","104.54","",""
"30/01/2026 05:30:00 - 30/01/2026 05:45:00","BZN|NL","Without Sequence","113.22","",""
"30/01/2026 05:45:00 - 30/01/2026 06:00:00","BZN|NL","Without Sequence","113.62","",""
"30/01/2026 06:00:00 - 30/01/2026 06:15:00","BZN|NL","Without Sequence","106.85","",""
"30/01/2026 06:15:00 - 30/01/2026 06:30:00","BZN|NL","Without Sequence","115.48","",""
"30/01/2026 06:30:00 - 30/01/2026 06:45:00","BZN|NL","Without Sequence","122.12","",""
"30/01/2026 06:45:00 - 30/01/2026 07:00:00","BZN|NL","Without Sequence","135.56","",""
"30/01/2026 07:00:00 - 30/01/2026 07:15:00","BZN|NL","Without Sequence","141.16","",""
"30/01/2026 07:15:00 - 30/01/2026 07:30:00","BZN|NL","Without Sequence","144.97","",""
"30/01/2026 07:30:00 - 30/01/2026 07:45:00","BZN|NL","Without Sequence","140.78","",""
"30/01/2026 07:45:00 - 30/01/2026 08:00:00","BZN|NL","Without Sequence","133.58","",""
"30/01/2026 08:00:00 - 30/01/2026 08:15:00","BZN|NL","Without Sequence","151.99","",""
"30/01/2026 08:15:00 - 30/01/2026 08:30:00","BZN|NL","Without Sequence","140.18","",""
"30/01/2026 08:30:00 - 30/01/2026 08:45:00","BZN|NL","Without Sequence","132.84","",""
"30/01/2026 08:45:00 - 30/01/2026 09:00:00","BZN|NL","Without Sequence","127.60","",""
"30/01/2026 09:00:00 - 30/01/2026 09:15:00","BZN|NL","Without Sequence","135.87","",""
"30/01/2026 09:15:00 - 30/01/2026 09:30:00","BZN|NL","Without Sequence","122.14","",""
"30/01/2026 09:30:00 - 30/01/2026 09:45:00","BZN|NL","Without Sequence","113.04","",""
"30/01/2026 09:45:00 - 30/01/2026 10:00:00","BZN|NL","Without Sequence","108.96","",""
"30/01/2026 10:00:00 - 30/01/2026 10:15:00","BZN|NL","Without Sequence","121.97","",""
"30/01/2026 10:15:00 - 30/01/2026 10:30:00","BZN|NL","Without Sequence","116.11","",""
"30/01/2026 10:30:00 - 30/01/2026 10:45:00","BZN|NL","Without Sequence","116.21","",""
"30/01/2026 10:45:00 - 30/01/2026 11:00:00","BZN|NL","Without Sequence","116.12","",""
"30/01/2026 11:00:00 - 30/01/2026 11:15:00","BZN|NL","Without Sequence","121.65","",""
"30/01/2026 11:15:00 - 30/01/2026 11:30:00","BZN|NL","Without Sequence","112.33","",""
"30/01/2026 11:30:00 - 30/01/2026 11:45:00","BZN|NL","Without Sequence","110.85","",""
"30/01/2026 11:45:00 - 30/01/2026 12:00:00","BZN|NL","Without Sequence","106.65","",""
"30/01/2026 12:00:00 - 30/01/2026 12:15:00","BZN|NL","Without Sequence","110.44","",""
"30/01/2026 12:15:00 - 30/01/2026 12:30:00","BZN|NL","Without Sequence","105.45","",""
"30/01/2026 12:30:00 - 30/01/2026 12:45:00","BZN|NL","Without Sequence","102.44","",""
"30/01/2026 12:45:00 - 30/01/2026 13:00:00","BZN|NL","Without Sequence","102.19","",""
"30/01/2026 13:00:00 - 30/01/2026 13:15:00","BZN|NL","Without Sequence","103.13","",""
"30/01/2026 13:15:00 - 30/01/2026 13:30:00","BZN|NL","Without Sequence","102.60","",""
"30/01/2026 13:30:00 - 30/01/2026 13:45:00","BZN|NL","Without Sequence","104.19","",""
"30/01/2026 13:45:00 - 30/01/2026 14:00:00","BZN|NL","Without Sequence","104.01","",""
"30/01/2026 14:00:00 - 30/01/2026 14:15:00","BZN|NL","Without Sequence","104.20","",""
"30/01/2026 14:15:00 - 30/01/2026 14:30:00","BZN|NL","Without Sequence","108.34","",""
"30/01/2026 14:30:00 - 30/01/2026 14:45:00","BZN|NL","Without Sequence","111.23","",""
"30/01/2026 14:45:00 - 30/01/2026 15:00:00","BZN|NL","Without Sequence","116.22","",""
"30/01/2026 15:00:00 - 30/01/2026 15:15:00","BZN|NL","Without Sequence","110.35","",""
"30/01/2026 15:15:00 - 30/01/2026 15:30:00","BZN|NL","Without Sequence","113.16","",""
"30/01/2026 15:30:00 - 30/01/2026 15:45:00","BZN|NL","Without Sequence","117.21","",""
"30/01/2026 15:45:00 - 30/01/2026 16:00:00","BZN|NL","Without Sequence","119.03","",""
"30/01/2026 16:00:00 - 30/01/2026 16:15:00","BZN|NL","Without Sequence","118.64","",""
"30/01/2026 16:15:00 - 30/01/2026 16:30:00","BZN|NL","Without Sequence","124.00","",""
"30/01/2026 16:30:00 - 30/01/2026 16:45:00","BZN|NL","Without Sequence","129.60","",""
"30/01/2026 16:45:00 - 30/01/2026 17:00:00","BZN|NL","Without Sequence","127.00","",""
"30/01/2026 17:00:00 - 30/01/2026 17:15:00","BZN|NL","Without Sequence","129.43","",""
"30/01/2026 17:15:00 - 30/01/2026 17:30:00","BZN|NL","Without Sequence","121.69","",""
"30/01/2026 17:30:00 - 30/01/2026 17:45:00","BZN|NL","Without Sequence","120.12","",""
"30/01/2026 17:45:00 - 30/01/2026 18:00:00","BZN|NL","Without Sequence","114.67","",""
"30/01/2026 18:00:00 - 30/01/2026 18:15:00","BZN|NL","Without Sequence","117.30","",""
"30/01/2026 18:15:00 - 30/01/2026 18:30:00","BZN|NL","Without Sequence","112.05","",""
"30/01/2026 18:30:00 - 30/01/2026 18:45:00","BZN|NL","Without Sequence","112.50","",""
"30/01/2026 18:45:00 - 30/01/2026 19:00:00","BZN|NL","Without Sequence","110.50","",""
"30/01/2026 19:00:00 - 30/01/2026 19:15:00","BZN|NL","Without Sequence","113.76","",""
"30/01/2026 19:15:00 - 30/01/2026 19:30:00","BZN|NL","Without Sequence","109.77","",""
"30/01/2026 19:30:00 - 30/01/2026 19:45:00","BZN|NL","Without Sequence","108.71","",""
"30/01/2026 19:45:00 - 30/01/2026 20:00:00","BZN|NL","Without Sequence","106.06","",""
"30/01/2026 20:00:00 - 30/01/2026 20:15:00","BZN|NL","Without Sequence","112.26","",""
"30/01/2026 20:15:00 - 30/01/2026 20:30:00","BZN|NL","Without Sequence","107.34","",""
"30/01/2026 20:30:00 - 30/01/2026 20:45:00","BZN|NL","Without Sequence","99.66","",""
"30/01/2026 20:45:00 - 30/01/2026 21:00:00","BZN|NL","Without Sequence","96.21","",""
"30/01/2026 21:00:00 - 30/01/2026 21:15:00","BZN|NL","Without Sequence","107.58","",""
"30/01/2026 21:15:00 - 30/01/2026 21:30:00","BZN|NL","Without Sequence","102.98","",""
"30/01/2026 21:30:00 - 30/01/2026 21:45:00","BZN|NL","Without Sequence","102.85","",""
"30/01/2026 21:45:00 - 30/01/2026 22:00:00","BZN|NL","Without Sequence","98.59","",""
"30/01/2026 22:00:00 - 30/01/2026 22:15:00","BZN|NL","Without Sequence","96.24","",""
"30/01/2026 22:15:00 - 30/01/2026 22:30:00","BZN|NL","Without Sequence","92.78","",""
"30/01/2026 22:30:00 - 30/01/2026 22:45:00","BZN|NL","Without Sequence","93.16","",""
"30/01/2026 22:45:00 - 30/01/2026 23:00:00","BZN|NL","Without Sequence","90.09","",""
"30/01/2026 23:00:00 - 30/01/2026 23:15:00","BZN|NL","Without Sequence","108.65","",""
"30/01/2026 23:15:00 - 30/01/2026 23:30:00","BZN|NL","Without Sequence","96.78","",""
"30/01/2026 23:30:00 - 30/01/2026 23:45:00","BZN|NL","Without Sequence","92.90","",""
"30/01/2026 23:45:00 - 31/01/2026 00:00:00","BZN|NL","Without Sequence","90.71","",""
"31/01/2026 00:00:00 - 31/01/2026 00:15:00","BZN|NL","Without Sequence","100.22","",""
"31/01/2026 00:15:00 - 31/01/2026 00:30:00","BZN|NL","Without Sequence","96.09","",""
"31/01/2026 00:30:00 - 31/01/2026 00:45:00","BZN|NL","Without Sequence","100.15","",""
"31/01/2026 00:45:00 - 31/01/2026 01:00:00","BZN|NL","Without Sequence","96.05","",""
"31/01/2026 01:00:00 - 31/01/2026 01:15:00","BZN|NL","Without Sequence","93.08","",""
"31/01/2026 01:15:00 - 31/01/2026 01:30:00","BZN|NL","Without Sequence","90.10","",""
"31/01/2026 01:30:00 - 31/01/2026 01:45:00","BZN|NL","Without Sequence","99.58","",""
"31/01/2026 01:45:00 - 31/01/2026 02:00:00","BZN|NL","Without Sequence","97.55","",""
"31/01/2026 02:00:00 - 31/01/2026 02:15:00","BZN|NL","Without Sequence","94.66","",""
"31/01/2026 02:15:00 - 31/01/2026 02:30:00","BZN|NL","Without Sequence","94.97","",""
"31/01/2026 02:30:00 - 31/01/2026 02:45:00","BZN|NL","Without Sequence","94.67","",""
"31/01/2026 02:45:00 - 31/01/2026 03:00:00","BZN|NL","Without Sequence","95.29","",""
"31/01/2026 03:00:00 - 31/01/2026 03:15:00","BZN|NL","Without Sequence","93.68","",""
"31/01/2026 03:15:00 - 31/01/2026 03:30:00","BZN|NL","Without Sequence","94.19","",""
"31/01/2026 03:30:00 - 31/01/2026 03:45:00","BZN|NL","Without Sequence","94.30","",""
"31/01/2026 03:45:00 - 31/01/2026 04:00:00","BZN|NL","Without Sequence","94.73","",""
"31/01/2026 04:00:00 - 31/01/2026 04:15:00","BZN|NL","Without Sequence","94.33","",""
"31/01/2026 04:15:00 - 31/01/2026 04:30:00","BZN|NL","Without Sequence","94.83","",""
"31/01/2026 04:30:00 - 31/01/2026 04:45:00","BZN|NL","Without Sequence","94.91","",""
"31/01/2026 04:45:00 - 31/01/2026 05:00:00","BZN|NL","Without Sequence","99.13","",""
"31/01/2026 05:00:00 - 31/01/2026 05:15:00","BZN|NL","Without Sequence","94.54","",""
"31/01/2026 05:15:00 - 31/01/2026 05:30:00","BZN|NL","Without Sequence","97.25","",""
"31/01/2026 05:30:00 - 31/01/2026 05:45:00","BZN|NL","Without Sequence","95.49","",""
"31/01/2026 05:45:00 - 31/01/2026 06:00:00","BZN|NL","Without Sequence","99.63","",""
"31/01/2026 06:00:00 - 31/01/2026 06:15:00","BZN|NL","Without Sequence","99.00","",""
"31/01/2026 06:15:00 - 31/01/2026 06:30:00","BZN|NL","Without Sequence","98.71","",""
"31/01/2026 06:30:00 - 31/01/2026 06:45:00","BZN|NL","Without Sequence","99.73","",""
"31/01/2026 06:45:00 - 31/01/2026 07:00:00","BZN|NL","Without Sequence","106.43","",""
"31/01/2026 07:00:00 - 31/01/2026 07:15:00","BZN|NL","Without Sequence","102.38","",""
"31/01/2026 07:15:00 - 31/01/2026 07:30:00","BZN|NL","Without Sequence","106.04","",""
"31/01/2026 07:30:00 - 31/01/2026 07:45:00","BZN|NL","Without Sequence","107.55","",""
"31/01/2026 07:45:00 - 31/01/2026 08:00:00","BZN|NL","Without Sequence","108.08","",""
"31/01/2026 08:00:00 - 31/01/2026 08:15:00","BZN|NL","Without Sequence","129.51","",""
"31/01/2026 08:15:00 - 31/01/2026 08:30:00","BZN|NL","Without Sequence","121.12","",""
"31/01/2026 08:30:00 - 31/01/2026 08:45:00","BZN|NL","Without Sequence","114.14","",""
"31/01/2026 08:45:00 - 31/01/2026 09:00:00","BZN|NL","Without Sequence","112.27","",""
"31/01/2026 09:00:00 - 31/01/2026 09:15:00","BZN|NL","Without Sequence","125.21","",""
"31/01/2026 09:15:00 - 31/01/2026 09:30:00","BZN|NL","Without Sequence","118.88","",""
"31/01/2026 09:30:00 - 31/01/2026 09:45:00","BZN|NL","Without Sequence","117.30","",""
"31/01/2026 09:45:00 - 31/01/2026 10:00:00","BZN|NL","Without Sequence","110.61","",""
"31/01/2026 10:00:00 - 31/01/2026 10:15:00","BZN|NL","Without Sequence","123.64","",""
"31/01/2026 10:15:00 - 31/01/2026 10:30:00","BZN|NL","Without Sequence","115.87","",""
"31/01/2026 10:30:00 - 31/01/2026 10:45:00","BZN|NL","Without Sequence","116.53","",""
"31/01/2026 10:45:00 - 31/01/2026 11:00:00","BZN|NL","Without Sequence","110.68","",""
"31/01/2026 11:00:00 - 31/01/2026 11:15:00","BZN|NL","Without Sequence","120.01","",""
"31/01/2026 11:15:00 - 31/01/2026 11:30:00","BZN|NL","Without Sequence","112.49","",""
"31/01/2026 11:30:00 - 31/01/2026 11:45:00","BZN|NL","Without Sequence","113.41","",""
"31/01/2026 11:45:00 - 31/01/2026 12:00:00","BZN|NL","Without Sequence","111.72","",""
"31/01/2026 12:00:00 - 31/01/2026 12:15:00","BZN|NL","Without Sequence","111.91","",""
"31/01/2026 12:15:00 - 31/01/2026 12:30:00","BZN|NL","Without Sequence","109.75","",""
"31/01/2026 12:30:00 - 31/01/2026 12:45:00","BZN|NL","Without Sequence","108.84","",""
"31/01/2026 12:45:00 - 31/01/2026 13:00:00","BZN|NL","Without Sequence","109.16","",""
"31/01/2026 13:00:00 - 31/01/2026 13:15:00","BZN|NL","Without Sequence","110.77","",""
"31/01/2026 13:15:00 - 31/01/2026 13:30:00","BZN|NL","Without Sequence","110.99","",""
"31/01/2026 13:30:00 - 31/01/2026 13:45:00","BZN|NL","Without Sequence","114.71","",""
"31/01/2026 13:45:00 - 31/01/2026 14:00:00","BZN|NL","Without Sequence","115.00","",""
"31/01/2026 14:00:00 - 31/01/2026 14:15:00","BZN|NL","Without Sequence","111.33","",""
"31/01/2026 14:15:00 - 31/01/2026 14:30:00","BZN|NL","Without Sequence","116.02","",""
"31/01/2026 14:30:00 - 31/01/2026 14:45:00","BZN|NL","Without Sequence","117.54","",""
"31/01/2026 14:45:00 - 31/01/2026 15:00:00","BZN|NL","Without Sequence","122.36","",""
"31/01/2026 15:00:00 - 31/01/2026 15:15:00","BZN|NL","Without Sequence","105.15","",""
"31/01/2026 15:15:00 - 31/01/2026 15:30:00","BZN|NL","Without Sequence","121.20","",""
"31/01/2026 15:30:00 - 31/01/2026 15:45:00","BZN|NL","Without Sequence","128.13","",""
"31/01/2026 15:45:00 - 31/01/2026 16:00:00","BZN|NL","Without Sequence","135.61","",""
"31/01/2026 16:00:00 - 31/01/2026 16:15:00","BZN|NL","Without Sequence","136.40","",""
"31/01/2026 16:15:00 - 31/01/2026 16:30:00","BZN|NL","Without Sequence","137.54","",""
"31/01/2026 16:30:00 - 31/01/2026 16:45:00","BZN|NL","Without Sequence","146.42","",""
"31/01/2026 16:45:00 - 31/01/2026 17:00:00","BZN|NL","Without Sequence","151.47","",""
"31/01/2026 17:00:00 - 31/01/2026 17:15:00","BZN|NL","Without Sequence","148.94","",""
"31/01/2026 17:15:00 - 31/01/2026 17:30:00","BZN|NL","Without Sequence","149.93","",""
"31/01/2026 17:30:00 - 31/01/2026 17:45:00","BZN|NL","Without Sequence","148.94","",""
"31/01/2026 17:45:00 - 31/01/2026 18:00:00","BZN|NL","Without Sequence","142.99","",""
"31/01/2026 18:00:00 - 31/01/2026 18:15:00","BZN|NL","Without Sequence","152.72","",""
"31/01/2026 18:15:00 - 31/01/2026 18:30:00","BZN|NL","Without Sequence","143.92","",""
"31/01/2026 18:30:00 - 31/01/2026 18:45:00","BZN|NL","Without Sequence","136.75","",""
"31/01/2026 18:45:00 - 31/01/2026 19:00:00","BZN|NL","Without Sequence","128.05","",""
"31/01/2026 19:00:00 - 31/01/2026 19:15:00","BZN|NL","Without Sequence","134.18","",""
"31/01/2026 19:15:00 - 31/01/2026 19:30:00","BZN|NL","Without Sequence","129.05","",""
"31/01/2026 19:30:00 - 31/01/2026 19:45:00","BZN|NL","Without Sequence","125.07","",""
"31/01/2026 19:45:00 - 31/01/2026 20:00:00","BZN|NL","Without Sequence","114.34","",""
"31/01/2026 20:00:00 - 31/01/2026 20:15:00","BZN|NL","Without Sequence","127.86","",""
"31/01/2026 20:15:00 - 31/01/2026 20:30:00","BZN|NL","Without Sequence","121.00","",""
"31/01/2026 20:30:00 - 31/01/2026 20:45:00","BZN|NL","Without Sequence","117.28","",""
"31/01/2026 20:45:00 - 31/01/2026 21:00:00","BZN|NL","Without Sequence","109.86","",""
"31/01/2026 21:00:00 - 31/01/2026 21:15:00","BZN|NL","Without Sequence","126.69","",""
"31/01/2026 21:15:00 - 31/01/2026 21:30:00","BZN|NL","Without Sequence","118.44","",""
"31/01/2026 21:30:00 - 31/01/2026 21:45:00","BZN|NL","Without Sequence","121.26","",""
"31/01/2026 21:45:00 - 31/01/2026 22:00:00","BZN|NL","Without Sequence","106.84","",""
"31/01/2026 22:00:00 - 31/01/2026 22:15:00","BZN|NL","Without Sequence","112.82","",""
"31/01/2026 22:15:00 - 31/01/2026 22:30:00","BZN|NL","Without Sequence","113.22","",""
"31/01/2026 22:30:00 - 31/01/2026 22:45:00","BZN|NL","Without Sequence","117.80","",""
"31/01/2026 22:45:00 - 31/01/2026 23:00:00","BZN|NL","Without Sequence","100.55","",""
"31/01/2026 23:00:00 - 31/01/2026 23:15:00","BZN|NL","Without Sequence","140.79","",""
"31/01/2026 23:15:00 - 31/01/2026 23:30:00","BZN|NL","Without Sequence","121.17","",""
"31/01/2026 23:30:00 - 31/01/2026 23:45:00","BZN|NL","Without Sequence","100.88","",""
"31/01/2026 23:45:00 - 01/02/2026 00:00:00","BZN|NL","Without Sequence","100.33","",""
"01/02/2026 00:00:00 - 01/02/2026 00:15:00","BZN|NL","Without Sequence","142.70","",""
"01/02/2026 00:15:00 - 01/02/2026 00:30:00","BZN|NL","Without Sequence","115.63","",""
"01/02/2026 00:30:00 - 01/02/2026 00:45:00","BZN|NL","Without Sequence","110.60","",""
"01/02/2026 00:45:00 - 01/02/2026 01:00:00","BZN|NL","Without Sequence","98.97","",""
"01/02/2026 01:00:00 - 01/02/2026 01:15:00","BZN|NL","Without Sequence","111.92","",""
"01/02/2026 01:15:00 - 01/02/2026 01:30:00","BZN|NL","Without Sequence","100.37","",""
"01/02/2026 01:30:00 - 01/02/2026 01:45:00","BZN|NL","Without Sequence","100.66","",""
"01/02/2026 01:45:00 - 01/02/2026 02:00:00","BZN|NL","Without Sequence","99.00","",""
"01/02/2026 02:00:00 - 01/02/2026 02:15:00","BZN|NL","Without Sequence","94.72","",""
"01/02/2026 02:15:00 - 01/02/2026 02:30:00","BZN|NL","Without Sequence","98.35","",""
"01/02/2026 02:30:00 - 01/02/2026 02:45:00","BZN|NL","Without Sequence","96.58","",""
"01/02/2026 02:45:00 - 01/02/2026 03:00:00","BZN|NL","Without Sequence","98.74","",""
"01/02/2026 03:00:00 - 01/02/2026 03:15:00","BZN|NL","Without Sequence","98.85","",""
"01/02/2026 03:15:00 - 01/02/2026 03:30:00","BZN|NL","Without Sequence","98.69","",""
"01/02/2026 03:30:00 - 01/02/2026 03:45:00","BZN|NL","Without Sequence","98.00","",""
"01/02/2026 03:45:00 - 01/02/2026 04:00:00","BZN|NL","Without Sequence","97.71","",""
"01/02/2026 04:00:00 - 01/02/2026 04:15:00","BZN|NL","Without Sequence","97.71","",""
"01/02/2026 04:15:00 - 01/02/2026 04:30:00","BZN|NL","Without Sequence","95.41","",""
"01/02/2026 04:30:00 - 01/02/2026 04:45:00","BZN|NL","Without Sequence","99.89","",""
"01/02/2026 04:45:00 - 01/02/2026 05:00:00","BZN|NL","Without Sequence","99.88","",""
"01/02/2026 05:00:00 - 01/02/2026 05:15:00","BZN|NL","Without Sequence","94.47","",""
"01/02/2026 05:15:00 - 01/02/2026 05:30:00","BZN|NL","Without Sequence","96.68","",""
"01/02/2026 05:30:00 - 01/02/2026 05:45:00","BZN|NL","Without Sequence","96.06","",""
"01/02/2026 05:45:00 - 01/02/2026 06:00:00","BZN|NL","Without Sequence","98.43","",""
"01/02/2026 06:00:00 - 01/02/2026 06:15:00","BZN|NL","Without Sequence","98.27","",""
"01/02/2026 06:15:00 - 01/02/2026 06:30:00","BZN|NL","Without Sequence","97.50","",""
"01/02/2026 06:30:00 - 01/02/2026 06:45:00","BZN|NL","Without Sequence","103.08","",""
"01/02/2026 06:45:00 - 01/02/2026 07:00:00","BZN|NL","Without Sequence","105.14","",""
"01/02/2026 07:00:00 - 01/02/2026 07:15:00","BZN|NL","Without Sequence","104.83","",""
"01/02/2026 07:15:00 - 01/02/2026 07:30:00","BZN|NL","Without Sequence","106.79","",""
"01/02/2026 07:30:00 - 01/02/2026 07:45:00","BZN|NL","Without Sequence","109.67","",""
"01/02/2026 07:45:00 - 01/02/2026 08:00:00","BZN|NL","Without Sequence","107.70","",""
"01/02/2026 08:00:00 - 01/02/2026 08:15:00","BZN|NL","Without Sequence","113.58","",""
"01/02/2026 08:15:00 - 01/02/2026 08:30:00","BZN|NL","Without Sequence","112.18","",""
"01/02/2026 08:30:00 - 01/02/2026 08:45:00","BZN|NL","Without Sequence","111.15","",""
"01/02/2026 08:45:00 - 01/02/2026 09:00:00","BZN|NL","Without Sequence","111.20","",""
"01/02/2026 09:00:00 - 01/02/2026 09:15:00","BZN|NL","Without Sequence","117.87","",""
"01/02/2026 09:15:00 - 01/02/2026 09:30:00","BZN|NL","Without Sequence","112.34","",""
"01/02/2026 09:30:00 - 01/02/2026 09:45:00","BZN|NL","Without Sequence","111.50","",""
"01/02/2026 09:45:00 - 01/02/2026 10:00:00","BZN|NL","Without Sequence","108.87","",""
"01/02/2026 10:00:00 - 01/02/2026 10:15:00","BZN|NL","Without Sequence","111.17","",""
"01/02/2026 10:15:00 - 01/02/2026 10:30:00","BZN|NL","Without Sequence","110.53","",""
"01/02/2026 10:30:00 - 01/02/2026 10:45:00","BZN|NL","Without Sequence","109.29","",""
"01/02/2026 10:45:00 - 01/02/2026 11:00:00","BZN|NL","Without Sequence","108.25","",""
"01/02/2026 11:00:00 - 01/02/2026 11:15:00","BZN|NL","Without Sequence","110.52","",""
"01/02/2026 11:15:00 - 01/02/2026 11:30:00","BZN|NL","Without Sequence","106.33","",""
"01/02/2026 11:30:00 - 01/02/2026 11:45:00","BZN|NL","Without Sequence","108.67","",""
"01/02/2026 11:45:00 - 01/02/2026 12:00:00","BZN|NL","Without Sequence","106.11","",""
"01/02/2026 12:00:00 - 01/02/2026 12:15:00","BZN|NL","Without Sequence","102.81","",""
"01/02/2026 12:15:00 - 01/02/2026 12:30:00","BZN|NL","Without Sequence","100.10","",""
"01/02/2026 12:30:00 - 01/02/2026 12:45:00","BZN|NL","Without Sequence","100.80","",""
"01/02/2026 12:45:00 - 01/02/2026 13:00:00","BZN|NL","Without Sequence","100.10","",""
"01/02/2026 13:00:00 - 01/02/2026 13:15:00","BZN|NL","Without Sequence","102.13","",""
"01/02/2026 13:15:00 - 01/02/2026 13:30:00","BZN|NL","Without Sequence","102.35","",""
"01/02/2026 13:30:00 - 01/02/2026 13:45:00","BZN|NL","Without Sequence","105.52","",""
"01/02/2026 13:45:00 - 01/02/2026 14:00:00","BZN|NL","Without Sequence","106.16","",""
"01/02/2026 14:00:00 - 01/02/2026 14:15:00","BZN|NL","Without Sequence","104.65","",""
"01/02/2026 14:15:00 - 01/02/2026 14:30:00","BZN|NL","Without Sequence","109.46","",""
"01/02/2026 14:30:00 - 01/02/2026 14:45:00","BZN|NL","Without Sequence","114.34","",""
"01/02/2026 14:45:00 - 01/02/2026 15:00:00","BZN|NL","Without Sequence","116.61","",""
"01/02/2026 15:00:00 - 01/02/2026 15:15:00","BZN|NL","Without Sequence","107.60","",""
"01/02/2026 15:15:00 - 01/02/2026 15:30:00","BZN|NL","Without Sequence","112.42","",""
"01/02/2026 15:30:00 - 01/02/2026 15:45:00","BZN|NL","Without Sequence","117.29","",""
"01/02/2026 15:45:00 - 01/02/2026 16:00:00","BZN|NL","Without Sequence","128.43","",""
"01/02/2026 16:00:00 - 01/02/2026 16:15:00","BZN|NL","Without Sequence","126.73","",""
"01/02/2026 16:15:00 - 01/02/2026 16:30:00","BZN|NL","Without Sequence","129.97","",""
"01/02/2026 16:30:00 - 01/02/2026 16:45:00","BZN|NL","Without Sequence","137.01","",""
"01/02/2026 16:45:00 - 01/02/2026 17:00:00","BZN|NL","Without Sequence","141.51","",""
"01/02/2026 17:00:00 - 01/02/2026 17:15:00","BZN|NL","Without Sequence","138.31","",""
"01/02/2026 17:15:00 - 01/02/2026 17:30:00","BZN|NL","Without Sequence","139.30","",""
"01/02/2026 17:30:00 - 01/02/2026 17:45:00","BZN|NL","Without Sequence","149.06","",""
"01/02/2026 17:45:00 - 01/02/2026 18:00:00","BZN|NL","Without Sequence","144.97","",""
"01/02/2026 18:00:00 - 01/02/2026 18:15:00","BZN|NL","Without Sequence","150.49","",""
"01/02/2026 18:15:00 - 01/02/2026 18:30:00","BZN|NL","Without Sequence","142.89","",""
"01/02/2026 18:30:00 - 01/02/2026 18:45:00","BZN|NL","Without Sequence","142.00","",""
"01/02/2026 18:45:00 - 01/02/2026 19:00:00","BZN|NL","Without Sequence","134.83","",""
"01/02/2026 19:00:00 - 01/02/2026 19:15:00","BZN|NL","Without Sequence","140.38","",""
"01/02/2026 19:15:00 - 01/02/2026 19:30:00","BZN|NL","Without Sequence","140.75","",""
"01/02/2026 19:30:00 - 01/02/2026 19:45:00","BZN|NL","Without Sequence","130.39","",""
"01/02/2026 19:45:00 - 01/02/2026 20:00:00","BZN|NL","Without Sequence","120.67","",""
"01/02/2026 20:00:00 - 01/02/2026 20:15:00","BZN|NL","Without Sequence","122.15","",""
"01/02/2026 20:15:00 - 01/02/2026 20:30:00","BZN|NL","Without Sequence","118.52","",""
"01/02/2026 20:30:00 - 01/02/2026 20:45:00","BZN|NL","Without Sequence","111.94","",""
"01/02/2026 20:45:00 - 01/02/2026 21:00:00","BZN|NL","Without Sequence","102.75","",""
"01/02/2026 21:00:00 - 01/02/2026 21:15:00","BZN|NL","Without Sequence","117.28","",""
"01/02/2026 21:15:00 - 01/02/2026 21:30:00","BZN|NL","Without Sequence","113.44","",""
"01/02/2026 21:30:00 - 01/02/2026 21:45:00","BZN|NL","Without Sequence","115.43","",""
"01/02/2026 21:45:00 - 01/02/2026 22:00:00","BZN|NL","Without Sequence","109.10","",""
"01/02/2026 22:00:00 - 01/02/2026 22:15:00","BZN|NL","Without Sequence","117.03","",""
"01/02/2026 22:15:00 - 01/02/2026 22:30:00","BZN|NL","Without Sequence","106.23","",""
"01/02/2026 22:30:00 - 01/02/2026 22:45:00","BZN|NL","Without Sequence","111.69","",""
"01/02/2026 22:45:00 - 01/02/2026 23:00:00","BZN|NL","Without Sequence","103.84","",""
"01/02/2026 23:00:00 - 01/02/2026 23:15:00","BZN|NL","Without Sequence","103.36","",""
"01/02/2026 23:15:00 - 01/02/2026 23:30:00","BZN|NL","Without Sequence","105.35","",""
"01/02/2026 23:30:00 - 01/02/2026 23:45:00","BZN|NL","Without Sequence","102.38","",""
"01/02/2026 23:45:00 - 02/02/2026 00:00:00","BZN|NL","Without Sequence","98.23","",""
"02/02/2026 00:00:00 - 02/02/2026 00:15:00","BZN|NL","Without Sequence","102.12","",""
"02/02/2026 00:15:00 - 02/02/2026 00:30:00","BZN|NL","Without Sequence","95.87","",""
"02/02/2026 00:30:00 - 02/02/2026 00:45:00","BZN|NL","Without Sequence","100.61","",""
"02/02/2026 00:45:00 - 02/02/2026 01:00:00","BZN|NL","Without Sequence","99.35","",""
"02/02/2026 01:00:00 - 02/02/2026 01:15:00","BZN|NL","Without Sequence","97.44","",""
"02/02/2026 01:15:00 - 02/02/2026 01:30:00","BZN|NL","Without Sequence","97.46","",""
"02/02/2026 01:30:00 - 02/02/2026 01:45:00","BZN|NL","Without Sequence","95.90","",""
"02/02/2026 01:45:00 - 02/02/2026 02:00:00","BZN|NL","Without Sequence","94.23","",""
"02/02/2026 02:00:00 - 02/02/2026 02:15:00","BZN|NL","Without Sequence","92.90","",""
"02/02/2026 02:15:00 - 02/02/2026 02:30:00","BZN|NL","Without Sequence","90.37","",""
"02/02/2026 02:30:00 - 02/02/2026 02:45:00","BZN|NL","Without Sequence","90.26","",""
"02/02/2026 02:45:00 - 02/02/2026 03:00:00","BZN|NL","Without Sequence","89.91","",""
"02/02/2026 03:00:00 - 02/02/2026 03:15:00","BZN|NL","Without Sequence","92.44","",""
"02/02/2026 03:15:00 - 02/02/2026 03:30:00","BZN|NL","Without Sequence","91.78","",""
"02/02/2026 03:30:00 - 02/02/2026 03:45:00","BZN|NL","Without Sequence","91.89","",""
"02/02/2026 03:45:00 - 02/02/2026 04:00:00","BZN|NL","Without Sequence","92.02","",""
"02/02/2026 04:00:00 - 02/02/2026 04:15:00","BZN|NL","Without Sequence","94.65","",""
"02/02/2026 04:15:00 - 02/02/2026 04:30:00","BZN|NL","Without Sequence","90.57","",""
"02/02/2026 04:30:00 - 02/02/2026 04:45:00","BZN|NL","Without Sequence","95.85","",""
"02/02/2026 04:45:00 - 02/02/2026 05:00:00","BZN|NL","Without Sequence","97.82","",""
"02/02/2026 05:00:00 - 02/02/2026 05:15:00","BZN|NL","Without Sequence","89.78","",""
"02/02/2026 05:15:00 - 02/02/2026 05:30:00","BZN|NL","Without Sequence","103.31","",""
"02/02/2026 05:30:00 - 02/02/2026 05:45:00","BZN|NL","Without Sequence","113.13","",""
"02/02/2026 05:45:00 - 02/02/2026 06:00:00","BZN|NL","Without Sequence","120.10","",""
"02/02/2026 06:00:00 - 02/02/2026 06:15:00","BZN|NL","Without Sequence","108.42","",""
"02/02/2026 06:15:00 - 02/02/2026 06:30:00","BZN|NL","Without Sequence","112.92","",""
"02/02/2026 06:30:00 - 02/02/2026 06:45:00","BZN|NL","Without Sequence","123.79","",""
"02/02/2026 06:45:00 - 02/02/2026 07:00:00","BZN|NL","Without Sequence","125.54","",""
"02/02/2026 07:00:00 - 02/02/2026 07:15:00","BZN|NL","Without Sequence","132.06","",""
"02/02/2026 07:15:00 - 02/02/2026 07:30:00","BZN|NL","Without Sequence","139.01","",""
"02/02/2026 07:30:00 - 02/02/2026 07:45:00","BZN|NL","Without Sequence","140.22","",""
"02/02/2026 07:45:00 - 02/02/2026 08:00:00","BZN|NL","Without Sequence","136.57","",""
"02/02/2026 08:00:00 - 02/02/2026 08:15:00","BZN|NL","Without Sequence","154.13","",""
"02/02/2026 08:15:00 - 02/02/2026 08:30:00","BZN|NL","Without Sequence","142.70","",""
"02/02/2026 08:30:00 - 02/02/2026 08:45:00","BZN|NL","Without Sequence","136.03","",""
"02/02/2026 08:45:00 - 02/02/2026 09:00:00","BZN|NL","Without Sequence","127.89","",""
"02/02/2026 09:00:00 - 02/02/2026 09:15:00","BZN|NL","Without Sequence","132.66","",""
"02/02/2026 09:15:00 - 02/02/2026 09:30:00","BZN|NL","Without Sequence","128.83","",""
"02/02/2026 09:30:00 - 02/02/2026 09:45:00","BZN|NL","Without Sequence","124.43","",""
"02/02/2026 09:45:00 - 02/02/2026 10:00:00","BZN|NL","Without Sequence","115.31","",""
"02/02/2026 10:00:00 - 02/02/2026 10:15:00","BZN|NL","Without Sequence","126.15","",""
"02/02/2026 10:15:00 - 02/02/2026 10:30:00","BZN|NL","Without Sequence","118.14","",""
"02/02/2026 10:30:00 - 02/02/2026 10:45:00","BZN|NL","Without Sequence","112.62","",""
"02/02/2026 10:45:00 - 02/02/2026 11:00:00","BZN|NL","Without Sequence","111.34","",""
"02/02/2026 11:00:00 - 02/02/2026 11:15:00","BZN|NL","Without Sequence","113.54","",""
"02/02/2026 11:15:00 - 02/02/2026 11:30:00","BZN|NL","Without Sequence","114.59","",""
"02/02/2026 11:30:00 - 02/02/2026 11:45:00","BZN|NL","Without Sequence","116.35","",""
"02/02/2026 11:45:00 - 02/02/2026 12:00:00","BZN|NL","Without Sequence","113.31","",""
"02/02/2026 12:00:00 - 02/02/2026 12:15:00","BZN|NL","Without Sequence","113.43","",""
"02/02/2026 12:15:00 - 02/02/2026 12:30:00","BZN|NL","Without Sequence","110.97","",""
"02/02/2026 12:30:00 - 02/02/2026 12:45:00","BZN|NL","Without Sequence","110.27","",""
"02/02/2026 12:45:00 - 02/02/2026 13:00:00","BZN|NL","Without Sequence","110.07","",""
"02/02/2026 13:00:00 - 02/02/2026 13:15:00","BZN|NL","Without Sequence","105.10","",""
"02/02/2026 13:15:00 - 02/02/2026 13:30:00","BZN|NL","Without Sequence","104.65","",""
"02/02/2026 13:30:00 - 02/02/2026 13:45:00","BZN|NL","Without Sequence","106.05","",""
"02/02/2026 13:45:00 - 02/02/2026 14:00:00","BZN|NL","Without Sequence","109.42","",""
"02/02/2026 14:00:00 - 02/02/2026 14:15:00","BZN|NL","Without Sequence","102.17","",""
"02/02/2026 14:15:00 - 02/02/2026 14:30:00","BZN|NL","Without Sequence","104.93","",""
"02/02/2026 14:30:00 - 02/02/2026 14:45:00","BZN|NL","Without Sequence","110.99","",""
"02/02/2026 14:45:00 - 02/02/2026 15:00:00","BZN|NL","Without Sequence","115.39","",""
"02/02/2026 15:00:00 - 02/02/2026 15:15:00","BZN|NL","Without Sequence","102.61","",""
"02/02/2026 15:15:00 - 02/02/2026 15:30:00","BZN|NL","Without Sequence","108.11","",""
"02/02/2026 15:30:00 - 02/02/2026 15:45:00","BZN|NL","Without Sequence","113.99","",""
"02/02/2026 15:45:00 - 02/02/2026 16:00:00","BZN|NL","Without Sequence","119.65","",""
"02/02/2026 16:00:00 - 02/02/2026 16:15:00","BZN|NL","Without Sequence","109.94","",""
"02/02/2026 16:15:00 - 02/02/2026 16:30:00","BZN|NL","Without Sequence","117.54","",""
"02/02/2026 16:30:00 - 02/02/2026 16:45:00","BZN|NL","Without Sequence","125.83","",""
"02/02/2026 16:45:00 - 02/02/2026 17:00:00","BZN|NL","Without Sequence","121.33","",""
"02/02/2026 17:00:00 - 02/02/2026 17:15:00","BZN|NL","Without Sequence","123.96","",""
"02/02/2026 17:15:00 - 02/02/2026 17:30:00","BZN|NL","Without Sequence","118.57","",""
"02/02/2026 17:30:00 - 02/02/2026 17:45:00","BZN|NL","Without Sequence","120.05","",""
"02/02/2026 17:45:00 - 02/02/2026 18:00:00","BZN|NL","Without Sequence","117.10","",""
"02/02/2026 18:00:00 - 02/02/2026 18:15:00","BZN|NL","Without Sequence","105.66","",""
"02/02/2026 18:15:00 - 02/02/2026 18:30:00","BZN|NL","Without Sequence","105.06","",""
"02/02/2026 18:30:00 - 02/02/2026 18:45:00","BZN|NL","Without Sequence","104.14","",""
"02/02/2026 18:45:00 - 02/02/2026 19:00:00","BZN|NL","Without Sequence","100.80","",""
"02/02/2026 19:00:00 - 02/02/2026 19:15:00","BZN|NL","Without Sequence","106.62","",""
"02/02/2026 19:15:00 - 02/02/2026 19:30:00","BZN|NL","Without Sequence","104.58","",""
"02/02/2026 19:30:00 - 02/02/2026 19:45:00","BZN|NL","Without Sequence","102.11","",""
"02/02/2026 19:45:00 - 02/02/2026 20:00:00","BZN|NL","Without Sequence","100.13","",""
"02/02/2026 20:00:00 - 02/02/2026 20:15:00","BZN|NL","Without Sequence","107.73","",""
"02/02/2026 20:15:00 - 02/02/2026 20:30:00","BZN|NL","Without Sequence","104.57","",""
"02/02/2026 20:30:00 - 02/02/2026 20:45:00","BZN|NL","Without Sequence","99.91","",""
"02/02/2026 20:45:00 - 02/02/2026 21:00:00","BZN|NL","Without Sequence","96.16","",""
"02/02/2026 21:00:00 - 02/02/2026 21:15:00","BZN|NL","Without Sequence","103.53","",""
"02/02/2026 21:15:00 - 02/02/2026 21:30:00","BZN|NL","Without Sequence","100.97","",""
"02/02/2026 21:30:00 - 02/02/2026 21:45:00","BZN|NL","Without Sequence","100.53","",""
"02/02/2026 21:45:00 - 02/02/2026 22:00:00","BZN|NL","Without Sequence","95.27","",""
"02/02/2026 22:00:00 - 02/02/2026 22:15:00","BZN|NL","Without Sequence","98.17","",""
"02/02/2026 22:15:00 - 02/02/2026 22:30:00","BZN|NL","Without Sequence","90.70","",""
"02/02/2026 22:30:00 - 02/02/2026 22:45:00","BZN|NL","Without Sequence","90.21","",""
"02/02/2026 22:45:00 - 02/02/2026 23:00:00","BZN|NL","Without Sequence","85.41","",""
"02/02/2026 23:00:00 - 02/02/2026 23:15:00","BZN|NL","Without Sequence","97.15","",""
"02/02/2026 23:15:00 - 02/02/2026 23:30:00","BZN|NL","Without Sequence","92.44","",""
"02/02/2026 23:30:00 - 02/02/2026 23:45:00","BZN|NL","Without Sequence","85.92","",""
"02/02/2026 23:45:00 - 03/02/2026 00:00:00","BZN|NL","Without Sequence","82.50","",""
"03/02/2026 00:00:00 - 03/02/2026 00:15:00","BZN|NL","Without Sequence","90.07","",""
"03/02/2026 00:15:00 - 03/02/2026 00:30:00","BZN|NL","Without Sequence","86.89","",""
"03/02/2026 00:30:00 - 03/02/2026 00:45:00","BZN|NL","Without Sequence","86.25","",""
"03/02/2026 00:45:00 - 03/02/2026 01:00:00","BZN|NL","Without Sequence","84.11","",""
"03/02/2026 01:00:00 - 03/02/2026 01:15:00","BZN|NL","Without Sequence","89.07","",""
"03/02/2026 01:15:00 - 03/02/2026 01:30:00","BZN|NL","Without Sequence","83.42","",""
"03/02/2026 01:30:00 - 03/02/2026 01:45:00","BZN|NL","Without Sequence","77.94","",""
"03/02/2026 01:45:00 - 03/02/2026 02:00:00","BZN|NL","Without Sequence","75.02","",""
"03/02/2026 02:00:00 - 03/02/2026 02:15:00","BZN|NL","Without Sequence","77.48","",""
"03/02/2026 02:15:00 - 03/02/2026 02:30:00","BZN|NL","Without Sequence","75.17","",""
"03/02/2026 02:30:00 - 03/02/2026 02:45:00","BZN|NL","Without Sequence","73.29","",""
"03/02/2026 02:45:00 - 03/02/2026 03:00:00","BZN|NL","Without Sequence","72.57","",""
"03/02/2026 03:00:00 - 03/02/2026 03:15:00","BZN|NL","Without Sequence","72.48","",""
"03/02/2026 03:15:00 - 03/02/2026 03:30:00","BZN|NL","Without Sequence","70.30","",""
"03/02/2026 03:30:00 - 03/02/2026 03:45:00","BZN|NL","Without Sequence","71.68","",""
"03/02/2026 03:45:00 - 03/02/2026 04:00:00","BZN|NL","Without Sequence","73.53","",""
"03/02/2026 04:00:00 - 03/02/2026 04:15:00","BZN|NL","Without Sequence","74.36","",""
"03/02/2026 04:15:00 - 03/02/2026 04:30:00","BZN|NL","Without Sequence","73.02","",""
"03/02/2026 04:30:00 - 03/02/2026 04:45:00","BZN|NL","Without Sequence","79.20","",""
"03/02/2026 04:45:00 - 03/02/2026 05:00:00","BZN|NL","Without Sequence","88.66","",""
"03/02/2026 05:00:00 - 03/02/2026 05:15:00","BZN|NL","Without Sequence","81.86","",""
"03/02/2026 05:15:00 - 03/02/2026 05:30:00","BZN|NL","Without Sequence","85.25","",""
"03/02/2026 05:30:00 - 03/02/2026 05:45:00","BZN|NL","Without Sequence","91.81","",""
"03/02/2026 05:45:00 - 03/02/2026 06:00:00","BZN|NL","Without Sequence","100.08","",""
"03/02/2026 06:00:00 - 03/02/2026 06:15:00","BZN|NL","Without Sequence","94.36","",""
"03/02/2026 06:15:00 - 03/02/2026 06:30:00","BZN|NL","Without Sequence","98.85","",""
"03/02/2026 06:30:00 - 03/02/2026 06:45:00","BZN|NL","Without Sequence","101.55","",""
"03/02/2026 06:45:00 - 03/02/2026 07:00:00","BZN|NL","Without Sequence","102.99","",""
"03/02/2026 07:00:00 - 03/02/2026 07:15:00","BZN|NL","Without Sequence","105.10","",""
"03/02/2026 07:15:00 - 03/02/2026 07:30:00","BZN|NL","Without Sequence","108.05","",""
"03/02/2026 07:30:00 - 03/02/2026 07:45:00","BZN|NL","Without Sequence","110.40","",""
"03/02/2026 07:45:00 - 03/02/2026 08:00:00","BZN|NL","Without Sequence","105.34","",""
"03/02/2026 08:00:00 - 03/02/2026 08:15:00","BZN|NL","Without Sequence","118.45","",""
"03/02/2026 08:15:00 - 03/02/2026 08:30:00","BZN|NL","Without Sequence","110.30","",""
"03/02/2026 08:30:00 - 03/02/2026 08:45:00","BZN|NL","Without Sequence","106.32","",""
"03/02/2026 08:45:00 - 03/02/2026 09:00:00","BZN|NL","Without Sequence","98.25","",""
"03/02/2026 09:00:00 - 03/02/2026 09:15:00","BZN|NL","Without Sequence","105.75","",""
"03/02/2026 09:15:00 - 03/02/2026 09:30:00","BZN|NL","Without Sequence","100.01","",""
"03/02/2026 09:30:00 - 03/02/2026 09:45:00","BZN|NL","Without Sequence","98.60","",""
"03/02/2026 09:45:00 - 03/02/2026 10:00:00","BZN|NL","Without Sequence","95.23","",""
"03/02/2026 10:00:00 - 03/02/2026 10:15:00","BZN|NL","Without Sequence","95.63","",""
"03/02/2026 10:15:00 - 03/02/2026 10:30:00","BZN|NL","Without Sequence","90.84","",""
"03/02/2026 10:30:00 - 03/02/2026 10:45:00","BZN|NL","Without Sequence","86.40","",""
"03/02/2026 10:45:00 - 03/02/2026 11:00:00","BZN|NL","Without Sequence","80.37","",""
"03/02/2026 11:00:00 - 03/02/2026 11:15:00","BZN|NL","Without Sequence","89.17","",""
"03/02/2026 11:15:00 - 03/02/2026 11:30:00","BZN|NL","Without Sequence","83.14","",""
"03/02/2026 11:30:00 - 03/02/2026 11:45:00","BZN|NL","Without Sequence","85.42","",""
"03/02/2026 11:45:00 - 03/02/2026 12:00:00","BZN|NL","Without Sequence","87.84","",""
"03/02/2026 12:00:00 - 03/02/2026 12:15:00","BZN|NL","Without Sequence","88.31","",""
"03/02/2026 12:15:00 - 03/02/2026 12:30:00","BZN|NL","Without Sequence","87.82","",""
"03/02/2026 12:30:00 - 03/02/2026 12:45:00","BZN|NL","Without Sequence","88.58","",""
"03/02/2026 12:45:00 - 03/02/2026 13:00:00","BZN|NL","Without Sequence","89.04","",""
"03/02/2026 13:00:00 - 03/02/2026 13:15:00","BZN|NL","Without Sequence","86.52","",""
"03/02/2026 13:15:00 - 03/02/2026 13:30:00","BZN|NL","Without Sequence","91.80","",""
"03/02/2026 13:30:00 - 03/02/2026 13:45:00","BZN|NL","Without Sequence","94.81","",""
"03/02/2026 13:45:00 - 03/02/2026 14:00:00","BZN|NL","Without Sequence","98.07","",""
"03/02/2026 14:00:00 - 03/02/2026 14:15:00","BZN|NL","Without Sequence","92.94","",""
"03/02/2026 14:15:00 - 03/02/2026 14:30:00","BZN|NL","Without Sequence","99.73","",""
"03/02/2026 14:30:00 - 03/02/2026 14:45:00","BZN|NL","Without Sequence","102.10","",""
"03/02/2026 14:45:00 - 03/02/2026 15:00:00","BZN|NL","Without Sequence","106.26","",""
"03/02/2026 15:00:00 - 03/02/2026 15:15:00","BZN|NL","Without Sequence","98.27","",""
"03/02/2026 15:15:00 - 03/02/2026 15:30:00","BZN|NL","Without Sequence","103.16","",""
"03/02/2026 15:30:00 - 03/02/2026 15:45:00","BZN|NL","Without Sequence","107.00","",""
"03/02/2026 15:45:00 - 03/02/2026 16:00:00","BZN|NL","Without Sequence","115.82","",""
"03/02/2026 16:00:00 - 03/02/2026 16:15:00","BZN|NL","Without Sequence","110.99","",""
"03/02/2026 16:15:00 - 03/02/2026 16:30:00","BZN|NL","Without Sequence","122.05","",""
"03/02/2026 16:30:00 - 03/02/2026 16:45:00","BZN|NL","Without Sequence","127.73","",""
"03/02/2026 16:45:00 - 03/02/2026 17:00:00","BZN|NL","Without Sequence","130.80","",""
"03/02/2026 17:00:00 - 03/02/2026 17:15:00","BZN|NL","Without Sequence","123.83","",""
"03/02/2026 17:15:00 - 03/02/2026 17:30:00","BZN|NL","Without Sequence","124.75","",""
"03/02/2026 17:30:00 - 03/02/2026 17:45:00","BZN|NL","Without Sequence","127.01","",""
"03/02/2026 17:45:00 - 03/02/2026 18:00:00","BZN|NL","Without Sequence","127.64","",""
"03/02/2026 18:00:00 - 03/02/2026 18:15:00","BZN|NL","Without Sequence","124.53","",""
"03/02/2026 18:15:00 - 03/02/2026 18:30:00","BZN|NL","Without Sequence","124.41","",""
"03/02/2026 18:30:00 - 03/02/2026 18:45:00","BZN|NL","Without Sequence","123.88","",""
"03/02/2026 18:45:00 - 03/02/2026 19:00:00","BZN|NL","Without Sequence","120.11","",""
"03/02/2026 19:00:00 - 03/02/2026 19:15:00","BZN|NL","Without Sequence","118.68","",""
"03/02/2026 19:15:00 - 03/02/2026 19:30:00","BZN|NL","Without Sequence","115.70","",""
"03/02/2026 19:30:00 - 03/02/2026 19:45:00","BZN|NL","Without Sequence","108.08","",""
"03/02/2026 19:45:00 - 03/02/2026 20:00:00","BZN|NL","Without Sequence","105.94","",""
"03/02/2026 20:00:00 - 03/02/2026 20:15:00","BZN|NL","Without Sequence","108.81","",""
"03/02/2026 20:15:00 - 03/02/2026 20:30:00","BZN|NL","Without Sequence","104.96","",""
"03/02/2026 20:30:00 - 03/02/2026 20:45:00","BZN|NL","Without Sequence","101.77","",""
"03/02/2026 20:45:00 - 03/02/2026 21:00:00","BZN|NL","Without Sequence","98.33","",""
"03/02/2026 21:00:00 - 03/02/2026 21:15:00","BZN|NL","Without Sequence","106.81","",""
"03/02/2026 21:15:00 - 03/02/2026 21:30:00","BZN|NL","Without Sequence","101.91","",""
"03/02/2026 21:30:00 - 03/02/2026 21:45:00","BZN|NL","Without Sequence","100.21","",""
"03/02/2026 21:45:00 - 03/02/2026 22:00:00","BZN|NL","Without Sequence","95.99","",""
"03/02/2026 22:00:00 - 03/02/2026 22:15:00","BZN|NL","Without Sequence","98.23","",""
"03/02/2026 22:15:00 - 03/02/2026 22:30:00","BZN|NL","Without Sequence","97.54","",""
"03/02/2026 22:30:00 - 03/02/2026 22:45:00","BZN|NL","Without Sequence","94.83","",""
"03/02/2026 22:45:00 - 03/02/2026 23:00:00","BZN|NL","Without Sequence","89.00","",""
"03/02/2026 23:00:00 - 03/02/2026 23:15:00","BZN|NL","Without Sequence","96.66","",""
"03/02/2026 23:15:00 - 03/02/2026 23:30:00","BZN|NL","Without Sequence","93.04","",""
"03/02/2026 23:30:00 - 03/02/2026 23:45:00","BZN|NL","Without Sequence","93.57","",""
"03/02/2026 23:45:00 - 04/02/2026 00:00:00","BZN|NL","Without Sequence","90.71","",""
"04/02/2026 00:00:00 - 04/02/2026 00:15:00","BZN|NL","Without Sequence","92.95","",""
"04/02/2026 00:15:00 - 04/02/2026 00:30:00","BZN|NL","Without Sequence","91.28","",""
"04/02/2026 00:30:00 - 04/02/2026 00:45:00","BZN|NL","Without Sequence","92.29","",""
"04/02/2026 00:45:00 - 04/02/2026 01:00:00","BZN|NL","Without Sequence","89.85","",""
"04/02/2026 01:00:00 - 04/02/2026 01:15:00","BZN|NL","Without Sequence","92.48","",""
"04/02/2026 01:15:00 - 04/02/2026 01:30:00","BZN|NL","Without Sequence","91.25","",""
"04/02/2026 01:30:00 - 04/02/2026 01:45:00","BZN|NL","Without Sequence","91.57","",""
"04/02/2026 01:45:00 - 04/02/2026 02:00:00","BZN|NL","Without Sequence","92.10","",""
"04/02/2026 02:00:00 - 04/02/2026 02:15:00","BZN|NL","Without Sequence","92.35","",""
"04/02/2026 02:15:00 - 04/02/2026 02:30:00","BZN|NL","Without Sequence","90.67","",""
"04/02/2026 02:30:00 - 04/02/2026 02:45:00","BZN|NL","Without Sequence","92.51","",""
"04/02/2026 02:45:00 - 04/02/2026 03:00:00","BZN|NL","Without Sequence","91.47","",""
"04/02/2026 03:00:00 - 04/02/2026 03:15:00","BZN|NL","Without Sequence","89.75","",""
"04/02/2026 03:15:00 - 04/02/2026 03:30:00","BZN|NL","Without Sequence","89.89","",""
"04/02/2026 03:30:00 - 04/02/2026 03:45:00","BZN|NL","Without Sequence","91.90","",""
"04/02/2026 03:45:00 - 04/02/2026 04:00:00","BZN|NL","Without Sequence","92.94","",""
"04/02/2026 04:00:00 - 04/02/2026 04:15:00","BZN|NL","Without Sequence","91.12","",""
"04/02/2026 04:15:00 - 04/02/2026 04:30:00","BZN|NL","Without Sequence","92.44","",""
"04/02/2026 04:30:00 - 04/02/2026 04:45:00","BZN|NL","Without Sequence","94.94","",""
"04/02/2026 04:45:00 - 04/02/2026 05:00:00","BZN|NL","Without Sequence","98.97","",""
"04/02/2026 05:00:00 - 04/02/2026 05:15:00","BZN|NL","Without Sequence","98.29","",""
"04/02/2026 05:15:00 - 04/02/2026 05:30:00","BZN|NL","Without Sequence","101.16","",""
"04/02/2026 05:30:00 - 04/02/2026 05:45:00","BZN|NL","Without Sequence","104.49","",""
"04/02/2026 05:45:00 - 04/02/2026 06:00:00","BZN|NL","Without Sequence","107.14","",""
"04/02/2026 06:00:00 - 04/02/2026 06:15:00","BZN|NL","Without Sequence","112.03","",""
"04/02/2026 06:15:00 - 04/02/2026 06:30:00","BZN|NL","Without Sequence","116.88","",""
"04/02/2026 06:30:00 - 04/02/2026 06:45:00","BZN|NL","Without Sequence","123.90","",""
"04/02/2026 06:45:00 - 04/02/2026 07:00:00","BZN|NL","Without Sequence","128.80","",""
"04/02/2026 07:00:00 - 04/02/2026 07:15:00","BZN|NL","Without Sequence","133.59","",""
"04/02/2026 07:15:00 - 04/02/2026 07:30:00","BZN|NL","Without Sequence","137.80","",""
"04/02/2026 07:30:00 - 04/02/2026 07:45:00","BZN|NL","Without Sequence","131.28","",""
"04/02/2026 07:45:00 - 04/02/2026 08:00:00","BZN|NL","Without Sequence","122.84","",""
"04/02/2026 08:00:00 - 04/02/2026 08:15:00","BZN|NL","Without Sequence","136.83","",""
"04/02/2026 08:15:00 - 04/02/2026 08:30:00","BZN|NL","Without Sequence","124.45","",""
"04/02/2026 08:30:00 - 04/02/2026 08:45:00","BZN|NL","Without Sequence","118.63","",""
"04/02/2026 08:45:00 - 04/02/2026 09:00:00","BZN|NL","Without Sequence","110.32","",""
"04/02/2026 09:00:00 - 04/02/2026 09:15:00","BZN|NL","Without Sequence","118.61","",""
"04/02/2026 09:15:00 - 04/02/2026 09:30:00","BZN|NL","Without Sequence","112.89","",""
"04/02/2026 09:30:00 - 04/02/2026 09:45:00","BZN|NL","Without Sequence","105.54","",""
"04/02/2026 09:45:00 - 04/02/2026 10:00:00","BZN|NL","Without Sequence","100.83","",""
"04/02/2026 10:00:00 - 04/02/2026 10:15:00","BZN|NL","Without Sequence","102.46","",""
"04/02/2026 10:15:00 - 04/02/2026 10:30:00","BZN|NL","Without Sequence","101.08","",""
"04/02/2026 10:30:00 - 04/02/2026 10:45:00","BZN|NL","Without Sequence","97.10","",""
"04/02/2026 10:45:00 - 04/02/2026 11:00:00","BZN|NL","Without Sequence","95.95","",""
"04/02/2026 11:00:00 - 04/02/2026 11:15:00","BZN|NL","Without Sequence","95.51","",""
"04/02/2026 11:15:00 - 04/02/2026 11:30:00","BZN|NL","Without Sequence","93.03","",""
"04/02/2026 11:30:00 - 04/02/2026 11:45:00","BZN|NL","Without Sequence","90.46","",""
"04/02/2026 11:45:00 - 04/02/2026 12:00:00","BZN|NL","Without Sequence","90.43","",""
"04/02/2026 12:00:00 - 04/02/2026 12:15:00","BZN|NL","Without Sequence","91.87","",""
"04/02/2026 12:15:00 - 04/02/2026 12:30:00","BZN|NL","Without Sequence","89.95","",""
"04/02/2026 12:30:00 - 04/02/2026 12:45:00","BZN|NL","Without Sequence","88.11","",""
"04/02/2026 12:45:00 - 04/02/2026 13:00:00","BZN|NL","Without Sequence","90.06","",""
"04/02/2026 13:00:00 - 04/02/2026 13:15:00","BZN|NL","Without Sequence","90.19","",""
"04/02/2026 13:15:00 - 04/02/2026 13:30:00","BZN|NL","Without Sequence","90.91","",""
"04/02/2026 13:30:00 - 04/02/2026 13:45:00","BZN|NL","Without Sequence","94.75","",""
"04/02/2026 13:45:00 - 04/02/2026 14:00:00","BZN|NL","Without Sequence","99.57","",""
"04/02/2026 14:00:00 - 04/02/2026 14:15:00","BZN|NL","Without Sequence","93.46","",""
"04/02/2026 14:15:00 - 04/02/2026 14:30:00","BZN|NL","Without Sequence","96.62","",""
"04/02/2026 14:30:00 - 04/02/2026 14:45:00","BZN|NL","Without Sequence","103.08","",""
"04/02/2026 14:45:00 - 04/02/2026 15:00:00","BZN|NL","Without Sequence","106.45","",""
"04/02/2026 15:00:00 - 04/02/2026 15:15:00","BZN|NL","Without Sequence","103.02","",""
"04/02/2026 15:15:00 - 04/02/2026 15:30:00","BZN|NL","Without Sequence","108.84","",""
"04/02/2026 15:30:00 - 04/02/2026 15:45:00","BZN|NL","Without Sequence","115.08","",""
"04/02/2026 15:45:00 - 04/02/2026 16:00:00","BZN|NL","Without Sequence","122.26","",""
"04/02/2026 16:00:00 - 04/02/2026 16:15:00","BZN|NL","Without Sequence","116.06","",""
"04/02/2026 16:15:00 - 04/02/2026 16:30:00","BZN|NL","Without Sequence","120.33","",""
"04/02/2026 16:30:00 - 04/02/2026 16:45:00","BZN|NL","Without Sequence","124.48","",""
"04/02/2026 16:45:00 - 04/02/2026 17:00:00","BZN|NL","Without Sequence","125.66","",""
"04/02/2026 17:00:00 - 04/02/2026 17:15:00","BZN|NL","Without Sequence","114.34","",""
"04/02/2026 17:15:00 - 04/02/2026 17:30:00","BZN|NL","Without Sequence","115.35","",""
"04/02/2026 17:30:00 - 04/02/2026 17:45:00","BZN|NL","Without Sequence","116.60","",""
"04/02/2026 17:45:00 - 04/02/2026 18:00:00","BZN|NL","Without Sequence","113.71","",""
"04/02/2026 18:00:00 - 04/02/2026 18:15:00","BZN|NL","Without Sequence","113.03","",""
"04/02/2026 18:15:00 - 04/02/2026 18:30:00","BZN|NL","Without Sequence","104.44","",""
"04/02/2026 18:30:00 - 04/02/2026 18:45:00","BZN|NL","Without Sequence","99.79","",""
"04/02/2026 18:45:00 - 04/02/2026 19:00:00","BZN|NL","Without Sequence","93.83","",""
"04/02/2026 19:00:00 - 04/02/2026 19:15:00","BZN|NL","Without Sequence","93.96","",""
"04/02/2026 19:15:00 - 04/02/2026 19:30:00","BZN|NL","Without Sequence","85.97","",""
"04/02/2026 19:30:00 - 04/02/2026 19:45:00","BZN|NL","Without Sequence","86.07","",""
"04/02/2026 19:45:00 - 04/02/2026 20:00:00","BZN|NL","Without Sequence","90.10","",""
"04/02/2026 20:00:00 - 04/02/2026 20:15:00","BZN|NL","Without Sequence","98.85","",""
"04/02/2026 20:15:00 - 04/02/2026 20:30:00","BZN|NL","Without Sequence","95.14","",""
"04/02/2026 20:30:00 - 04/02/2026 20:45:00","BZN|NL","Without Sequence","92.06","",""
"04/02/2026 20:45:00 - 04/02/2026 21:00:00","BZN|NL","Without Sequence","87.26","",""
"04/02/2026 21:00:00 - 04/02/2026 21:15:00","BZN|NL","Without Sequence","96.48","",""
"04/02/2026 21:15:00 - 04/02/2026 21:30:00","BZN|NL","Without Sequence","93.72","",""
"04/02/2026 21:30:00 - 04/02/2026 21:45:00","BZN|NL","Without Sequence","93.71","",""
"04/02/2026 21:45:00 - 04/02/2026 22:00:00","BZN|NL","Without Sequence","87.94","",""
"04/02/2026 22:00:00 - 04/02/2026 22:15:00","BZN|NL","Without Sequence","90.47","",""
"04/02/2026 22:15:00 - 04/02/2026 22:30:00","BZN|NL","Without Sequence","84.95","",""
"04/02/2026 22:30:00 - 04/02/2026 22:45:00","BZN|NL","Without Sequence","85.09","",""
"04/02/2026 22:45:00 - 04/02/2026 23:00:00","BZN|NL","Without Sequence","79.76","",""
"04/02/2026 23:00:00 - 04/02/2026 23:15:00","BZN|NL","Without Sequence","88.53","",""
"04/02/2026 23:15:00 - 04/02/2026 23:30:00","BZN|NL","Without Sequence","85.70","",""
"04/02/2026 23:30:00 - 04/02/2026 23:45:00","BZN|NL","Without Sequence","86.98","",""
"04/02/2026 23:45:00 - 05/02/2026 00:00:00","BZN|NL","Without Sequence","84.35","",""
"05/02/2026 00:00:00 - 05/02/2026 00:15:00","BZN|NL","Without Sequence","86.79","",""
"05/02/2026 00:15:00 - 05/02/2026 00:30:00","BZN|NL","Without Sequence","84.32","",""
"05/02/2026 00:30:00 - 05/02/2026 00:45:00","BZN|NL","Without Sequence","85.45","",""
"05/02/2026 00:45:00 - 05/02/2026 01:00:00","BZN|NL","Without Sequence","82.88","",""
"05/02/2026 01:00:00 - 05/02/2026 01:15:00","BZN|NL","Without Sequence","83.40","",""
"05/02/2026 01:15:00 - 05/02/2026 01:30:00","BZN|NL","Without Sequence","83.12","",""
"05/02/2026 01:30:00 - 05/02/2026 01:45:00","BZN|NL","Without Sequence","84.28","",""
"05/02/2026 01:45:00 - 05/02/2026 02:00:00","BZN|NL","Without Sequence","80.44","",""
"05/02/2026 02:00:00 - 05/02/2026 02:15:00","BZN|NL","Without Sequence","79.57","",""
"05/02/2026 02:15:00 - 05/02/2026 02:30:00","BZN|NL","Without Sequence","80.25","",""
"05/02/2026 02:30:00 - 05/02/2026 02:45:00","BZN|NL","Without Sequence","78.54","",""
"05/02/2026 02:45:00 - 05/02/2026 03:00:00","BZN|NL","Without Sequence","77.32","",""
"05/02/2026 03:00:00 - 05/02/2026 03:15:00","BZN|NL","Without Sequence","76.49","",""
"05/02/2026 03:15:00 - 05/02/2026 03:30:00","BZN|NL","Without Sequence","78.91","",""
"05/02/2026 03:30:00 - 05/02/2026 03:45:00","BZN|NL","Without Sequence","81.21","",""
"05/02/2026 03:45:00 - 05/02/2026 04:00:00","BZN|NL","Without Sequence","81.94","",""
"05/02/2026 04:00:00 - 05/02/2026 04:15:00","BZN|NL","Without Sequence","82.68","",""
"05/02/2026 04:15:00 - 05/02/2026 04:30:00","BZN|NL","Without Sequence","84.47","",""
"05/02/2026 04:30:00 - 05/02/2026 04:45:00","BZN|NL","Without Sequence","86.46","",""
"05/02/2026 04:45:00 - 05/02/2026 05:00:00","BZN|NL","Without Sequence","88.12","",""
"05/02/2026 05:00:00 - 05/02/2026 05:15:00","BZN|NL","Without Sequence","89.05","",""
"05/02/2026 05:15:00 - 05/02/2026 05:30:00","BZN|NL","Without Sequence","98.02","",""
"05/02/2026 05:30:00 - 05/02/2026 05:45:00","BZN|NL","Without Sequence","98.05","",""
"05/02/2026 05:45:00 - 05/02/2026 06:00:00","BZN|NL","Without Sequence","96.44","",""
"05/02/2026 06:00:00 - 05/02/2026 06:15:00","BZN|NL","Without Sequence","96.69","",""
"05/02/2026 06:15:00 - 05/02/2026 06:30:00","BZN|NL","Without Sequence","101.27","",""
"05/02/2026 06:30:00 - 05/02/2026 06:45:00","BZN|NL","Without Sequence","100.22","",""
"05/02/2026 06:45:00 - 05/02/2026 07:00:00","BZN|NL","Without Sequence","101.78","",""
"05/02/2026 07:00:00 - 05/02/2026 07:15:00","BZN|NL","Without Sequence","110.55","",""
"05/02/2026 07:15:00 - 05/02/2026 07:30:00","BZN|NL","Without Sequence","113.28","",""
"05/02/2026 07:30:00 - 05/02/2026 07:45:00","BZN|NL","Without Sequence","117.41","",""
"05/02/2026 07:45:00 - 05/02/2026 08:00:00","BZN|NL","Without Sequence","116.74","",""
"05/02/2026 08:00:00 - 05/02/2026 08:15:00","BZN|NL","Without Sequence","113.23","",""
"05/02/2026 08:15:00 - 05/02/2026 08:30:00","BZN|NL","Without Sequence","113.39","",""
"05/02/2026 08:30:00 - 05/02/2026 08:45:00","BZN|NL","Without Sequence","108.82","",""
"05/02/2026 08:45:00 - 05/02/2026 09:00:00","BZN|NL","Without Sequence","106.19","",""
"05/02/2026 09:00:00 - 05/02/2026 09:15:00","BZN|NL","Without Sequence","119.12","",""
"05/02/2026 09:15:00 - 05/02/2026 09:30:00","BZN|NL","Without Sequence","110.43","",""
"05/02/2026 09:30:00 - 05/02/2026 09:45:00","BZN|NL","Without Sequence","102.93","",""
"05/02/2026 09:45:00 - 05/02/2026 10:00:00","BZN|NL","Without Sequence","96.46","",""
"05/02/2026 10:00:00 - 05/02/2026 10:15:00","BZN|NL","Without Sequence","101.61","",""
"05/02/2026 10:15:00 - 05/02/2026 10:30:00","BZN|NL","Without Sequence","95.94","",""
"05/02/2026 10:30:00 - 05/02/2026 10:45:00","BZN|NL","Without Sequence","85.30","",""
"05/02/2026 10:45:00 - 05/02/2026 11:00:00","BZN|NL","Without Sequence","84.99","",""
"05/02/2026 11:00:00 - 05/02/2026 11:15:00","BZN|NL","Without Sequence","99.80","",""
"05/02/2026 11:15:00 - 05/02/2026 11:30:00","BZN|NL","Without Sequence","98.93","",""
"05/02/2026 11:30:00 - 05/02/2026 11:45:00","BZN|NL","Without Sequence","99.25","",""
"05/02/2026 11:45:00 - 05/02/2026 12:00:00","BZN|NL","Without Sequence","100.28","",""
"05/02/2026 12:00:00 - 05/02/2026 12:15:00","BZN|NL","Without Sequence","100.93","",""
"05/02/2026 12:15:00 - 05/02/2026 12:30:00","BZN|NL","Without Sequence","101.27","",""
"05/02/2026 12:30:00 - 05/02/2026 12:45:00","BZN|NL","Without Sequence","103.38","",""
"05/02/2026 12:45:00 - 05/02/2026 13:00:00","BZN|NL","Without Sequence","104.89","",""
"05/02/2026 13:00:00 - 05/02/2026 13:15:00","BZN|NL","Without Sequence","97.41","",""
"05/02/2026 13:15:00 - 05/02/2026 13:30:00","BZN|NL","Without Sequence","101.20","",""
"05/02/2026 13:30:00 - 05/02/2026 13:45:00","BZN|NL","Without Sequence","101.85","",""
"05/02/2026 13:45:00 - 05/02/2026 14:00:00","BZN|NL","Without Sequence","110.54","",""
"05/02/2026 14:00:00 - 05/02/2026 14:15:00","BZN|NL","Without Sequence","101.04","",""
"05/02/2026 14:15:00 - 05/02/2026 14:30:00","BZN|NL","Without Sequence","106.31","",""
"05/02/2026 14:30:00 - 05/02/2026 14:45:00","BZN|NL","Without Sequence","114.60","",""
"05/02/2026 14:45:00 - 05/02/2026 15:00:00","BZN|NL","Without Sequence","121.21","",""
"05/02/2026 15:00:00 - 05/02/2026 15:15:00","BZN|NL","Without Sequence","109.23","",""
"05/02/2026 15:15:00 - 05/02/2026 15:30:00","BZN|NL","Without Sequence","117.28","",""
"05/02/2026 15:30:00 - 05/02/2026 15:45:00","BZN|NL","Without Sequence","123.78","",""
"05/02/2026 15:45:00 - 05/02/2026 16:00:00","BZN|NL","Without Sequence","125.08","",""
"05/02/2026 16:00:00 - 05/02/2026 16:15:00","BZN|NL","Without Sequence","121.54","",""
"05/02/2026 16:15:00 - 05/02/2026 16:30:00","BZN|NL","Without Sequence","128.44","",""
"05/02/2026 16:30:00 - 05/02/2026 16:45:00","BZN|NL","Without Sequence","140.71","",""
"05/02/2026 16:45:00 - 05/02/2026 17:00:00","BZN|NL","Without Sequence","144.47","",""
"05/02/2026 17:00:00 - 05/02/2026 17:15:00","BZN|NL","Without Sequence","133.66","",""
"05/02/2026 17:15:00 - 05/02/2026 17:30:00","BZN|NL","Without Sequence","130.76","",""
"05/02/2026 17:30:00 - 05/02/2026 17:45:00","BZN|NL","Without Sequence","134.78","",""
"05/02/2026 17:45:00 - 05/02/2026 18:00:00","BZN|NL","Without Sequence","129.96","",""
"05/02/2026 18:00:00 - 05/02/2026 18:15:00","BZN|NL","Without Sequence","135.21","",""
"05/02/2026 18:15:00 - 05/02/2026 18:30:00","BZN|NL","Without Sequence","128.70","",""
"05/02/2026 18:30:00 - 05/02/2026 18:45:00","BZN|NL","Without Sequence","126.88","",""
"05/02/2026 18:45:00 - 05/02/2026 19:00:00","BZN|NL","Without Sequence","123.36","",""
"05/02/2026 19:00:00 - 05/02/2026 19:15:00","BZN|NL","Without Sequence","124.89","",""
"05/02/2026 19:15:00 - 05/02/2026 19:30:00","BZN|NL","Without Sequence","117.73","",""
"05/02/2026 19:30:00 - 05/02/2026 19:45:00","BZN|NL","Without Sequence","113.54","",""
"05/02/2026 19:45:00 - 05/02/2026 20:00:00","BZN|NL","Without Sequence","104.63","",""
"05/02/2026 20:00:00 - 05/02/2026 20:15:00","BZN|NL","Without Sequence","110.29","",""
"05/02/2026 20:15:00 - 05/02/2026 20:30:00","BZN|NL","Without Sequence","105.76","",""
"05/02/2026 20:30:00 - 05/02/2026 20:45:00","BZN|NL","Without Sequence","102.15","",""
"05/02/2026 20:45:00 - 05/02/2026 21:00:00","BZN|NL","Without Sequence","94.04","",""
"05/02/2026 21:00:00 - 05/02/2026 21:15:00","BZN|NL","Without Sequence","106.76","",""
"05/02/2026 21:15:00 - 05/02/2026 21:30:00","BZN|NL","Without Sequence","101.43","",""
"05/02/2026 21:30:00 - 05/02/2026 21:45:00","BZN|NL","Without Sequence","102.61","",""
"05/02/2026 21:45:00 - 05/02/2026 22:00:00","BZN|NL","Without Sequence","99.61","",""
"05/02/2026 22:00:00 - 05/02/2026 22:15:00","BZN|NL","Without Sequence","103.85","",""
"05/02/2026 22:15:00 - 05/02/2026 22:30:00","BZN|NL","Without Sequence","98.53","",""
"05/02/2026 22:30:00 - 05/02/2026 22:45:00","BZN|NL","Without Sequence","95.20","",""
"05/02/2026 22:45:00 - 05/02/2026 23:00:00","BZN|NL","Without Sequence","85.98","",""
"05/02/2026 23:00:00 - 05/02/2026 23:15:00","BZN|NL","Without Sequence","100.52","",""
"05/02/2026 23:15:00 - 05/02/2026 23:30:00","BZN|NL","Without Sequence","95.85","",""
"05/02/2026 23:30:00 - 05/02/2026 23:45:00","BZN|NL","Without Sequence","95.80","",""
"05/02/2026 23:45:00 - 06/02/2026 00:00:00","BZN|NL","Without Sequence","94.02","",""
"06/02/2026 00:00:00 - 06/02/2026 00:15:00","BZN|NL","Without Sequence","98.25","",""
"06/02/2026 00:15:00 - 06/02/2026 00:30:00","BZN|NL","Without Sequence","95.73","",""
"06/02/2026 00:30:00 - 06/02/2026 00:45:00","BZN|NL","Without Sequence","94.92","",""
"06/02/2026 00:45:00 - 06/02/2026 01:00:00","BZN|NL","Without Sequence","92.07","",""
"06/02/2026 01:00:00 - 06/02/2026 01:15:00","BZN|NL","Without Sequence","94.39","",""
"06/02/2026 01:15:00 - 06/02/2026 01:30:00","BZN|NL","Without Sequence","92.35","",""
"06/02/2026 01:30:00 - 06/02/2026 01:45:00","BZN|NL","Without Sequence","89.11","",""
"06/02/2026 01:45:00 - 06/02/2026 02:00:00","BZN|NL","Without Sequence","90.64","",""
"06/02/2026 02:00:00 - 06/02/2026 02:15:00","BZN|NL","Without Sequence","89.10","",""
"06/02/2026 02:15:00 - 06/02/2026 02:30:00","BZN|NL","Without Sequence","90.11","",""
"06/02/2026 02:30:00 - 06/02/2026 02:45:00","BZN|NL","Without Sequence","88.79","",""
"06/02/2026 02:45:00 - 06/02/2026 03:00:00","BZN|NL","Without Sequence","87.76","",""
"06/02/2026 03:00:00 - 06/02/2026 03:15:00","BZN|NL","Without Sequence","87.15","",""
"06/02/2026 03:15:00 - 06/02/2026 03:30:00","BZN|NL","Without Sequence","87.91","",""
"06/02/2026 03:30:00 - 06/02/2026 03:45:00","BZN|NL","Without Sequence","88.40","",""
"06/02/2026 03:45:00 - 06/02/2026 04:00:00","BZN|NL","Without Sequence","89.80","",""
"06/02/2026 04:00:00 - 06/02/2026 04:15:00","BZN|NL","Without Sequence","93.84","",""
"06/02/2026 04:15:00 - 06/02/2026 04:30:00","BZN|NL","Without Sequence","91.94","",""
"06/02/2026 04:30:00 - 06/02/2026 04:45:00","BZN|NL","Without Sequence","93.51","",""
"06/02/2026 04:45:00 - 06/02/2026 05:00:00","BZN|NL","Without Sequence","100.77","",""
"06/02/2026 05:00:00 - 06/02/2026 05:15:00","BZN|NL","Without Sequence","92.65","",""
"06/02/2026 05:15:00 - 06/02/2026 05:30:00","BZN|NL","Without Sequence","102.87","",""
"06/02/2026 05:30:00 - 06/02/2026 05:45:00","BZN|NL","Without Sequence","108.72","",""
"06/02/2026 05:45:00 - 06/02/2026 06:00:00","BZN|NL","Without Sequence","113.50","",""
"06/02/2026 06:00:00 - 06/02/2026 06:15:00","BZN|NL","Without Sequence","115.47","",""
"06/02/2026 06:15:00 - 06/02/2026 06:30:00","BZN|NL","Without Sequence","128.24","",""
"06/02/2026 06:30:00 - 06/02/2026 06:45:00","BZN|NL","Without Sequence","142.18","",""
"06/02/2026 06:45:00 - 06/02/2026 07:00:00","BZN|NL","Without Sequence","140.77","",""
"06/02/2026 07:00:00 - 06/02/2026 07:15:00","BZN|NL","Without Sequence","136.60","",""
"06/02/2026 07:15:00 - 06/02/2026 07:30:00","BZN|NL","Without Sequence","141.82","",""
"06/02/2026 07:30:00 - 06/02/2026 07:45:00","BZN|NL","Without Sequence","142.12","",""
"06/02/2026 07:45:00 - 06/02/2026 08:00:00","BZN|NL","Without Sequence","142.10","",""
"06/02/2026 08:00:00 - 06/02/2026 08:15:00","BZN|NL","Without Sequence","144.76","",""
"06/02/2026 08:15:00 - 06/02/2026 08:30:00","BZN|NL","Without Sequence","141.48","",""
"06/02/2026 08:30:00 - 06/02/2026 08:45:00","BZN|NL","Without Sequence","136.50","",""
"06/02/2026 08:45:00 - 06/02/2026 09:00:00","BZN|NL","Without Sequence","132.83","",""
"06/02/2026 09:00:00 - 06/02/2026 09:15:00","BZN|NL","Without Sequence","141.63","",""
"06/02/2026 09:15:00 - 06/02/2026 09:30:00","BZN|NL","Without Sequence","136.30","",""
"06/02/2026 09:30:00 - 06/02/2026 09:45:00","BZN|NL","Without Sequence","133.45","",""
"06/02/2026 09:45:00 - 06/02/2026 10:00:00","BZN|NL","Without Sequence","129.31","",""
"06/02/2026 10:00:00 - 06/02/2026 10:15:00","BZN|NL","Without Sequence","136.38","",""
"06/02/2026 10:15:00 - 06/02/2026 10:30:00","BZN|NL","Without Sequence","131.60","",""
"06/02/2026 10:30:00 - 06/02/2026 10:45:00","BZN|NL","Without Sequence","128.95","",""
"06/02/2026 10:45:00 - 06/02/2026 11:00:00","BZN|NL","Without Sequence","121.41","",""
"06/02/2026 11:00:00 - 06/02/2026 11:15:00","BZN|NL","Without Sequence","124.27","",""
"06/02/2026 11:15:00 - 06/02/2026 11:30:00","BZN|NL","Without Sequence","122.95","",""
"06/02/2026 11:30:00 - 06/02/2026 11:45:00","BZN|NL","Without Sequence","125.39","",""
"06/02/2026 11:45:00 - 06/02/2026 12:00:00","BZN|NL","Without Sequence","119.78","",""
"06/02/2026 12:00:00 - 06/02/2026 12:15:00","BZN|NL","Without Sequence","127.83","",""
"06/02/2026 12:15:00 - 06/02/2026 12:30:00","BZN|NL","Without Sequence","123.00","",""
"06/02/2026 12:30:00 - 06/02/2026 12:45:00","BZN|NL","Without Sequence","122.47","",""
"06/02/2026 12:45:00 - 06/02/2026 13:00:00","BZN|NL","Without Sequence","118.18","",""
"06/02/2026 13:00:00 - 06/02/2026 13:15:00","BZN|NL","Without Sequence","115.19","",""
"06/02/2026 13:15:00 - 06/02/2026 13:30:00","BZN|NL","Without Sequence","120.44","",""
"06/02/2026 13:30:00 - 06/02/2026 13:45:00","BZN|NL","Without Sequence","124.71","",""
"06/02/2026 13:45:00 - 06/02/2026 14:00:00","BZN|NL","Without Sequence","129.98","",""
"06/02/2026 14:00:00 - 06/02/2026 14:15:00","BZN|NL","Without Sequence","118.96","",""
"06/02/2026 14:15:00 - 06/02/2026 14:30:00","BZN|NL","Without Sequence","124.37","",""
"06/02/2026 14:30:00 - 06/02/2026 14:45:00","BZN|NL","Without Sequence","129.49","",""
"06/02/2026 14:45:00 - 06/02/2026 15:00:00","BZN|NL","Without Sequence","136.95","",""
"06/02/2026 15:00:00 - 06/02/2026 15:15:00","BZN|NL","Without Sequence","121.03","",""
"06/02/2026 15:15:00 - 06/02/2026 15:30:00","BZN|NL","Without Sequence","125.53","",""
"06/02/2026 15:30:00 - 06/02/2026 15:45:00","BZN|NL","Without Sequence","127.48","",""
"06/02/2026 15:45:00 - 06/02/2026 16:00:00","BZN|NL","Without Sequence","128.70","",""
"06/02/2026 16:00:00 - 06/02/2026 16:15:00","BZN|NL","Without Sequence","122.31","",""
"06/02/2026 16:15:00 - 06/02/2026 16:30:00","BZN|NL","Without Sequence","131.27","",""
"06/02/2026 16:30:00 - 06/02/2026 16:45:00","BZN|NL","Without Sequence","135.76","",""
"06/02/2026 16:45:00 - 06/02/2026 17:00:00","BZN|NL","Without Sequence","140.96","",""
"06/02/2026 17:00:00 - 06/02/2026 17:15:00","BZN|NL","Without Sequence","136.93","",""
"06/02/2026 17:15:00 - 06/02/2026 17:30:00","BZN|NL","Without Sequence","134.57","",""
"06/02/2026 17:30:00 - 06/02/2026 17:45:00","BZN|NL","Without Sequence","125.72","",""
"06/02/2026 17:45:00 - 06/02/2026 18:00:00","BZN|NL","Without Sequence","125.49","",""
"06/02/2026 18:00:00 - 06/02/2026 18:15:00","BZN|NL","Without Sequence","135.40","",""
"06/02/2026 18:15:00 - 06/02/2026 18:30:00","BZN|NL","Without Sequence","124.73","",""
"06/02/2026 18:30:00 - 06/02/2026 18:45:00","BZN|NL","Without Sequence","127.30","",""
"06/02/2026 18:45:00 - 06/02/2026 19:00:00","BZN|NL","Without Sequence","114.96","",""
"06/02/2026 19:00:00 - 06/02/2026 19:15:00","BZN|NL","Without Sequence","119.94","",""
"06/02/2026 19:15:00 - 06/02/2026 19:30:00","BZN|NL","Without Sequence","109.56","",""
"06/02/2026 19:30:00 - 06/02/2026 19:45:00","BZN|NL","Without Sequence","107.37","",""
"06/02/2026 19:45:00 - 06/02/2026 20:00:00","BZN|NL","Without Sequence","103.53","",""
"06/02/2026 20:00:00 - 06/02/2026 20:15:00","BZN|NL","Without Sequence","110.47","",""
"06/02/2026 20:15:00 - 06/02/2026 20:30:00","BZN|NL","Without Sequence","107.54","",""
"06/02/2026 20:30:00 - 06/02/2026 20:45:00","BZN|NL","Without Sequence","103.95","",""
"06/02/2026 20:45:00 - 06/02/2026 21:00:00","BZN|NL","Without Sequence","98.47","",""
"06/02/2026 21:00:00 - 06/02/2026 21:15:00","BZN|NL","Without Sequence","105.08","",""
"06/02/2026 21:15:00 - 06/02/2026 21:30:00","BZN|NL","Without Sequence","101.95","",""
"06/02/2026 21:30:00 - 06/02/2026 21:45:00","BZN|NL","Without Sequence","104.51","",""
"06/02/2026 21:45:00 - 06/02/2026 22:00:00","BZN|NL","Without Sequence","101.78","",""
"06/02/2026 22:00:00 - 06/02/2026 22:15:00","BZN|NL","Without Sequence","105.00","",""
"06/02/2026 22:15:00 - 06/02/2026 22:30:00","BZN|NL","Without Sequence","99.65","",""
"06/02/2026 22:30:00 - 06/02/2026 22:45:00","BZN|NL","Without Sequence","101.29","",""
"06/02/2026 22:45:00 - 06/02/2026 23:00:00","BZN|NL","Without Sequence","95.71","",""
"06/02/2026 23:00:00 - 06/02/2026 23:15:00","BZN|NL","Without Sequence","104.25","",""
"06/02/2026 23:15:00 - 06/02/2026 23:30:00","BZN|NL","Without Sequence","101.03","",""
"06/02/2026 23:30:00 - 06/02/2026 23:45:00","BZN|NL","Without Sequence","95.03","",""
"06/02/2026 23:45:00 - 07/02/2026 00:00:00","BZN|NL","Without Sequence","94.15","",""
"07/02/2026 00:00:00 - 07/02/2026 00:15:00","BZN|NL","Without Sequence","97.13","",""
"07/02/2026 00:15:00 - 07/02/2026 00:30:00","BZN|NL","Without Sequence","94.53","",""
"07/02/2026 00:30:00 - 07/02/2026 00:45:00","BZN|NL","Without Sequence","98.97","",""
"07/02/2026 00:45:00 - 07/02/2026 01:00:00","BZN|NL","Without Sequence","95.55","",""
"07/02/2026 01:00:00 - 07/02/2026 01:15:00","BZN|NL","Without Sequence","95.68","",""
"07/02/2026 01:15:00 - 07/02/2026 01:30:00","BZN|NL","Without Sequence","94.20","",""
"07/02/2026 01:30:00 - 07/02/2026 01:45:00","BZN|NL","Without Sequence","92.49","",""
"07/02/2026 01:45:00 - 07/02/2026 02:00:00","BZN|NL","Without Sequence","89.57","",""
"07/02/2026 02:00:00 - 07/02/2026 02:15:00","BZN|NL","Without Sequence","93.68","",""
"07/02/2026 02:15:00 - 07/02/2026 02:30:00","BZN|NL","Without Sequence","89.98","",""
"07/02/2026 02:30:00 - 07/02/2026 02:45:00","BZN|NL","Without Sequence","89.45","",""
"07/02/2026 02:45:00 - 07/02/2026 03:00:00","BZN|NL","Without Sequence","86.95","",""
"07/02/2026 03:00:00 - 07/02/2026 03:15:00","BZN|NL","Without Sequence","89.10","",""
"07/02/2026 03:15:00 - 07/02/2026 03:30:00","BZN|NL","Without Sequence","89.09","",""
"07/02/2026 03:30:00 - 07/02/2026 03:45:00","BZN|NL","Without Sequence","87.70","",""
"07/02/2026 03:45:00 - 07/02/2026 04:00:00","BZN|NL","Without Sequence","87.32","",""
"07/02/2026 04:00:00 - 07/02/2026 04:15:00","BZN|NL","Without Sequence","87.68","",""
"07/02/2026 04:15:00 - 07/02/2026 04:30:00","BZN|NL","Without Sequence","89.02","",""
"07/02/2026 04:30:00 - 07/02/2026 04:45:00","BZN|NL","Without Sequence","90.09","",""
"07/02/2026 04:45:00 - 07/02/2026 05:00:00","BZN|NL","Without Sequence","91.82","",""
"07/02/2026 05:00:00 - 07/02/2026 05:15:00","BZN|NL","Without Sequence","84.50","",""
"07/02/2026 05:15:00 - 07/02/2026 05:30:00","BZN|NL","Without Sequence","91.09","",""
"07/02/2026 05:30:00 - 07/02/2026 05:45:00","BZN|NL","Without Sequence","93.05","",""
"07/02/2026 05:45:00 - 07/02/2026 06:00:00","BZN|NL","Without Sequence","98.05","",""
"07/02/2026 06:00:00 - 07/02/2026 06:15:00","BZN|NL","Without Sequence","97.59","",""
"07/02/2026 06:15:00 - 07/02/2026 06:30:00","BZN|NL","Without Sequence","99.33","",""
"07/02/2026 06:30:00 - 07/02/2026 06:45:00","BZN|NL","Without Sequence","102.25","",""
"07/02/2026 06:45:00 - 07/02/2026 07:00:00","BZN|NL","Without Sequence","105.16","",""
"07/02/2026 07:00:00 - 07/02/2026 07:15:00","BZN|NL","Without Sequence","104.20","",""
"07/02/2026 07:15:00 - 07/02/2026 07:30:00","BZN|NL","Without Sequence","108.63","",""
"07/02/2026 07:30:00 - 07/02/2026 07:45:00","BZN|NL","Without Sequence","113.06","",""
"07/02/2026 07:45:00 - 07/02/2026 08:00:00","BZN|NL","Without Sequence","109.43","",""
"07/02/2026 08:00:00 - 07/02/2026 08:15:00","BZN|NL","Without Sequence","118.74","",""
"07/02/2026 08:15:00 - 07/02/2026 08:30:00","BZN|NL","Without Sequence","111.69","",""
"07/02/2026 08:30:00 - 07/02/2026 08:45:00","BZN|NL","Without Sequence","112.40","",""
"07/02/2026 08:45:00 - 07/02/2026 09:00:00","BZN|NL","Without Sequence","103.55","",""
"07/02/2026 09:00:00 - 07/02/2026 09:15:00","BZN|NL","Without Sequence","112.97","",""
"07/02/2026 09:15:00 - 07/02/2026 09:30:00","BZN|NL","Without Sequence","102.55","",""
"07/02/2026 09:30:00 - 07/02/2026 09:45:00","BZN|NL","Without Sequence","99.81","",""
"07/02/2026 09:45:00 - 07/02/2026 10:00:00","BZN|NL","Without Sequence","92.41","",""
"07/02/2026 10:00:00 - 07/02/2026 10:15:00","BZN|NL","Without Sequence","100.91","",""
"07/02/2026 10:15:00 - 07/02/2026 10:30:00","BZN|NL","Without Sequence","96.32","",""
"07/02/2026 10:30:00 - 07/02/2026 10:45:00","BZN|NL","Without Sequence","95.01","",""
"07/02/2026 10:45:00 - 07/02/2026 11:00:00","BZN|NL","Without Sequence","92.29","",""
"07/02/2026 11:00:00 - 07/02/2026 11:15:00","BZN|NL","Without Sequence","96.09","",""
"07/02/2026 11:15:00 - 07/02/2026 11:30:00","BZN|NL","Without Sequence","91.99","",""
"07/02/2026 11:30:00 - 07/02/2026 11:45:00","BZN|NL","Without Sequence","90.58","",""
"07/02/2026 11:45:00 - 07/02/2026 12:00:00","BZN|NL","Without Sequence","88.52","",""
"07/02/2026 12:00:00 - 07/02/2026 12:15:00","BZN|NL","Without Sequence","90.94","",""
"07/02/2026 12:15:00 - 07/02/2026 12:30:00","BZN|NL","Without Sequence","89.93","",""
"07/02/2026 12:30:00 - 07/02/2026 12:45:00","BZN|NL","Without Sequence","87.64","",""
"07/02/2026 12:45:00 - 07/02/2026 13:00:00","BZN|NL","Without Sequence","88.00","",""
"07/02/2026 13:00:00 - 07/02/2026 13:15:00","BZN|NL","Without Sequence","84.21","",""
"07/02/2026 13:15:00 - 07/02/2026 13:30:00","BZN|NL","Without Sequence","86.31","",""
"07/02/2026 13:30:00 - 07/02/2026 13:45:00","BZN|NL","Without Sequence","89.85","",""
"07/02/2026 13:45:00 - 07/02/2026 14:00:00","BZN|NL","Without Sequence","94.54","",""
"07/02/2026 14:00:00 - 07/02/2026 14:15:00","BZN|NL","Without Sequence","89.09","",""
"07/02/2026 14:15:00 - 07/02/2026 14:30:00","BZN|NL","Without Sequence","91.99","",""
"07/02/2026 14:30:00 - 07/02/2026 14:45:00","BZN|NL","Without Sequence","96.96","",""
"07/02/2026 14:45:00 - 07/02/2026 15:00:00","BZN|NL","Without Sequence","101.96","",""
"07/02/2026 15:00:00 - 07/02/2026 15:15:00","BZN|NL","Without Sequence","95.53","",""
"07/02/2026 15:15:00 - 07/02/2026 15:30:00","BZN|NL","Without Sequence","105.17","",""
"07/02/2026 15:30:00 - 07/02/2026 15:45:00","BZN|NL","Without Sequence","114.51","",""
"07/02/2026 15:45:00 - 07/02/2026 16:00:00","BZN|NL","Without Sequence","123.15","",""
"07/02/2026 16:00:00 - 07/02/2026 16:15:00","BZN|NL","Without Sequence","119.05","",""
"07/02/2026 16:15:00 - 07/02/2026 16:30:00","BZN|NL","Without Sequence","123.51","",""
"07/02/2026 16:30:00 - 07/02/2026 16:45:00","BZN|NL","Without Sequence","129.57","",""
"07/02/2026 16:45:00 - 07/02/2026 17:00:00","BZN|NL","Without Sequence","134.88","",""
"07/02/2026 17:00:00 - 07/02/2026 17:15:00","BZN|NL","Without Sequence","131.83","",""
"07/02/2026 17:15:00 - 07/02/2026 17:30:00","BZN|NL","Without Sequence","132.04","",""
"07/02/2026 17:30:00 - 07/02/2026 17:45:00","BZN|NL","Without Sequence","131.10","",""
"07/02/2026 17:45:00 - 07/02/2026 18:00:00","BZN|NL","Without Sequence","130.28","",""
"07/02/2026 18:00:00 - 07/02/2026 18:15:00","BZN|NL","Without Sequence","129.29","",""
"07/02/2026 18:15:00 - 07/02/2026 18:30:00","BZN|NL","Without Sequence","128.21","",""
"07/02/2026 18:30:00 - 07/02/2026 18:45:00","BZN|NL","Without Sequence","122.58","",""
"07/02/2026 18:45:00 - 07/02/2026 19:00:00","BZN|NL","Without Sequence","115.28","",""
"07/02/2026 19:00:00 - 07/02/2026 19:15:00","BZN|NL","Without Sequence","119.99","",""
"07/02/2026 19:15:00 - 07/02/2026 19:30:00","BZN|NL","Without Sequence","110.32","",""
"07/02/2026 19:30:00 - 07/02/2026 19:45:00","BZN|NL","Without Sequence","105.72","",""
"07/02/2026 19:45:00 - 07/02/2026 20:00:00","BZN|NL","Without Sequence","101.46","",""
"07/02/2026 20:00:00 - 07/02/2026 20:15:00","BZN|NL","Without Sequence","106.55","",""
"07/02/2026 20:15:00 - 07/02/2026 20:30:00","BZN|NL","Without Sequence","103.08","",""
"07/02/2026 20:30:00 - 07/02/2026 20:45:00","BZN|NL","Without Sequence","100.63","",""
"07/02/2026 20:45:00 - 07/02/2026 21:00:00","BZN|NL","Without Sequence","96.35","",""
"07/02/2026 21:00:00 - 07/02/2026 21:15:00","BZN|NL","Without Sequence","106.38","",""
"07/02/2026 21:15:00 - 07/02/2026 21:30:00","BZN|NL","Without Sequence","103.88","",""
"07/02/2026 21:30:00 - 07/02/2026 21:45:00","BZN|NL","Without Sequence","102.92","",""
"07/02/2026 21:45:00 - 07/02/2026 22:00:00","BZN|NL","Without Sequence","100.00","",""
"07/02/2026 22:00:00 - 07/02/2026 22:15:00","BZN|NL","Without Sequence","104.20","",""
"07/02/2026 22:15:00 - 07/02/2026 22:30:00","BZN|NL","Without Sequence","99.88","",""
"07/02/2026 22:30:00 - 07/02/2026 22:45:00","BZN|NL","Without Sequence","96.11","",""
"07/02/2026 22:45:00 - 07/02/2026 23:00:00","BZN|NL","Without Sequence","91.80","",""
"07/02/2026 23:00:00 - 07/02/2026 23:15:00","BZN|NL","Without Sequence","108.87","",""
"07/02/2026 23:15:00 - 07/02/2026 23:30:00","BZN|NL","Without Sequence","101.13","",""
"07/02/2026 23:30:00 - 07/02/2026 23:45:00","BZN|NL","Without Sequence","97.82","",""
"07/02/2026 23:45:00 - 08/02/2026 00:00:00","BZN|NL","Without Sequence","93.07","",""
"08/02/2026 00:00:00 - 08/02/2026 00:15:00","BZN|NL","Without Sequence","97.79","",""
"08/02/2026 00:15:00 - 08/02/2026 00:30:00","BZN|NL","Without Sequence","98.66","",""
"08/02/2026 00:30:00 - 08/02/2026 00:45:00","BZN|NL","Without Sequence","97.10","",""
"08/02/2026 00:45:00 - 08/02/2026 01:00:00","BZN|NL","Without Sequence","95.21","",""
"08/02/2026 01:00:00 - 08/02/2026 01:15:00","BZN|NL","Without Sequence","98.05","",""
"08/02/2026 01:15:00 - 08/02/2026 01:30:00","BZN|NL","Without Sequence","95.23","",""
"08/02/2026 01:30:00 - 08/02/2026 01:45:00","BZN|NL","Without Sequence","92.69","",""
"08/02/2026 01:45:00 - 08/02/2026 02:00:00","BZN|NL","Without Sequence","91.63","",""
"08/02/2026 02:00:00 - 08/02/2026 02:15:00","BZN|NL","Without Sequence","93.49","",""
"08/02/2026 02:15:00 - 08/02/2026 02:30:00","BZN|NL","Without Sequence","92.25","",""
"08/02/2026 02:30:00 - 08/02/2026 02:45:00","BZN|NL","Without Sequence","91.13","",""
"08/02/2026 02:45:00 - 08/02/2026 03:00:00","BZN|NL","Without Sequence","91.61","",""
"08/02/2026 03:00:00 - 08/02/2026 03:15:00","BZN|NL","Without Sequence","90.35","",""
"08/02/2026 03:15:00 - 08/02/2026 03:30:00","BZN|NL","Without Sequence","90.43","",""
"08/02/2026 03:30:00 - 08/02/2026 03:45:00","BZN|NL","Without Sequence","90.73","",""
"08/02/2026 03:45:00 - 08/02/2026 04:00:00","BZN|NL","Without Sequence","90.33","",""
"08/02/2026 04:00:00 - 08/02/2026 04:15:00","BZN|NL","Without Sequence","92.12","",""
"08/02/2026 04:15:00 - 08/02/2026 04:30:00","BZN|NL","Without Sequence","91.44","",""
"08/02/2026 04:30:00 - 08/02/2026 04:45:00","BZN|NL","Without Sequence","90.36","",""
"08/02/2026 04:45:00 - 08/02/2026 05:00:00","BZN|NL","Without Sequence","91.61","",""
"08/02/2026 05:00:00 - 08/02/2026 05:15:00","BZN|NL","Without Sequence","84.80","",""
"08/02/2026 05:15:00 - 08/02/2026 05:30:00","BZN|NL","Without Sequence","87.67","",""
"08/02/2026 05:30:00 - 08/02/2026 05:45:00","BZN|NL","Without Sequence","90.98","",""
"08/02/2026 05:45:00 - 08/02/2026 06:00:00","BZN|NL","Without Sequence","95.96","",""
"08/02/2026 06:00:00 - 08/02/2026 06:15:00","BZN|NL","Without Sequence","88.20","",""
"08/02/2026 06:15:00 - 08/02/2026 06:30:00","BZN|NL","Without Sequence","91.33","",""
"08/02/2026 06:30:00 - 08/02/2026 06:45:00","BZN|NL","Without Sequence","94.69","",""
"08/02/2026 06:45:00 - 08/02/2026 07:00:00","BZN|NL","Without Sequence","99.10","",""
"08/02/2026 07:00:00 - 08/02/2026 07:15:00","BZN|NL","Without Sequence","94.41","",""
"08/02/2026 07:15:00 - 08/02/2026 07:30:00","BZN|NL","Without Sequence","98.72","",""
"08/02/2026 07:30:00 - 08/02/2026 07:45:00","BZN|NL","Without Sequence","100.10","",""
"08/02/2026 07:45:00 - 08/02/2026 08:00:00","BZN|NL","Without Sequence","100.04","",""
"08/02/2026 08:00:00 - 08/02/2026 08:15:00","BZN|NL","Without Sequence","100.16","",""
"08/02/2026 08:15:00 - 08/02/2026 08:30:00","BZN|NL","Without Sequence","99.87","",""
"08/02/2026 08:30:00 - 08/02/2026 08:45:00","BZN|NL","Without Sequence","99.49","",""
"08/02/2026 08:45:00 - 08/02/2026 09:00:00","BZN|NL","Without Sequence","93.78","",""
"08/02/2026 09:00:00 - 08/02/2026 09:15:00","BZN|NL","Without Sequence","100.90","",""
"08/02/2026 09:15:00 - 08/02/2026 09:30:00","BZN|NL","Without Sequence","98.00","",""
"08/02/2026 09:30:00 - 08/02/2026 09:45:00","BZN|NL","Without Sequence","94.86","",""
"08/02/2026 09:45:00 - 08/02/2026 10:00:00","BZN|NL","Without Sequence","93.12","",""
"08/02/2026 10:00:00 - 08/02/2026 10:15:00","BZN|NL","Without Sequence","96.90","",""
"08/02/2026 10:15:00 - 08/02/2026 10:30:00","BZN|NL","Without Sequence","93.98","",""
"08/02/2026 10:30:00 - 08/02/2026 10:45:00","BZN|NL","Without Sequence","92.53","",""
"08/02/2026 10:45:00 - 08/02/2026 11:00:00","BZN|NL","Without Sequence","90.44","",""
"08/02/2026 11:00:00 - 08/02/2026 11:15:00","BZN|NL","Without Sequence","92.03","",""
"08/02/2026 11:15:00 - 08/02/2026 11:30:00","BZN|NL","Without Sequence","90.50","",""
"08/02/2026 11:30:00 - 08/02/2026 11:45:00","BZN|NL","Without Sequence","92.56","",""
"08/02/2026 11:45:00 - 08/02/2026 12:00:00","BZN|NL","Without Sequence","89.59","",""
"08/02/2026 12:00:00 - 08/02/2026 12:15:00","BZN|NL","Without Sequence","90.80","",""
"08/02/2026 12:15:00 - 08/02/2026 12:30:00","BZN|NL","Without Sequence","88.97","",""
"08/02/2026 12:30:00 - 08/02/2026 12:45:00","BZN|NL","Without Sequence","90.88","",""
"08/02/2026 12:45:00 - 08/02/2026 13:00:00","BZN|NL","Without Sequence","89.17","",""
"08/02/2026 13:00:00 - 08/02/2026 13:15:00","BZN|NL","Without Sequence","88.76","",""
"08/02/2026 13:15:00 - 08/02/2026 13:30:00","BZN|NL","Without Sequence","89.90","",""
"08/02/2026 13:30:00 - 08/02/2026 13:45:00","BZN|NL","Without Sequence","91.29","",""
"08/02/2026 13:45:00 - 08/02/2026 14:00:00","BZN|NL","Without Sequence","93.73","",""
"08/02/2026 14:00:00 - 08/02/2026 14:15:00","BZN|NL","Without Sequence","92.69","",""
"08/02/2026 14:15:00 - 08/02/2026 14:30:00","BZN|NL","Without Sequence","96.51","",""
"08/02/2026 14:30:00 - 08/02/2026 14:45:00","BZN|NL","Without Sequence","99.10","",""
"08/02/2026 14:45:00 - 08/02/2026 15:00:00","BZN|NL","Without Sequence","105.63","",""
"08/02/2026 15:00:00 - 08/02/2026 15:15:00","BZN|NL","Without Sequence","92.94","",""
"08/02/2026 15:15:00 - 08/02/2026 15:30:00","BZN|NL","Without Sequence","100.57","",""
"08/02/2026 15:30:00 - 08/02/2026 15:45:00","BZN|NL","Without Sequence","107.46","",""
"08/02/2026 15:45:00 - 08/02/2026 16:00:00","BZN|NL","Without Sequence","118.19","",""
"08/02/2026 16:00:00 - 08/02/2026 16:15:00","BZN|NL","Without Sequence","111.91","",""
"08/02/2026 16:15:00 - 08/02/2026 16:30:00","BZN|NL","Without Sequence","120.09","",""
"08/02/2026 16:30:00 - 08/02/2026 16:45:00","BZN|NL","Without Sequence","125.41","",""
"08/02/2026 16:45:00 - 08/02/2026 17:00:00","BZN|NL","Without Sequence","129.30","",""
"08/02/2026 17:00:00 - 08/02/2026 17:15:00","BZN|NL","Without Sequence","126.95","",""
"08/02/2026 17:15:00 - 08/02/2026 17:30:00","BZN|NL","Without Sequence","129.89","",""
"08/02/2026 17:30:00 - 08/02/2026 17:45:00","BZN|NL","Without Sequence","132.55","",""
"08/02/2026 17:45:00 - 08/02/2026 18:00:00","BZN|NL","Without Sequence","129.84","",""
"08/02/2026 18:00:00 - 08/02/2026 18:15:00","BZN|NL","Without Sequence","132.96","",""
"08/02/2026 18:15:00 - 08/02/2026 18:30:00","BZN|NL","Without Sequence","129.55","",""
"08/02/2026 18:30:00 - 08/02/2026 18:45:00","BZN|NL","Without Sequence","125.09","",""
"08/02/2026 18:45:00 - 08/02/2026 19:00:00","BZN|NL","Without Sequence","120.00","",""
"08/02/2026 19:00:00 - 08/02/2026 19:15:00","BZN|NL","Without Sequence","122.21","",""
"08/02/2026 19:15:00 - 08/02/2026 19:30:00","BZN|NL","Without Sequence","113.65","",""
"08/02/2026 19:30:00 - 08/02/2026 19:45:00","BZN|NL","Without Sequence","109.35","",""
"08/02/2026 19:45:00 - 08/02/2026 20:00:00","BZN|NL","Without Sequence","103.88","",""
"08/02/2026 20:00:00 - 08/02/2026 20:15:00","BZN|NL","Without Sequence","109.68","",""
"08/02/2026 20:15:00 - 08/02/2026 20:30:00","BZN|NL","Without Sequence","107.09","",""
"08/02/2026 20:30:00 - 08/02/2026 20:45:00","BZN|NL","Without Sequence","103.63","",""
"08/02/2026 20:45:00 - 08/02/2026 21:00:00","BZN|NL","Without Sequence","101.05","",""
"08/02/2026 21:00:00 - 08/02/2026 21:15:00","BZN|NL","Without Sequence","105.51","",""
"08/02/2026 21:15:00 - 08/02/2026 21:30:00","BZN|NL","Without Sequence","104.16","",""
"08/02/2026 21:30:00 - 08/02/2026 21:45:00","BZN|NL","Without Sequence","104.14","",""
"08/02/2026 21:45:00 - 08/02/2026 22:00:00","BZN|NL","Without Sequence","101.42","",""
"08/02/2026 22:00:00 - 08/02/2026 22:15:00","BZN|NL","Without Sequence","102.25","",""
"08/02/2026 22:15:00 - 08/02/2026 22:30:00","BZN|NL","Without Sequence","101.71","",""
"08/02/2026 22:30:00 - 08/02/2026 22:45:00","BZN|NL","Without Sequence","100.28","",""
"08/02/2026 22:45:00 - 08/02/2026 23:00:00","BZN|NL","Without Sequence","93.74","",""
"08/02/2026 23:00:00 - 08/02/2026 23:15:00","BZN|NL","Without Sequence","99.88","",""
"08/02/2026 23:15:00 - 08/02/2026 23:30:00","BZN|NL","Without Sequence","97.30","",""
"08/02/2026 23:30:00 - 08/02/2026 23:45:00","BZN|NL","Without Sequence","92.38","",""
"08/02/2026 23:45:00 - 09/02/2026 00:00:00","BZN|NL","Without Sequence","89.40","",""
"09/02/2026 00:00:00 - 09/02/2026 00:15:00","BZN|NL","Without Sequence","95.92","",""
"09/02/2026 00:15:00 - 09/02/2026 00:30:00","BZN|NL","Without Sequence","93.20","",""
"09/02/2026 00:30:00 - 09/02/2026 00:45:00","BZN|NL","Without Sequence","92.94","",""
"09/02/2026 00:45:00 - 09/02/2026 01:00:00","BZN|NL","Without Sequence","90.53","",""
"09/02/2026 01:00:00 - 09/02/2026 01:15:00","BZN|NL","Without Sequence","94.07","",""
"09/02/2026 01:15:00 - 09/02/2026 01:30:00","BZN|NL","Without Sequence","92.25","",""
"09/02/2026 01:30:00 - 09/02/2026 01:45:00","BZN|NL","Without Sequence","92.75","",""
"09/02/2026 01:45:00 - 09/02/2026 02:00:00","BZN|NL","Without Sequence","88.92","",""
"09/02/2026 02:00:00 - 09/02/2026 02:15:00","BZN|NL","Without Sequence","90.94","",""
"09/02/2026 02:15:00 - 09/02/2026 02:30:00","BZN|NL","Without Sequence","90.03","",""
"09/02/2026 02:30:00 - 09/02/2026 02:45:00","BZN|NL","Without Sequence","90.25","",""
"09/02/2026 02:45:00 - 09/02/2026 03:00:00","BZN|NL","Without Sequence","89.77","",""
"09/02/2026 03:00:00 - 09/02/2026 03:15:00","BZN|NL","Without Sequence","87.87","",""
"09/02/2026 03:15:00 - 09/02/2026 03:30:00","BZN|NL","Without Sequence","89.18","",""
"09/02/2026 03:30:00 - 09/02/2026 03:45:00","BZN|NL","Without Sequence","90.11","",""
"09/02/2026 03:45:00 - 09/02/2026 04:00:00","BZN|NL","Without Sequence","95.18","",""
"09/02/2026 04:00:00 - 09/02/2026 04:15:00","BZN|NL","Without Sequence","91.87","",""
"09/02/2026 04:15:00 - 09/02/2026 04:30:00","BZN|NL","Without Sequence","96.48","",""
"09/02/2026 04:30:00 - 09/02/2026 04:45:00","BZN|NL","Without Sequence","101.27","",""
"09/02/2026 04:45:00 - 09/02/2026 05:00:00","BZN|NL","Without Sequence","110.00","",""
"09/02/2026 05:00:00 - 09/02/2026 05:15:00","BZN|NL","Without Sequence","101.27","",""
"09/02/2026 05:15:00 - 09/02/2026 05:30:00","BZN|NL","Without Sequence","116.41","",""
"09/02/2026 05:30:00 - 09/02/2026 05:45:00","BZN|NL","Without Sequence","130.75","",""
"09/02/2026 05:45:00 - 09/02/2026 06:00:00","BZN|NL","Without Sequence","158.33","",""
"09/02/2026 06:00:00 - 09/02/2026 06:15:00","BZN|NL","Without Sequence","129.99","",""
"09/02/2026 06:15:00 - 09/02/2026 06:30:00","BZN|NL","Without Sequence","152.36","",""
"09/02/2026 06:30:00 - 09/02/2026 06:45:00","BZN|NL","Without Sequence","160.00","",""
"09/02/2026 06:45:00 - 09/02/2026 07:00:00","BZN|NL","Without Sequence","163.64","",""
"09/02/2026 07:00:00 - 09/02/2026 07:15:00","BZN|NL","Without Sequence","170.29","",""
"09/02/2026 07:15:00 - 09/02/2026 07:30:00","BZN|NL","Without Sequence","179.32","",""
"09/02/2026 07:30:00 - 09/02/2026 07:45:00","BZN|NL","Without Sequence","179.34","",""
"09/02/2026 07:45:00 - 09/02/2026 08:00:00","BZN|NL","Without Sequence","175.09","",""
"09/02/2026 08:00:00 - 09/02/2026 08:15:00","BZN|NL","Without Sequence","182.41","",""
"09/02/2026 08:15:00 - 09/02/2026 08:30:00","BZN|NL","Without Sequence","171.32","",""
"09/02/2026 08:30:00 - 09/02/2026 08:45:00","BZN|NL","Without Sequence","151.84","",""
"09/02/2026 08:45:00 - 09/02/2026 09:00:00","BZN|NL","Without Sequence","148.06","",""
"09/02/2026 09:00:00 - 09/02/2026 09:15:00","BZN|NL","Without Sequence","158.59","",""
"09/02/2026 09:15:00 - 09/02/2026 09:30:00","BZN|NL","Without Sequence","154.96","",""
"09/02/2026 09:30:00 - 09/02/2026 09:45:00","BZN|NL","Without Sequence","146.04","",""
"09/02/2026 09:45:00 - 09/02/2026 10:00:00","BZN|NL","Without Sequence","136.63","",""
"09/02/2026 10:00:00 - 09/02/2026 10:15:00","BZN|NL","Without Sequence","142.94","",""
"09/02/2026 10:15:00 - 09/02/2026 10:30:00","BZN|NL","Without Sequence","138.97","",""
"09/02/2026 10:30:00 - 09/02/2026 10:45:00","BZN|NL","Without Sequence","136.31","",""
"09/02/2026 10:45:00 - 09/02/2026 11:00:00","BZN|NL","Without Sequence","129.95","",""
"09/02/2026 11:00:00 - 09/02/2026 11:15:00","BZN|NL","Without Sequence","138.44","",""
"09/02/2026 11:15:00 - 09/02/2026 11:30:00","BZN|NL","Without Sequence","131.46","",""
"09/02/2026 11:30:00 - 09/02/2026 11:45:00","BZN|NL","Without Sequence","129.11","",""
"09/02/2026 11:45:00 - 09/02/2026 12:00:00","BZN|NL","Without Sequence","122.74","",""
"09/02/2026 12:00:00 - 09/02/2026 12:15:00","BZN|NL","Without Sequence","130.01","",""
"09/02/2026 12:15:00 - 09/02/2026 12:30:00","BZN|NL","Without Sequence","128.36","",""
"09/02/2026 12:30:00 - 09/02/2026 12:45:00","BZN|NL","Without Sequence","124.60","",""
"09/02/2026 12:45:00 - 09/02/2026 13:00:00","BZN|NL","Without Sequence","120.26","",""
"09/02/2026 13:00:00 - 09/02/2026 13:15:00","BZN|NL","Without Sequence","116.47","",""
"09/02/2026 13:15:00 - 09/02/2026 13:30:00","BZN|NL","Without Sequence","125.23","",""
"09/02/2026 13:30:00 - 09/02/2026 13:45:00","BZN|NL","Without Sequence","132.18","",""
"09/02/2026 13:45:00 - 09/02/2026 14:00:00","BZN|NL","Without Sequence","140.50","",""
"09/02/2026 14:00:00 - 09/02/2026 14:15:00","BZN|NL","Without Sequence","120.08","",""
"09/02/2026 14:15:00 - 09/02/2026 14:30:00","BZN|NL","Without Sequence","129.90","",""
"09/02/2026 14:30:00 - 09/02/2026 14:45:00","BZN|NL","Without Sequence","145.32","",""
"09/02/2026 14:45:00 - 09/02/2026 15:00:00","BZN|NL","Without Sequence","157.91","",""
"09/02/2026 15:00:00 - 09/02/2026 15:15:00","BZN|NL","Without Sequence","128.61","",""
"09/02/2026 15:15:00 - 09/02/2026 15:30:00","BZN|NL","Without Sequence","148.24","",""
"09/02/2026 15:30:00 - 09/02/2026 15:45:00","BZN|NL","Without Sequence","168.24","",""
"09/02/2026 15:45:00 - 09/02/2026 16:00:00","BZN|NL","Without Sequence","175.40","",""
"09/02/2026 16:00:00 - 09/02/2026 16:15:00","BZN|NL","Without Sequence","169.06","",""
"09/02/2026 16:15:00 - 09/02/2026 16:30:00","BZN|NL","Without Sequence","207.56","",""
"09/02/2026 16:30:00 - 09/02/2026 16:45:00","BZN|NL","Without Sequence","216.59","",""
"09/02/2026 16:45:00 - 09/02/2026 17:00:00","BZN|NL","Without Sequence","218.58","",""
"09/02/2026 17:00:00 - 09/02/2026 17:15:00","BZN|NL","Without Sequence","181.73","",""
"09/02/2026 17:15:00 - 09/02/2026 17:30:00","BZN|NL","Without Sequence","173.40","",""
"09/02/2026 17:30:00 - 09/02/2026 17:45:00","BZN|NL","Without Sequence","165.84","",""
"09/02/2026 17:45:00 - 09/02/2026 18:00:00","BZN|NL","Without Sequence","172.83","",""
"09/02/2026 18:00:00 - 09/02/2026 18:15:00","BZN|NL","Without Sequence","183.64","",""
"09/02/2026 18:15:00 - 09/02/2026 18:30:00","BZN|NL","Without Sequence","163.28","",""
"09/02/2026 18:30:00 - 09/02/2026 18:45:00","BZN|NL","Without Sequence","152.48","",""
"09/02/2026 18:45:00 - 09/02/2026 19:00:00","BZN|NL","Without Sequence","137.17","",""
"09/02/2026 19:00:00 - 09/02/2026 19:15:00","BZN|NL","Without Sequence","153.80","",""
"09/02/2026 19:15:00 - 09/02/2026 19:30:00","BZN|NL","Without Sequence","140.67","",""
"09/02/2026 19:30:00 - 09/02/2026 19:45:00","BZN|NL","Without Sequence","132.99","",""
"09/02/2026 19:45:00 - 09/02/2026 20:00:00","BZN|NL","Without Sequence","120.87","",""
"09/02/2026 20:00:00 - 09/02/2026 20:15:00","BZN|NL","Without Sequence","139.22","",""
"09/02/2026 20:15:00 - 09/02/2026 20:30:00","BZN|NL","Without Sequence","134.72","",""
"09/02/2026 20:30:00 - 09/02/2026 20:45:00","BZN|NL","Without Sequence","122.19","",""
"09/02/2026 20:45:00 - 09/02/2026 21:00:00","BZN|NL","Without Sequence","107.36","",""
"09/02/2026 21:00:00 - 09/02/2026 21:15:00","BZN|NL","Without Sequence","120.93","",""
"09/02/2026 21:15:00 - 09/02/2026 21:30:00","BZN|NL","Without Sequence","114.40","",""
"09/02/2026 21:30:00 - 09/02/2026 21:45:00","BZN|NL","Without Sequence","118.43","",""
"09/02/2026 21:45:00 - 09/02/2026 22:00:00","BZN|NL","Without Sequence","108.66","",""
"09/02/2026 22:00:00 - 09/02/2026 22:15:00","BZN|NL","Without Sequence","110.85","",""
"09/02/2026 22:15:00 - 09/02/2026 22:30:00","BZN|NL","Without Sequence","100.14","",""
"09/02/2026 22:30:00 - 09/02/2026 22:45:00","BZN|NL","Without Sequence","102.34","",""
"09/02/2026 22:45:00 - 09/02/2026 23:00:00","BZN|NL","Without Sequence","93.29","",""
"09/02/2026 23:00:00 - 09/02/2026 23:15:00","BZN|NL","Without Sequence","102.30","",""
"09/02/2026 23:15:00 - 09/02/2026 23:30:00","BZN|NL","Without Sequence","96.21","",""
"09/02/2026 23:30:00 - 09/02/2026 23:45:00","BZN|NL","Without Sequence","92.72","",""
"09/02/2026 23:45:00 - 10/02/2026 00:00:00","BZN|NL","Without Sequence","90.12","",""
"10/02/2026 00:00:00 - 10/02/2026 00:15:00","BZN|NL","Without Sequence","97.37","",""
"10/02/2026 00:15:00 - 10/02/2026 00:30:00","BZN|NL","Without Sequence","93.15","",""
"10/02/2026 00:30:00 - 10/02/2026 00:45:00","BZN|NL","Without Sequence","95.33","",""
"10/02/2026 00:45:00 - 10/02/2026 01:00:00","BZN|NL","Without Sequence","92.47","",""
"10/02/2026 01:00:00 - 10/02/2026 01:15:00","BZN|NL","Without Sequence","92.90","",""
"10/02/2026 01:15:00 - 10/02/2026 01:30:00","BZN|NL","Without Sequence","91.50","",""
"10/02/2026 01:30:00 - 10/02/2026 01:45:00","BZN|NL","Without Sequence","90.93","",""
"10/02/2026 01:45:00 - 10/02/2026 02:00:00","BZN|NL","Without Sequence","89.50","",""
"10/02/2026 02:00:00 - 10/02/2026 02:15:00","BZN|NL","Without Sequence","88.97","",""
"10/02/2026 02:15:00 - 10/02/2026 02:30:00","BZN|NL","Without Sequence","84.82","",""
"10/02/2026 02:30:00 - 10/02/2026 02:45:00","BZN|NL","Without Sequence","80.10","",""
"10/02/2026 02:45:00 - 10/02/2026 03:00:00","BZN|NL","Without Sequence","82.11","",""
"10/02/2026 03:00:00 - 10/02/2026 03:15:00","BZN|NL","Without Sequence","85.62","",""
"10/02/2026 03:15:00 - 10/02/2026 03:30:00","BZN|NL","Without Sequence","83.25","",""
"10/02/2026 03:30:00 - 10/02/2026 03:45:00","BZN|NL","Without Sequence","85.36","",""
"10/02/2026 03:45:00 - 10/02/2026 04:00:00","BZN|NL","Without Sequence","77.00","",""
"10/02/2026 04:00:00 - 10/02/2026 04:15:00","BZN|NL","Without Sequence","83.55","",""
"10/02/2026 04:15:00 - 10/02/2026 04:30:00","BZN|NL","Without Sequence","84.49","",""
"10/02/2026 04:30:00 - 10/02/2026 04:45:00","BZN|NL","Without Sequence","82.99","",""
"10/02/2026 04:45:00 - 10/02/2026 05:00:00","BZN|NL","Without Sequence","88.97","",""
"10/02/2026 05:00:00 - 10/02/2026 05:15:00","BZN|NL","Without Sequence","86.67","",""
"10/02/2026 05:15:00 - 10/02/2026 05:30:00","BZN|NL","Without Sequence","105.34","",""
"10/02/2026 05:30:00 - 10/02/2026 05:45:00","BZN|NL","Without Sequence","116.73","",""
"10/02/2026 05:45:00 - 10/02/2026 06:00:00","BZN|NL","Without Sequence","132.49","",""
"10/02/2026 06:00:00 - 10/02/2026 06:15:00","BZN|NL","Without Sequence","114.09","",""
"10/02/2026 06:15:00 - 10/02/2026 06:30:00","BZN|NL","Without Sequence","123.60","",""
"10/02/2026 06:30:00 - 10/02/2026 06:45:00","BZN|NL","Without Sequence","133.95","",""
"10/02/2026 06:45:00 - 10/02/2026 07:00:00","BZN|NL","Without Sequence","139.28","",""
"10/02/2026 07:00:00 - 10/02/2026 07:15:00","BZN|NL","Without Sequence","140.66","",""
"10/02/2026 07:15:00 - 10/02/2026 07:30:00","BZN|NL","Without Sequence","140.85","",""
"10/02/2026 07:30:00 - 10/02/2026 07:45:00","BZN|NL","Without Sequence","137.48","",""
"10/02/2026 07:45:00 - 10/02/2026 08:00:00","BZN|NL","Without Sequence","133.48","",""
"10/02/2026 08:00:00 - 10/02/2026 08:15:00","BZN|NL","Without Sequence","141.08","",""
"10/02/2026 08:15:00 - 10/02/2026 08:30:00","BZN|NL","Without Sequence","131.44","",""
"10/02/2026 08:30:00 - 10/02/2026 08:45:00","BZN|NL","Without Sequence","125.47","",""
"10/02/2026 08:45:00 - 10/02/2026 09:00:00","BZN|NL","Without Sequence","117.15","",""
"10/02/2026 09:00:00 - 10/02/2026 09:15:00","BZN|NL","Without Sequence","137.19","",""
"10/02/2026 09:15:00 - 10/02/2026 09:30:00","BZN|NL","Without Sequence","127.00","",""
"10/02/2026 09:30:00 - 10/02/2026 09:45:00","BZN|NL","Without Sequence","120.30","",""
"10/02/2026 09:45:00 - 10/02/2026 10:00:00","BZN|NL","Without Sequence","109.38","",""
"10/02/2026 10:00:00 - 10/02/2026 10:15:00","BZN|NL","Without Sequence","124.57","",""
"10/02/2026 10:15:00 - 10/02/2026 10:30:00","BZN|NL","Without Sequence","117.99","",""
"10/02/2026 10:30:00 - 10/02/2026 10:45:00","BZN|NL","Without Sequence","110.55","",""
"10/02/2026 10:45:00 - 10/02/2026 11:00:00","BZN|NL","Without Sequence","104.03","",""
"10/02/2026 11:00:00 - 10/02/2026 11:15:00","BZN|NL","Without Sequence","109.50","",""
"10/02/2026 11:15:00 - 10/02/2026 11:30:00","BZN|NL","Without Sequence","102.30","",""
"10/02/2026 11:30:00 - 10/02/2026 11:45:00","BZN|NL","Without Sequence","104.92","",""
"10/02/2026 11:45:00 - 10/02/2026 12:00:00","BZN|NL","Without Sequence","101.00","",""
"10/02/2026 12:00:00 - 10/02/2026 12:15:00","BZN|NL","Without Sequence","102.95","",""
"10/02/2026 12:15:00 - 10/02/2026 12:30:00","BZN|NL","Without Sequence","98.50","",""
"10/02/2026 12:30:00 - 10/02/2026 12:45:00","BZN|NL","Without Sequence","105.25","",""
"10/02/2026 12:45:00 - 10/02/2026 13:00:00","BZN|NL","Without Sequence","104.30","",""
"10/02/2026 13:00:00 - 10/02/2026 13:15:00","BZN|NL","Without Sequence","104.03","",""
"10/02/2026 13:15:00 - 10/02/2026 13:30:00","BZN|NL","Without Sequence","106.57","",""
"10/02/2026 13:30:00 - 10/02/2026 13:45:00","BZN|NL","Without Sequence","111.01","",""
"10/02/2026 13:45:00 - 10/02/2026 14:00:00","BZN|NL","Without Sequence","114.86","",""
"10/02/2026 14:00:00 - 10/02/2026 14:15:00","BZN|NL","Without Sequence","111.22","",""
"10/02/2026 14:15:00 - 10/02/2026 14:30:00","BZN|NL","Without Sequence","114.50","",""
"10/02/2026 14:30:00 - 10/02/2026 14:45:00","BZN|NL","Without Sequence","126.16","",""
"10/02/2026 14:45:00 - 10/02/2026 15:00:00","BZN|NL","Without Sequence","126.68","",""
"10/02/2026 15:00:00 - 10/02/2026 15:15:00","BZN|NL","Without Sequence","113.91","",""
"10/02/2026 15:15:00 - 10/02/2026 15:30:00","BZN|NL","Without Sequence","118.37","",""
"10/02/2026 15:30:00 - 10/02/2026 15:45:00","BZN|NL","Without Sequence","116.57","",""
"10/02/2026 15:45:00 - 10/02/2026 16:00:00","BZN|NL","Without Sequence","124.84","",""
"10/02/2026 16:00:00 - 10/02/2026 16:15:00","BZN|NL","Without Sequence","122.33","",""
"10/02/2026 16:15:00 - 10/02/2026 16:30:00","BZN|NL","Without Sequence","121.35","",""
"10/02/2026 16:30:00 - 10/02/2026 16:45:00","BZN|NL","Without Sequence","129.91","",""
"10/02/2026 16:45:00 - 10/02/2026 17:00:00","BZN|NL","Without Sequence","133.27","",""
"10/02/2026 17:00:00 - 10/02/2026 17:15:00","BZN|NL","Without Sequence","134.92","",""
"10/02/2026 17:15:00 - 10/02/2026 17:30:00","BZN|NL","Without Sequence","129.04","",""
"10/02/2026 17:30:00 - 10/02/2026 17:45:00","BZN|NL","Without Sequence","124.05","",""
"10/02/2026 17:45:00 - 10/02/2026 18:00:00","BZN|NL","Without Sequence","117.40","",""
"10/02/2026 18:00:00 - 10/02/2026 18:15:00","BZN|NL","Without Sequence","126.61","",""
"10/02/2026 18:15:00 - 10/02/2026 18:30:00","BZN|NL","Without Sequence","119.48","",""
"10/02/2026 18:30:00 - 10/02/2026 18:45:00","BZN|NL","Without Sequence","114.06","",""
"10/02/2026 18:45:00 - 10/02/2026 19:00:00","BZN|NL","Without Sequence","103.98","",""
"10/02/2026 19:00:00 - 10/02/2026 19:15:00","BZN|NL","Without Sequence","115.77","",""
"10/02/2026 19:15:00 - 10/02/2026 19:30:00","BZN|NL","Without Sequence","106.24","",""
"10/02/2026 19:30:00 - 10/02/2026 19:45:00","BZN|NL","Without Sequence","97.07","",""
"10/02/2026 19:45:00 - 10/02/2026 20:00:00","BZN|NL","Without Sequence","96.12","",""
"10/02/2026 20:00:00 - 10/02/2026 20:15:00","BZN|NL","Without Sequence","100.87","",""
"10/02/2026 20:15:00 - 10/02/2026 20:30:00","BZN|NL","Without Sequence","97.75","",""
"10/02/2026 20:30:00 - 10/02/2026 20:45:00","BZN|NL","Without Sequence","95.34","",""
"10/02/2026 20:45:00 - 10/02/2026 21:00:00","BZN|NL","Without Sequence","92.15","",""
"10/02/2026 21:00:00 - 10/02/2026 21:15:00","BZN|NL","Without Sequence","98.74","",""
"10/02/2026 21:15:00 - 10/02/2026 21:30:00","BZN|NL","Without Sequence","95.72","",""
"10/02/2026 21:30:00 - 10/02/2026 21:45:00","BZN|NL","Without Sequence","98.10","",""
"10/02/2026 21:45:00 - 10/02/2026 22:00:00","BZN|NL","Without Sequence","93.91","",""
"10/02/2026 22:00:00 - 10/02/2026 22:15:00","BZN|NL","Without Sequence","96.14","",""
"10/02/2026 22:15:00 - 10/02/2026 22:30:00","BZN|NL","Without Sequence","92.77","",""
"10/02/2026 22:30:00 - 10/02/2026 22:45:00","BZN|NL","Without Sequence","90.33","",""
"10/02/2026 22:45:00 - 10/02/2026 23:00:00","BZN|NL","Without Sequence","81.90","",""
"10/02/2026 23:00:00 - 10/02/2026 23:15:00","BZN|NL","Without Sequence","87.73","",""
"10/02/2026 23:15:00 - 10/02/2026 23:30:00","BZN|NL","Without Sequence","86.49","",""
"10/02/2026 23:30:00 - 10/02/2026 23:45:00","BZN|NL","Without Sequence","88.06","",""
"10/02/2026 23:45:00 - 11/02/2026 00:00:00","BZN|NL","Without Sequence","86.40","",""
"11/02/2026 00:00:00 - 11/02/2026 00:15:00","BZN|NL","Without Sequence","88.06","",""
"11/02/2026 00:15:00 - 11/02/2026 00:30:00","BZN|NL","Without Sequence","88.66","",""
"11/02/2026 00:30:00 - 11/02/2026 00:45:00","BZN|NL","Without Sequence","87.19","",""
"11/02/2026 00:45:00 - 11/02/2026 01:00:00","BZN|NL","Without Sequence","85.10","",""
"11/02/2026 01:00:00 - 11/02/2026 01:15:00","BZN|NL","Without Sequence","90.05","",""
"11/02/2026 01:15:00 - 11/02/2026 01:30:00","BZN|NL","Without Sequence","84.28","",""
"11/02/2026 01:30:00 - 11/02/2026 01:45:00","BZN|NL","Without Sequence","83.07","",""
"11/02/2026 01:45:00 - 11/02/2026 02:00:00","BZN|NL","Without Sequence","83.07","",""
"11/02/2026 02:00:00 - 11/02/2026 02:15:00","BZN|NL","Without Sequence","83.04","",""
"11/02/2026 02:15:00 - 11/02/2026 02:30:00","BZN|NL","Without Sequence","83.04","",""
"11/02/2026 02:30:00 - 11/02/2026 02:45:00","BZN|NL","Without Sequence","83.04","",""
"11/02/2026 02:45:00 - 11/02/2026 03:00:00","BZN|NL","Without Sequence","82.38","",""
"11/02/2026 03:00:00 - 11/02/2026 03:15:00","BZN|NL","Without Sequence","83.03","",""
"11/02/2026 03:15:00 - 11/02/2026 03:30:00","BZN|NL","Without Sequence","82.94","",""
"11/02/2026 03:30:00 - 11/02/2026 03:45:00","BZN|NL","Without Sequence","83.03","",""
"11/02/2026 03:45:00 - 11/02/2026 04:00:00","BZN|NL","Without Sequence","83.03","",""
"11/02/2026 04:00:00 - 11/02/2026 04:15:00","BZN|NL","Without Sequence","83.51","",""
"11/02/2026 04:15:00 - 11/02/2026 04:30:00","BZN|NL","Without Sequence","84.59","",""
"11/02/2026 04:30:00 - 11/02/2026 04:45:00","BZN|NL","Without Sequence","88.64","",""
"11/02/2026 04:45:00 - 11/02/2026 05:00:00","BZN|NL","Without Sequence","92.50","",""
"11/02/2026 05:00:00 - 11/02/2026 05:15:00","BZN|NL","Without Sequence","87.50","",""
"11/02/2026 05:15:00 - 11/02/2026 05:30:00","BZN|NL","Without Sequence","94.70","",""
"11/02/2026 05:30:00 - 11/02/2026 05:45:00","BZN|NL","Without Sequence","100.63","",""
"11/02/2026 05:45:00 - 11/02/2026 06:00:00","BZN|NL","Without Sequence","109.99","",""
"11/02/2026 06:00:00 - 11/02/2026 06:15:00","BZN|NL","Without Sequence","99.45","",""
"11/02/2026 06:15:00 - 11/02/2026 06:30:00","BZN|NL","Without Sequence","116.10","",""
"11/02/2026 06:30:00 - 11/02/2026 06:45:00","BZN|NL","Without Sequence","121.82","",""
"11/02/2026 06:45:00 - 11/02/2026 07:00:00","BZN|NL","Without Sequence","118.24","",""
"11/02/2026 07:00:00 - 11/02/2026 07:15:00","BZN|NL","Without Sequence","119.70","",""
"11/02/2026 07:15:00 - 11/02/2026 07:30:00","BZN|NL","Without Sequence","120.37","",""
"11/02/2026 07:30:00 - 11/02/2026 07:45:00","BZN|NL","Without Sequence","125.06","",""
"11/02/2026 07:45:00 - 11/02/2026 08:00:00","BZN|NL","Without Sequence","121.47","",""
"11/02/2026 08:00:00 - 11/02/2026 08:15:00","BZN|NL","Without Sequence","125.78","",""
"11/02/2026 08:15:00 - 11/02/2026 08:30:00","BZN|NL","Without Sequence","120.28","",""
"11/02/2026 08:30:00 - 11/02/2026 08:45:00","BZN|NL","Without Sequence","121.03","",""
"11/02/2026 08:45:00 - 11/02/2026 09:00:00","BZN|NL","Without Sequence","113.96","",""
"11/02/2026 09:00:00 - 11/02/2026 09:15:00","BZN|NL","Without Sequence","118.44","",""
"11/02/2026 09:15:00 - 11/02/2026 09:30:00","BZN|NL","Without Sequence","116.65","",""
"11/02/2026 09:30:00 - 11/02/2026 09:45:00","BZN|NL","Without Sequence","109.57","",""
"11/02/2026 09:45:00 - 11/02/2026 10:00:00","BZN|NL","Without Sequence","107.87","",""
"11/02/2026 10:00:00 - 11/02/2026 10:15:00","BZN|NL","Without Sequence","114.60","",""
"11/02/2026 10:15:00 - 11/02/2026 10:30:00","BZN|NL","Without Sequence","113.47","",""
"11/02/2026 10:30:00 - 11/02/2026 10:45:00","BZN|NL","Without Sequence","106.99","",""
"11/02/2026 10:45:00 - 11/02/2026 11:00:00","BZN|NL","Without Sequence","102.98","",""
"11/02/2026 11:00:00 - 11/02/2026 11:15:00","BZN|NL","Without Sequence","104.26","",""
"11/02/2026 11:15:00 - 11/02/2026 11:30:00","BZN|NL","Without Sequence","100.94","",""
"11/02/2026 11:30:00 - 11/02/2026 11:45:00","BZN|NL","Without Sequence","99.01","",""
"11/02/2026 11:45:00 - 11/02/2026 12:00:00","BZN|NL","Without Sequence","98.92","",""
"11/02/2026 12:00:00 - 11/02/2026 12:15:00","BZN|NL","Without Sequence","103.96","",""
"11/02/2026 12:15:00 - 11/02/2026 12:30:00","BZN|NL","Without Sequence","103.00","",""
"11/02/2026 12:30:00 - 11/02/2026 12:45:00","BZN|NL","Without Sequence","101.22","",""
"11/02/2026 12:45:00 - 11/02/2026 13:00:00","BZN|NL","Without Sequence","99.10","",""
"11/02/2026 13:00:00 - 11/02/2026 13:15:00","BZN|NL","Without Sequence","99.60","",""
"11/02/2026 13:15:00 - 11/02/2026 13:30:00","BZN|NL","Without Sequence","101.61","",""
"11/02/2026 13:30:00 - 11/02/2026 13:45:00","BZN|NL","Without Sequence","102.19","",""
"11/02/2026 13:45:00 - 11/02/2026 14:00:00","BZN|NL","Without Sequence","103.72","",""
"11/02/2026 14:00:00 - 11/02/2026 14:15:00","BZN|NL","Without Sequence","101.56","",""
"11/02/2026 14:15:00 - 11/02/2026 14:30:00","BZN|NL","Without Sequence","101.60","",""
"11/02/2026 14:30:00 - 11/02/2026 14:45:00","BZN|NL","Without Sequence","105.08","",""
"11/02/2026 14:45:00 - 11/02/2026 15:00:00","BZN|NL","Without Sequence","107.10","",""
"11/02/2026 15:00:00 - 11/02/2026 15:15:00","BZN|NL","Without Sequence","103.26","",""
"11/02/2026 15:15:00 - 11/02/2026 15:30:00","BZN|NL","Without Sequence","106.12","",""
"11/02/2026 15:30:00 - 11/02/2026 15:45:00","BZN|NL","Without Sequence","111.94","",""
"11/02/2026 15:45:00 - 11/02/2026 16:00:00","BZN|NL","Without Sequence","115.17","",""
"11/02/2026 16:00:00 - 11/02/2026 16:15:00","BZN|NL","Without Sequence","106.12","",""
"11/02/2026 16:15:00 - 11/02/2026 16:30:00","BZN|NL","Without Sequence","116.91","",""
"11/02/2026 16:30:00 - 11/02/2026 16:45:00","BZN|NL","Without Sequence","116.16","",""
"11/02/2026 16:45:00 - 11/02/2026 17:00:00","BZN|NL","Without Sequence","116.74","",""
"11/02/2026 17:00:00 - 11/02/2026 17:15:00","BZN|NL","Without Sequence","119.10","",""
"11/02/2026 17:15:00 - 11/02/2026 17:30:00","BZN|NL","Without Sequence","113.56","",""
"11/02/2026 17:30:00 - 11/02/2026 17:45:00","BZN|NL","Without Sequence","114.05","",""
"11/02/2026 17:45:00 - 11/02/2026 18:00:00","BZN|NL","Without Sequence","114.58","",""
"11/02/2026 18:00:00 - 11/02/2026 18:15:00","BZN|NL","Without Sequence","116.04","",""
"11/02/2026 18:15:00 - 11/02/2026 18:30:00","BZN|NL","Without Sequence","105.41","",""
"11/02/2026 18:30:00 - 11/02/2026 18:45:00","BZN|NL","Without Sequence","100.49","",""
"11/02/2026 18:45:00 - 11/02/2026 19:00:00","BZN|NL","Without Sequence","97.18","",""
"11/02/2026 19:00:00 - 11/02/2026 19:15:00","BZN|NL","Without Sequence","100.41","",""
"11/02/2026 19:15:00 - 11/02/2026 19:30:00","BZN|NL","Without Sequence","97.94","",""
"11/02/2026 19:30:00 - 11/02/2026 19:45:00","BZN|NL","Without Sequence","94.75","",""
"11/02/2026 19:45:00 - 11/02/2026 20:00:00","BZN|NL","Without Sequence","91.38","",""
"11/02/2026 20:00:00 - 11/02/2026 20:15:00","BZN|NL","Without Sequence","96.47","",""
"11/02/2026 20:15:00 - 11/02/2026 20:30:00","BZN|NL","Without Sequence","95.31","",""
"11/02/2026 20:30:00 - 11/02/2026 20:45:00","BZN|NL","Without Sequence","93.15","",""
"11/02/2026 20:45:00 - 11/02/2026 21:00:00","BZN|NL","Without Sequence","87.52","",""
"11/02/2026 21:00:00 - 11/02/2026 21:15:00","BZN|NL","Without Sequence","94.73","",""
"11/02/2026 21:15:00 - 11/02/2026 21:30:00","BZN|NL","Without Sequence","91.14","",""
"11/02/2026 21:30:00 - 11/02/2026 21:45:00","BZN|NL","Without Sequence","90.49","",""
"11/02/2026 21:45:00 - 11/02/2026 22:00:00","BZN|NL","Without Sequence","86.90","",""
"11/02/2026 22:00:00 - 11/02/2026 22:15:00","BZN|NL","Without Sequence","97.20","",""
"11/02/2026 22:15:00 - 11/02/2026 22:30:00","BZN|NL","Without Sequence","96.23","",""
"11/02/2026 22:30:00 - 11/02/2026 22:45:00","BZN|NL","Without Sequence","93.79","",""
"11/02/2026 22:45:00 - 11/02/2026 23:00:00","BZN|NL","Without Sequence","88.70","",""
"11/02/2026 23:00:00 - 11/02/2026 23:15:00","BZN|NL","Without Sequence","89.89","",""
"11/02/2026 23:15:00 - 11/02/2026 23:30:00","BZN|NL","Without Sequence","87.26","",""
"11/02/2026 23:30:00 - 11/02/2026 23:45:00","BZN|NL","Without Sequence","88.98","",""
"11/02/2026 23:45:00 - 12/02/2026 00:00:00","BZN|NL","Without Sequence","86.15","",""
"12/02/2026 00:00:00 - 12/02/2026 00:15:00","BZN|NL","Without Sequence","88.23","",""
"12/02/2026 00:15:00 - 12/02/2026 00:30:00","BZN|NL","Without Sequence","86.72","",""
"12/02/2026 00:30:00 - 12/02/2026 00:45:00","BZN|NL","Without Sequence","87.34","",""
"12/02/2026 00:45:00 - 12/02/2026 01:00:00","BZN|NL","Without Sequence","87.96","",""
"12/02/2026 01:00:00 - 12/02/2026 01:15:00","BZN|NL","Without Sequence","87.04","",""
"12/02/2026 01:15:00 - 12/02/2026 01:30:00","BZN|NL","Without Sequence","87.57","",""
"12/02/2026 01:30:00 - 12/02/2026 01:45:00","BZN|NL","Without Sequence","85.88","",""
"12/02/2026 01:45:00 - 12/02/2026 02:00:00","BZN|NL","Without Sequence","84.76","",""
"12/02/2026 02:00:00 - 12/02/2026 02:15:00","BZN|NL","Without Sequence","84.80","",""
"12/02/2026 02:15:00 - 12/02/2026 02:30:00","BZN|NL","Without Sequence","83.68","",""
"12/02/2026 02:30:00 - 12/02/2026 02:45:00","BZN|NL","Without Sequence","84.86","",""
"12/02/2026 02:45:00 - 12/02/2026 03:00:00","BZN|NL","Without Sequence","85.94","",""
"12/02/2026 03:00:00 - 12/02/2026 03:15:00","BZN|NL","Without Sequence","84.83","",""
"12/02/2026 03:15:00 - 12/02/2026 03:30:00","BZN|NL","Without Sequence","85.66","",""
"12/02/2026 03:30:00 - 12/02/2026 03:45:00","BZN|NL","Without Sequence","86.07","",""
"12/02/2026 03:45:00 - 12/02/2026 04:00:00","BZN|NL","Without Sequence","87.16","",""
"12/02/2026 04:00:00 - 12/02/2026 04:15:00","BZN|NL","Without Sequence","86.58","",""
"12/02/2026 04:15:00 - 12/02/2026 04:30:00","BZN|NL","Without Sequence","87.08","",""
"12/02/2026 04:30:00 - 12/02/2026 04:45:00","BZN|NL","Without Sequence","90.37","",""
"12/02/2026 04:45:00 - 12/02/2026 05:00:00","BZN|NL","Without Sequence","93.52","",""
"12/02/2026 05:00:00 - 12/02/2026 05:15:00","BZN|NL","Without Sequence","89.82","",""
"12/02/2026 05:15:00 - 12/02/2026 05:30:00","BZN|NL","Without Sequence","91.13","",""
"12/02/2026 05:30:00 - 12/02/2026 05:45:00","BZN|NL","Without Sequence","97.50","",""
"12/02/2026 05:45:00 - 12/02/2026 06:00:00","BZN|NL","Without Sequence","98.18","",""
"12/02/2026 06:00:00 - 12/02/2026 06:15:00","BZN|NL","Without Sequence","92.86","",""
"12/02/2026 06:15:00 - 12/02/2026 06:30:00","BZN|NL","Without Sequence","104.55","",""
"12/02/2026 06:30:00 - 12/02/2026 06:45:00","BZN|NL","Without Sequence","112.92","",""
"12/02/2026 06:45:00 - 12/02/2026 07:00:00","BZN|NL","Without Sequence","115.00","",""
"12/02/2026 07:00:00 - 12/02/2026 07:15:00","BZN|NL","Without Sequence","113.10","",""
"12/02/2026 07:15:00 - 12/02/2026 07:30:00","BZN|NL","Without Sequence","113.38","",""
"12/02/2026 07:30:00 - 12/02/2026 07:45:00","BZN|NL","Without Sequence","114.47","",""
"12/02/2026 07:45:00 - 12/02/2026 08:00:00","BZN|NL","Without Sequence","113.53","",""
"12/02/2026 08:00:00 - 12/02/2026 08:15:00","BZN|NL","Without Sequence","121.56","",""
"12/02/2026 08:15:00 - 12/02/2026 08:30:00","BZN|NL","Without Sequence","115.73","",""
"12/02/2026 08:30:00 - 12/02/2026 08:45:00","BZN|NL","Without Sequence","109.02","",""
"12/02/2026 08:45:00 - 12/02/2026 09:00:00","BZN|NL","Without Sequence","103.35","",""
"12/02/2026 09:00:00 - 12/02/2026 09:15:00","BZN|NL","Without Sequence","115.24","",""
"12/02/2026 09:15:00 - 12/02/2026 09:30:00","BZN|NL","Without Sequence","108.70","",""
"12/02/2026 09:30:00 - 12/02/2026 09:45:00","BZN|NL","Without Sequence","106.96","",""
"12/02/2026 09:45:00 - 12/02/2026 10:00:00","BZN|NL","Without Sequence","105.11","",""
"12/02/2026 10:00:00 - 12/02/2026 10:15:00","BZN|NL","Without Sequence","106.02","",""
"12/02/2026 10:15:00 - 12/02/2026 10:30:00","BZN|NL","Without Sequence","104.24","",""
"12/02/2026 10:30:00 - 12/02/2026 10:45:00","BZN|NL","Without Sequence","100.13","",""
"12/02/2026 10:45:00 - 12/02/2026 11:00:00","BZN|NL","Without Sequence","96.05","",""
"12/02/2026 11:00:00 - 12/02/2026 11:15:00","BZN|NL","Without Sequence","97.52","",""
"12/02/2026 11:15:00 - 12/02/2026 11:30:00","BZN|NL","Without Sequence","93.96","",""
"12/02/2026 11:30:00 - 12/02/2026 11:45:00","BZN|NL","Without Sequence","96.20","",""
"12/02/2026 11:45:00 - 12/02/2026 12:00:00","BZN|NL","Without Sequence","93.19","",""
"12/02/2026 12:00:00 - 12/02/2026 12:15:00","BZN|NL","Without Sequence","94.35","",""
"12/02/2026 12:15:00 - 12/02/2026 12:30:00","BZN|NL","Without Sequence","93.48","",""
"12/02/2026 12:30:00 - 12/02/2026 12:45:00","BZN|NL","Without Sequence","92.14","",""
"12/02/2026 12:45:00 - 12/02/2026 13:00:00","BZN|NL","Without Sequence","90.90","",""
"12/02/2026 13:00:00 - 12/02/2026 13:15:00","BZN|NL","Without Sequence","93.22","",""
"12/02/2026 13:15:00 - 12/02/2026 13:30:00","BZN|NL","Without Sequence","93.59","",""
"12/02/2026 13:30:00 - 12/02/2026 13:45:00","BZN|NL","Without Sequence","93.75","",""
"12/02/2026 13:45:00 - 12/02/2026 14:00:00","BZN|NL","Without Sequence","95.49","",""
"12/02/2026 14:00:00 - 12/02/2026 14:15:00","BZN|NL","Without Sequence","91.10","",""
"12/02/2026 14:15:00 - 12/02/2026 14:30:00","BZN|NL","Without Sequence","90.63","",""
"12/02/2026 14:30:00 - 12/02/2026 14:45:00","BZN|NL","Without Sequence","96.47","",""
"12/02/2026 14:45:00 - 12/02/2026 15:00:00","BZN|NL","Without Sequence","102.02","",""
"12/02/2026 15:00:00 - 12/02/2026 15:15:00","BZN|NL","Without Sequence","93.80","",""
"12/02/2026 15:15:00 - 12/02/2026 15:30:00","BZN|NL","Without Sequence","96.85","",""
"12/02/2026 15:30:00 - 12/02/2026 15:45:00","BZN|NL","Without Sequence","102.91","",""
"12/02/2026 15:45:00 - 12/02/2026 16:00:00","BZN|NL","Without Sequence","109.18","",""
"12/02/2026 16:00:00 - 12/02/2026 16:15:00","BZN|NL","Without Sequence","99.51","",""
"12/02/2026 16:15:00 - 12/02/2026 16:30:00","BZN|NL","Without Sequence","110.46","",""
"12/02/2026 16:30:00 - 12/02/2026 16:45:00","BZN|NL","Without Sequence","118.38","",""
"12/02/2026 16:45:00 - 12/02/2026 17:00:00","BZN|NL","Without Sequence","118.61","",""
"12/02/2026 17:00:00 - 12/02/2026 17:15:00","BZN|NL","Without Sequence","121.79","",""
"12/02/2026 17:15:00 - 12/02/2026 17:30:00","BZN|NL","Without Sequence","115.10","",""
"12/02/2026 17:30:00 - 12/02/2026 17:45:00","BZN|NL","Without Sequence","115.42","",""
"12/02/2026 17:45:00 - 12/02/2026 18:00:00","BZN|NL","Without Sequence","110.28","",""
"12/02/2026 18:00:00 - 12/02/2026 18:15:00","BZN|NL","Without Sequence","123.90","",""
"12/02/2026 18:15:00 - 12/02/2026 18:30:00","BZN|NL","Without Sequence","116.43","",""
"12/02/2026 18:30:00 - 12/02/2026 18:45:00","BZN|NL","Without Sequence","109.71","",""
"12/02/2026 18:45:00 - 12/02/2026 19:00:00","BZN|NL","Without Sequence","103.32","",""
"12/02/2026 19:00:00 - 12/02/2026 19:15:00","BZN|NL","Without Sequence","115.07","",""
"12/02/2026 19:15:00 - 12/02/2026 19:30:00","BZN|NL","Without Sequence","98.83","",""
"12/02/2026 19:30:00 - 12/02/2026 19:45:00","BZN|NL","Without Sequence","95.05","",""
"12/02/2026 19:45:00 - 12/02/2026 20:00:00","BZN|NL","Without Sequence","91.77","",""
"12/02/2026 20:00:00 - 12/02/2026 20:15:00","BZN|NL","Without Sequence","97.75","",""
"12/02/2026 20:15:00 - 12/02/2026 20:30:00","BZN|NL","Without Sequence","94.69","",""
"12/02/2026 20:30:00 - 12/02/2026 20:45:00","BZN|NL","Without Sequence","95.10","",""
"12/02/2026 20:45:00 - 12/02/2026 21:00:00","BZN|NL","Without Sequence","91.04","",""
"12/02/2026 21:00:00 - 12/02/2026 21:15:00","BZN|NL","Without Sequence","98.32","",""
"12/02/2026 21:15:00 - 12/02/2026 21:30:00","BZN|NL","Without Sequence","91.70","",""
"12/02/2026 21:30:00 - 12/02/2026 21:45:00","BZN|NL","Without Sequence","94.02","",""
"12/02/2026 21:45:00 - 12/02/2026 22:00:00","BZN|NL","Without Sequence","93.21","",""
"12/02/2026 22:00:00 - 12/02/2026 22:15:00","BZN|NL","Without Sequence","90.78","",""
"12/02/2026 22:15:00 - 12/02/2026 22:30:00","BZN|NL","Without Sequence","90.82","",""
"12/02/2026 22:30:00 - 12/02/2026 22:45:00","BZN|NL","Without Sequence","83.30","",""
"12/02/2026 22:45:00 - 12/02/2026 23:00:00","BZN|NL","Without Sequence","75.10","",""
"12/02/2026 23:00:00 - 12/02/2026 23:15:00","BZN|NL","Without Sequence","99.28","",""
"12/02/2026 23:15:00 - 12/02/2026 23:30:00","BZN|NL","Without Sequence","85.19","",""
"12/02/2026 23:30:00 - 12/02/2026 23:45:00","BZN|NL","Without Sequence","83.32","",""
"12/02/2026 23:45:00 - 13/02/2026 00:00:00","BZN|NL","Without Sequence","81.66","",""
"13/02/2026 00:00:00 - 13/02/2026 00:15:00","BZN|NL","Without Sequence","84.08","",""
"13/02/2026 00:15:00 - 13/02/2026 00:30:00","BZN|NL","Without Sequence","84.04","",""
"13/02/2026 00:30:00 - 13/02/2026 00:45:00","BZN|NL","Without Sequence","83.50","",""
"13/02/2026 00:45:00 - 13/02/2026 01:00:00","BZN|NL","Without Sequence","83.61","",""
"13/02/2026 01:00:00 - 13/02/2026 01:15:00","BZN|NL","Without Sequence","82.80","",""
"13/02/2026 01:15:00 - 13/02/2026 01:30:00","BZN|NL","Without Sequence","87.09","",""
"13/02/2026 01:30:00 - 13/02/2026 01:45:00","BZN|NL","Without Sequence","86.79","",""
"13/02/2026 01:45:00 - 13/02/2026 02:00:00","BZN|NL","Without Sequence","83.43","",""
"13/02/2026 02:00:00 - 13/02/2026 02:15:00","BZN|NL","Without Sequence","82.54","",""
"13/02/2026 02:15:00 - 13/02/2026 02:30:00","BZN|NL","Without Sequence","85.07","",""
"13/02/2026 02:30:00 - 13/02/2026 02:45:00","BZN|NL","Without Sequence","84.63","",""
"13/02/2026 02:45:00 - 13/02/2026 03:00:00","BZN|NL","Without Sequence","82.80","",""
"13/02/2026 03:00:00 - 13/02/2026 03:15:00","BZN|NL","Without Sequence","81.72","",""
"13/02/2026 03:15:00 - 13/02/2026 03:30:00","BZN|NL","Without Sequence","82.84","",""
"13/02/2026 03:30:00 - 13/02/2026 03:45:00","BZN|NL","Without Sequence","84.05","",""
"13/02/2026 03:45:00 - 13/02/2026 04:00:00","BZN|NL","Without Sequence","85.45","",""
"13/02/2026 04:00:00 - 13/02/2026 04:15:00","BZN|NL","Without Sequence","84.07","",""
"13/02/2026 04:15:00 - 13/02/2026 04:30:00","BZN|NL","Without Sequence","83.86","",""
"13/02/2026 04:30:00 - 13/02/2026 04:45:00","BZN|NL","Without Sequence","87.94","",""
"13/02/2026 04:45:00 - 13/02/2026 05:00:00","BZN|NL","Without Sequence","93.43","",""
"13/02/2026 05:00:00 - 13/02/2026 05:15:00","BZN|NL","Without Sequence","77.15","",""
"13/02/2026 05:15:00 - 13/02/2026 05:30:00","BZN|NL","Without Sequence","86.61","",""
"13/02/2026 05:30:00 - 13/02/2026 05:45:00","BZN|NL","Without Sequence","95.55","",""
"13/02/2026 05:45:00 - 13/02/2026 06:00:00","BZN|NL","Without Sequence","107.93","",""
"13/02/2026 06:00:00 - 13/02/2026 06:15:00","BZN|NL","Without Sequence","96.00","",""
"13/02/2026 06:15:00 - 13/02/2026 06:30:00","BZN|NL","Without Sequence","113.95","",""
"13/02/2026 06:30:00 - 13/02/2026 06:45:00","BZN|NL","Without Sequence","116.25","",""
"13/02/2026 06:45:00 - 13/02/2026 07:00:00","BZN|NL","Without Sequence","121.10","",""
"13/02/2026 07:00:00 - 13/02/2026 07:15:00","BZN|NL","Without Sequence","115.81","",""
"13/02/2026 07:15:00 - 13/02/2026 07:30:00","BZN|NL","Without Sequence","120.67","",""
"13/02/2026 07:30:00 - 13/02/2026 07:45:00","BZN|NL","Without Sequence","121.36","",""
"13/02/2026 07:45:00 - 13/02/2026 08:00:00","BZN|NL","Without Sequence","121.54","",""
"13/02/2026 08:00:00 - 13/02/2026 08:15:00","BZN|NL","Without Sequence","128.49","",""
"13/02/2026 08:15:00 - 13/02/2026 08:30:00","BZN|NL","Without Sequence","120.58","",""
"13/02/2026 08:30:00 - 13/02/2026 08:45:00","BZN|NL","Without Sequence","112.22","",""
"13/02/2026 08:45:00 - 13/02/2026 09:00:00","BZN|NL","Without Sequence","104.90","",""
"13/02/2026 09:00:00 - 13/02/2026 09:15:00","BZN|NL","Without Sequence","111.73","",""
"13/02/2026 09:15:00 - 13/02/2026 09:30:00","BZN|NL","Without Sequence","105.66","",""
"13/02/2026 09:30:00 - 13/02/2026 09:45:00","BZN|NL","Without Sequence","100.84","",""
"13/02/2026 09:45:00 - 13/02/2026 10:00:00","BZN|NL","Without Sequence","96.95","",""
"13/02/2026 10:00:00 - 13/02/2026 10:15:00","BZN|NL","Without Sequence","100.85","",""
"13/02/2026 10:15:00 - 13/02/2026 10:30:00","BZN|NL","Without Sequence","98.32","",""
"13/02/2026 10:30:00 - 13/02/2026 10:45:00","BZN|NL","Without Sequence","97.17","",""
"13/02/2026 10:45:00 - 13/02/2026 11:00:00","BZN|NL","Without Sequence","96.83","",""
"13/02/2026 11:00:00 - 13/02/2026 11:15:00","BZN|NL","Without Sequence","96.83","",""
"13/02/2026 11:15:00 - 13/02/2026 11:30:00","BZN|NL","Without Sequence","95.04","",""
"13/02/2026 11:30:00 - 13/02/2026 11:45:00","BZN|NL","Without Sequence","95.19","",""
"13/02/2026 11:45:00 - 13/02/2026 12:00:00","BZN|NL","Without Sequence","93.23","",""
"13/02/2026 12:00:00 - 13/02/2026 12:15:00","BZN|NL","Without Sequence","93.98","",""
"13/02/2026 12:15:00 - 13/02/2026 12:30:00","BZN|NL","Without Sequence","93.76","",""
"13/02/2026 12:30:00 - 13/02/2026 12:45:00","BZN|NL","Without Sequence","94.42","",""
"13/02/2026 12:45:00 - 13/02/2026 13:00:00","BZN|NL","Without Sequence","93.53","",""
"13/02/2026 13:00:00 - 13/02/2026 13:15:00","BZN|NL","Without Sequence","96.12","",""
"13/02/2026 13:15:00 - 13/02/2026 13:30:00","BZN|NL","Without Sequence","96.65","",""
"13/02/2026 13:30:00 - 13/02/2026 13:45:00","BZN|NL","Without Sequence","100.10","",""
"13/02/2026 13:45:00 - 13/02/2026 14:00:00","BZN|NL","Without Sequence","102.66","",""
"13/02/2026 14:00:00 - 13/02/2026 14:15:00","BZN|NL","Without Sequence","99.21","",""
"13/02/2026 14:15:00 - 13/02/2026 14:30:00","BZN|NL","Without Sequence","103.55","",""
"13/02/2026 14:30:00 - 13/02/2026 14:45:00","BZN|NL","Without Sequence","111.46","",""
"13/02/2026 14:45:00 - 13/02/2026 15:00:00","BZN|NL","Without Sequence","115.93","",""
"13/02/2026 15:00:00 - 13/02/2026 15:15:00","BZN|NL","Without Sequence","111.85","",""
"13/02/2026 15:15:00 - 13/02/2026 15:30:00","BZN|NL","Without Sequence","115.14","",""
"13/02/2026 15:30:00 - 13/02/2026 15:45:00","BZN|NL","Without Sequence","117.95","",""
"13/02/2026 15:45:00 - 13/02/2026 16:00:00","BZN|NL","Without Sequence","126.59","",""
"13/02/2026 16:00:00 - 13/02/2026 16:15:00","BZN|NL","Without Sequence","113.62","",""
"13/02/2026 16:15:00 - 13/02/2026 16:30:00","BZN|NL","Without Sequence","123.35","",""
"13/02/2026 16:30:00 - 13/02/2026 16:45:00","BZN|NL","Without Sequence","127.73","",""
"13/02/2026 16:45:00 - 13/02/2026 17:00:00","BZN|NL","Without Sequence","131.20","",""
"13/02/2026 17:00:00 - 13/02/2026 17:15:00","BZN|NL","Without Sequence","133.99","",""
"13/02/2026 17:15:00 - 13/02/2026 17:30:00","BZN|NL","Without Sequence","131.01","",""
"13/02/2026 17:30:00 - 13/02/2026 17:45:00","BZN|NL","Without Sequence","134.85","",""
"13/02/2026 17:45:00 - 13/02/2026 18:00:00","BZN|NL","Without Sequence","133.24","",""
"13/02/2026 18:00:00 - 13/02/2026 18:15:00","BZN|NL","Without Sequence","144.04","",""
"13/02/2026 18:15:00 - 13/02/2026 18:30:00","BZN|NL","Without Sequence","134.74","",""
"13/02/2026 18:30:00 - 13/02/2026 18:45:00","BZN|NL","Without Sequence","127.18","",""
"13/02/2026 18:45:00 - 13/02/2026 19:00:00","BZN|NL","Without Sequence","115.15","",""
"13/02/2026 19:00:00 - 13/02/2026 19:15:00","BZN|NL","Without Sequence","127.03","",""
"13/02/2026 19:15:00 - 13/02/2026 19:30:00","BZN|NL","Without Sequence","122.54","",""
"13/02/2026 19:30:00 - 13/02/2026 19:45:00","BZN|NL","Without Sequence","114.41","",""
"13/02/2026 19:45:00 - 13/02/2026 20:00:00","BZN|NL","Without Sequence","105.60","",""
"13/02/2026 20:00:00 - 13/02/2026 20:15:00","BZN|NL","Without Sequence","117.90","",""
"13/02/2026 20:15:00 - 13/02/2026 20:30:00","BZN|NL","Without Sequence","102.10","",""
"13/02/2026 20:30:00 - 13/02/2026 20:45:00","BZN|NL","Without Sequence","91.87","",""
"13/02/2026 20:45:00 - 13/02/2026 21:00:00","BZN|NL","Without Sequence","84.10","",""
"13/02/2026 21:00:00 - 13/02/2026 21:15:00","BZN|NL","Without Sequence","96.20","",""
"13/02/2026 21:15:00 - 13/02/2026 21:30:00","BZN|NL","Without Sequence","95.02","",""
"13/02/2026 21:30:00 - 13/02/2026 21:45:00","BZN|NL","Without Sequence","100.10","",""
"13/02/2026 21:45:00 - 13/02/2026 22:00:00","BZN|NL","Without Sequence","95.51","",""
"13/02/2026 22:00:00 - 13/02/2026 22:15:00","BZN|NL","Without Sequence","99.23","",""
"13/02/2026 22:15:00 - 13/02/2026 22:30:00","BZN|NL","Without Sequence","92.85","",""
"13/02/2026 22:30:00 - 13/02/2026 22:45:00","BZN|NL","Without Sequence","94.87","",""
"13/02/2026 22:45:00 - 13/02/2026 23:00:00","BZN|NL","Without Sequence","85.32","",""
"13/02/2026 23:00:00 - 13/02/2026 23:15:00","BZN|NL","Without Sequence","97.15","",""
"13/02/2026 23:15:00 - 13/02/2026 23:30:00","BZN|NL","Without Sequence","91.95","",""
"13/02/2026 23:30:00 - 13/02/2026 23:45:00","BZN|NL","Without Sequence","86.45","",""
"13/02/2026 23:45:00 - 14/02/2026 00:00:00","BZN|NL","Without Sequence","82.02","",""
"14/02/2026 00:00:00 - 14/02/2026 00:15:00","BZN|NL","Without Sequence","88.45","",""
"14/02/2026 00:15:00 - 14/02/2026 00:30:00","BZN|NL","Without Sequence","84.74","",""
"14/02/2026 00:30:00 - 14/02/2026 00:45:00","BZN|NL","Without Sequence","81.44","",""
"14/02/2026 00:45:00 - 14/02/2026 01:00:00","BZN|NL","Without Sequence","78.40","",""
"14/02/2026 01:00:00 - 14/02/2026 01:15:00","BZN|NL","Without Sequence","83.92","",""
"14/02/2026 01:15:00 - 14/02/2026 01:30:00","BZN|NL","Without Sequence","79.96","",""
"14/02/2026 01:30:00 - 14/02/2026 01:45:00","BZN|NL","Without Sequence","77.90","",""
"14/02/2026 01:45:00 - 14/02/2026 02:00:00","BZN|NL","Without Sequence","78.22","",""
"14/02/2026 02:00:00 - 14/02/2026 02:15:00","BZN|NL","Without Sequence","82.31","",""
"14/02/2026 02:15:00 - 14/02/2026 02:30:00","BZN|NL","Without Sequence","79.50","",""
"14/02/2026 02:30:00 - 14/02/2026 02:45:00","BZN|NL","Without Sequence","78.04","",""
"14/02/2026 02:45:00 - 14/02/2026 03:00:00","BZN|NL","Without Sequence","77.74","",""
"14/02/2026 03:00:00 - 14/02/2026 03:15:00","BZN|NL","Without Sequence","78.25","",""
"14/02/2026 03:15:00 - 14/02/2026 03:30:00","BZN|NL","Without Sequence","77.98","",""
"14/02/2026 03:30:00 - 14/02/2026 03:45:00","BZN|NL","Without Sequence","77.51","",""
"14/02/2026 03:45:00 - 14/02/2026 04:00:00","BZN|NL","Without Sequence","76.82","",""
"14/02/2026 04:00:00 - 14/02/2026 04:15:00","BZN|NL","Without Sequence","78.68","",""
"14/02/2026 04:15:00 - 14/02/2026 04:30:00","BZN|NL","Without Sequence","76.80","",""
"14/02/2026 04:30:00 - 14/02/2026 04:45:00","BZN|NL","Without Sequence","79.13","",""
"14/02/2026 04:45:00 - 14/02/2026 05:00:00","BZN|NL","Without Sequence","80.51","",""
"14/02/2026 05:00:00 - 14/02/2026 05:15:00","BZN|NL","Without Sequence","79.54","",""
"14/02/2026 05:15:00 - 14/02/2026 05:30:00","BZN|NL","Without Sequence","79.45","",""
"14/02/2026 05:30:00 - 14/02/2026 05:45:00","BZN|NL","Without Sequence","79.97","",""
"14/02/2026 05:45:00 - 14/02/2026 06:00:00","BZN|NL","Without Sequence","82.38","",""
"14/02/2026 06:00:00 - 14/02/2026 06:15:00","BZN|NL","Without Sequence","80.43","",""
"14/02/2026 06:15:00 - 14/02/2026 06:30:00","BZN|NL","Without Sequence","79.39","",""
"14/02/2026 06:30:00 - 14/02/2026 06:45:00","BZN|NL","Without Sequence","82.67","",""
"14/02/2026 06:45:00 - 14/02/2026 07:00:00","BZN|NL","Without Sequence","85.14","",""
"14/02/2026 07:00:00 - 14/02/2026 07:15:00","BZN|NL","Without Sequence","86.36","",""
"14/02/2026 07:15:00 - 14/02/2026 07:30:00","BZN|NL","Without Sequence","90.19","",""
"14/02/2026 07:30:00 - 14/02/2026 07:45:00","BZN|NL","Without Sequence","91.65","",""
"14/02/2026 07:45:00 - 14/02/2026 08:00:00","BZN|NL","Without Sequence","91.97","",""
"14/02/2026 08:00:00 - 14/02/2026 08:15:00","BZN|NL","Without Sequence","100.07","",""
"14/02/2026 08:15:00 - 14/02/2026 08:30:00","BZN|NL","Without Sequence","98.04","",""
"14/02/2026 08:30:00 - 14/02/2026 08:45:00","BZN|NL","Without Sequence","95.10","",""
"14/02/2026 08:45:00 - 14/02/2026 09:00:00","BZN|NL","Without Sequence","92.03","",""
"14/02/2026 09:00:00 - 14/02/2026 09:15:00","BZN|NL","Without Sequence","98.97","",""
"14/02/2026 09:15:00 - 14/02/2026 09:30:00","BZN|NL","Without Sequence","93.79","",""
"14/02/2026 09:30:00 - 14/02/2026 09:45:00","BZN|NL","Without Sequence","91.85","",""
"14/02/2026 09:45:00 - 14/02/2026 10:00:00","BZN|NL","Without Sequence","88.02","",""
"14/02/2026 10:00:00 - 14/02/2026 10:15:00","BZN|NL","Without Sequence","91.93","",""
"14/02/2026 10:15:00 - 14/02/2026 10:30:00","BZN|NL","Without Sequence","88.74","",""
"14/02/2026 10:30:00 - 14/02/2026 10:45:00","BZN|NL","Without Sequence","87.22","",""
"14/02/2026 10:45:00 - 14/02/2026 11:00:00","BZN|NL","Without Sequence","85.44","",""
"14/02/2026 11:00:00 - 14/02/2026 11:15:00","BZN|NL","Without Sequence","86.83","",""
"14/02/2026 11:15:00 - 14/02/2026 11:30:00","BZN|NL","Without Sequence","86.06","",""
"14/02/2026 11:30:00 - 14/02/2026 11:45:00","BZN|NL","Without Sequence","85.10","",""
"14/02/2026 11:45:00 - 14/02/2026 12:00:00","BZN|NL","Without Sequence","83.00","",""
"14/02/2026 12:00:00 - 14/02/2026 12:15:00","BZN|NL","Without Sequence","85.88","",""
"14/02/2026 12:15:00 - 14/02/2026 12:30:00","BZN|NL","Without Sequence","85.28","",""
"14/02/2026 12:30:00 - 14/02/2026 12:45:00","BZN|NL","Without Sequence","82.22","",""
"14/02/2026 12:45:00 - 14/02/2026 13:00:00","BZN|NL","Without Sequence","83.46","",""
"14/02/2026 13:00:00 - 14/02/2026 13:15:00","BZN|NL","Without Sequence","82.14","",""
"14/02/2026 13:15:00 - 14/02/2026 13:30:00","BZN|NL","Without Sequence","85.71","",""
"14/02/2026 13:30:00 - 14/02/2026 13:45:00","BZN|NL","Without Sequence","87.92","",""
"14/02/2026 13:45:00 - 14/02/2026 14:00:00","BZN|NL","Without Sequence","93.39","",""
"14/02/2026 14:00:00 - 14/02/2026 14:15:00","BZN|NL","Without Sequence","86.88","",""
"14/02/2026 14:15:00 - 14/02/2026 14:30:00","BZN|NL","Without Sequence","90.78","",""
"14/02/2026 14:30:00 - 14/02/2026 14:45:00","BZN|NL","Without Sequence","93.97","",""
"14/02/2026 14:45:00 - 14/02/2026 15:00:00","BZN|NL","Without Sequence","101.30","",""
"14/02/2026 15:00:00 - 14/02/2026 15:15:00","BZN|NL","Without Sequence","90.76","",""
"14/02/2026 15:15:00 - 14/02/2026 15:30:00","BZN|NL","Without Sequence","100.08","",""
"14/02/2026 15:30:00 - 14/02/2026 15:45:00","BZN|NL","Without Sequence","106.83","",""
"14/02/2026 15:45:00 - 14/02/2026 16:00:00","BZN|NL","Without Sequence","112.35","",""
"14/02/2026 16:00:00 - 14/02/2026 16:15:00","BZN|NL","Without Sequence","98.38","",""
"14/02/2026 16:15:00 - 14/02/2026 16:30:00","BZN|NL","Without Sequence","111.12","",""
"14/02/2026 16:30:00 - 14/02/2026 16:45:00","BZN|NL","Without Sequence","117.77","",""
"14/02/2026 16:45:00 - 14/02/2026 17:00:00","BZN|NL","Without Sequence","124.50","",""
"14/02/2026 17:00:00 - 14/02/2026 17:15:00","BZN|NL","Without Sequence","120.58","",""
"14/02/2026 17:15:00 - 14/02/2026 17:30:00","BZN|NL","Without Sequence","124.68","",""
"14/02/2026 17:30:00 - 14/02/2026 17:45:00","BZN|NL","Without Sequence","132.89","",""
"14/02/2026 17:45:00 - 14/02/2026 18:00:00","BZN|NL","Without Sequence","130.32","",""
"14/02/2026 18:00:00 - 14/02/2026 18:15:00","BZN|NL","Without Sequence","133.68","",""
"14/02/2026 18:15:00 - 14/02/2026 18:30:00","BZN|NL","Without Sequence","129.07","",""
"14/02/2026 18:30:00 - 14/02/2026 18:45:00","BZN|NL","Without Sequence","126.67","",""
"14/02/2026 18:45:00 - 14/02/2026 19:00:00","BZN|NL","Without Sequence","123.44","",""
"14/02/2026 19:00:00 - 14/02/2026 19:15:00","BZN|NL","Without Sequence","129.52","",""
"14/02/2026 19:15:00 - 14/02/2026 19:30:00","BZN|NL","Without Sequence","125.11","",""
"14/02/2026 19:30:00 - 14/02/2026 19:45:00","BZN|NL","Without Sequence","113.60","",""
"14/02/2026 19:45:00 - 14/02/2026 20:00:00","BZN|NL","Without Sequence","112.87","",""
"14/02/2026 20:00:00 - 14/02/2026 20:15:00","BZN|NL","Without Sequence","120.73","",""
"14/02/2026 20:15:00 - 14/02/2026 20:30:00","BZN|NL","Without Sequence","117.35","",""
"14/02/2026 20:30:00 - 14/02/2026 20:45:00","BZN|NL","Without Sequence","108.70","",""
"14/02/2026 20:45:00 - 14/02/2026 21:00:00","BZN|NL","Without Sequence","102.13","",""
"14/02/2026 21:00:00 - 14/02/2026 21:15:00","BZN|NL","Without Sequence","115.39","",""
"14/02/2026 21:15:00 - 14/02/2026 21:30:00","BZN|NL","Without Sequence","108.88","",""
"14/02/2026 21:30:00 - 14/02/2026 21:45:00","BZN|NL","Without Sequence","105.97","",""
"14/02/2026 21:45:00 - 14/02/2026 22:00:00","BZN|NL","Without Sequence","102.11","",""
"14/02/2026 22:00:00 - 14/02/2026 22:15:00","BZN|NL","Without Sequence","102.91","",""
"14/02/2026 22:15:00 - 14/02/2026 22:30:00","BZN|NL","Without Sequence","100.29","",""
"14/02/2026 22:30:00 - 14/02/2026 22:45:00","BZN|NL","Without Sequence","100.79","",""
"14/02/2026 22:45:00 - 14/02/2026 23:00:00","BZN|NL","Without Sequence","92.44","",""
"14/02/2026 23:00:00 - 14/02/2026 23:15:00","BZN|NL","Without Sequence","107.38","",""
"14/02/2026 23:15:00 - 14/02/2026 23:30:00","BZN|NL","Without Sequence","101.50","",""
"14/02/2026 23:30:00 - 14/02/2026 23:45:00","BZN|NL","Without Sequence","92.90","",""
"14/02/2026 23:45:00 - 15/02/2026 00:00:00","BZN|NL","Without Sequence","89.36","",""
"15/02/2026 00:00:00 - 15/02/2026 00:15:00","BZN|NL","Without Sequence","100.08","",""
"15/02/2026 00:15:00 - 15/02/2026 00:30:00","BZN|NL","Without Sequence","96.06","",""
"15/02/2026 00:30:00 - 15/02/2026 00:45:00","BZN|NL","Without Sequence","93.64","",""
"15/02/2026 00:45:00 - 15/02/2026 01:00:00","BZN|NL","Without Sequence","89.42","",""
"15/02/2026 01:00:00 - 15/02/2026 01:15:00","BZN|NL","Without Sequence","94.02","",""
"15/02/2026 01:15:00 - 15/02/2026 01:30:00","BZN|NL","Without Sequence","92.29","",""
"15/02/2026 01:30:00 - 15/02/2026 01:45:00","BZN|NL","Without Sequence","90.38","",""
"15/02/2026 01:45:00 - 15/02/2026 02:00:00","BZN|NL","Without Sequence","89.25","",""
"15/02/2026 02:00:00 - 15/02/2026 02:15:00","BZN|NL","Without Sequence","88.54","",""
"15/02/2026 02:15:00 - 15/02/2026 02:30:00","BZN|NL","Without Sequence","87.54","",""
"15/02/2026 02:30:00 - 15/02/2026 02:45:00","BZN|NL","Without Sequence","87.78","",""
"15/02/2026 02:45:00 - 15/02/2026 03:00:00","BZN|NL","Without Sequence","84.13","",""
"15/02/2026 03:00:00 - 15/02/2026 03:15:00","BZN|NL","Without Sequence","86.75","",""
"15/02/2026 03:15:00 - 15/02/2026 03:30:00","BZN|NL","Without Sequence","86.68","",""
"15/02/2026 03:30:00 - 15/02/2026 03:45:00","BZN|NL","Without Sequence","86.75","",""
"15/02/2026 03:45:00 - 15/02/2026 04:00:00","BZN|NL","Without Sequence","86.42","",""
"15/02/2026 04:00:00 - 15/02/2026 04:15:00","BZN|NL","Without Sequence","90.00","",""
"15/02/2026 04:15:00 - 15/02/2026 04:30:00","BZN|NL","Without Sequence","85.90","",""
"15/02/2026 04:30:00 - 15/02/2026 04:45:00","BZN|NL","Without Sequence","84.36","",""
"15/02/2026 04:45:00 - 15/02/2026 05:00:00","BZN|NL","Without Sequence","83.38","",""
"15/02/2026 05:00:00 - 15/02/2026 05:15:00","BZN|NL","Without Sequence","84.89","",""
"15/02/2026 05:15:00 - 15/02/2026 05:30:00","BZN|NL","Without Sequence","84.21","",""
"15/02/2026 05:30:00 - 15/02/2026 05:45:00","BZN|NL","Without Sequence","85.65","",""
"15/02/2026 05:45:00 - 15/02/2026 06:00:00","BZN|NL","Without Sequence","83.92","",""
"15/02/2026 06:00:00 - 15/02/2026 06:15:00","BZN|NL","Without Sequence","87.76","",""
"15/02/2026 06:15:00 - 15/02/2026 06:30:00","BZN|NL","Without Sequence","84.03","",""
"15/02/2026 06:30:00 - 15/02/2026 06:45:00","BZN|NL","Without Sequence","86.17","",""
"15/02/2026 06:45:00 - 15/02/2026 07:00:00","BZN|NL","Without Sequence","85.30","",""
"15/02/2026 07:00:00 - 15/02/2026 07:15:00","BZN|NL","Without Sequence","92.41","",""
"15/02/2026 07:15:00 - 15/02/2026 07:30:00","BZN|NL","Without Sequence","87.93","",""
"15/02/2026 07:30:00 - 15/02/2026 07:45:00","BZN|NL","Without Sequence","86.70","",""
"15/02/2026 07:45:00 - 15/02/2026 08:00:00","BZN|NL","Without Sequence","82.67","",""
"15/02/2026 08:00:00 - 15/02/2026 08:15:00","BZN|NL","Without Sequence","86.86","",""
"15/02/2026 08:15:00 - 15/02/2026 08:30:00","BZN|NL","Without Sequence","82.61","",""
"15/02/2026 08:30:00 - 15/02/2026 08:45:00","BZN|NL","Without Sequence","83.49","",""
"15/02/2026 08:45:00 - 15/02/2026 09:00:00","BZN|NL","Without Sequence","78.42","",""
"15/02/2026 09:00:00 - 15/02/2026 09:15:00","BZN|NL","Without Sequence","91.39","",""
"15/02/2026 09:15:00 - 15/02/2026 09:30:00","BZN|NL","Without Sequence","77.43","",""
"15/02/2026 09:30:00 - 15/02/2026 09:45:00","BZN|NL","Without Sequence","75.39","",""
"15/02/2026 09:45:00 - 15/02/2026 10:00:00","BZN|NL","Without Sequence","64.48","",""
"15/02/2026 10:00:00 - 15/02/2026 10:15:00","BZN|NL","Without Sequence","71.29","",""
"15/02/2026 10:15:00 - 15/02/2026 10:30:00","BZN|NL","Without Sequence","68.31","",""
"15/02/2026 10:30:00 - 15/02/2026 10:45:00","BZN|NL","Without Sequence","66.56","",""
"15/02/2026 10:45:00 - 15/02/2026 11:00:00","BZN|NL","Without Sequence","61.14","",""
"15/02/2026 11:00:00 - 15/02/2026 11:15:00","BZN|NL","Without Sequence","67.43","",""
"15/02/2026 11:15:00 - 15/02/2026 11:30:00","BZN|NL","Without Sequence","67.12","",""
"15/02/2026 11:30:00 - 15/02/2026 11:45:00","BZN|NL","Without Sequence","62.96","",""
"15/02/2026 11:45:00 - 15/02/2026 12:00:00","BZN|NL","Without Sequence","56.93","",""
"15/02/2026 12:00:00 - 15/02/2026 12:15:00","BZN|NL","Without Sequence","64.92","",""
"15/02/2026 12:15:00 - 15/02/2026 12:30:00","BZN|NL","Without Sequence","59.06","",""
"15/02/2026 12:30:00 - 15/02/2026 12:45:00","BZN|NL","Without Sequence","58.70","",""
"15/02/2026 12:45:00 - 15/02/2026 13:00:00","BZN|NL","Without Sequence","55.60","",""
"15/02/2026 13:00:00 - 15/02/2026 13:15:00","BZN|NL","Without Sequence","63.71","",""
"15/02/2026 13:15:00 - 15/02/2026 13:30:00","BZN|NL","Without Sequence","60.30","",""
"15/02/2026 13:30:00 - 15/02/2026 13:45:00","BZN|NL","Without Sequence","66.22","",""
"15/02/2026 13:45:00 - 15/02/2026 14:00:00","BZN|NL","Without Sequence","69.23","",""
"15/02/2026 14:00:00 - 15/02/2026 14:15:00","BZN|NL","Without Sequence","62.05","",""
"15/02/2026 14:15:00 - 15/02/2026 14:30:00","BZN|NL","Without Sequence","66.37","",""
"15/02/2026 14:30:00 - 15/02/2026 14:45:00","BZN|NL","Without Sequence","74.29","",""
"15/02/2026 14:45:00 - 15/02/2026 15:00:00","BZN|NL","Without Sequence","85.10","",""
"15/02/2026 15:00:00 - 15/02/2026 15:15:00","BZN|NL","Without Sequence","71.20","",""
"15/02/2026 15:15:00 - 15/02/2026 15:30:00","BZN|NL","Without Sequence","82.67","",""
"15/02/2026 15:30:00 - 15/02/2026 15:45:00","BZN|NL","Without Sequence","88.68","",""
"15/02/2026 15:45:00 - 15/02/2026 16:00:00","BZN|NL","Without Sequence","94.27","",""
"15/02/2026 16:00:00 - 15/02/2026 16:15:00","BZN|NL","Without Sequence","92.50","",""
"15/02/2026 16:15:00 - 15/02/2026 16:30:00","BZN|NL","Without Sequence","96.99","",""
"15/02/2026 16:30:00 - 15/02/2026 16:45:00","BZN|NL","Without Sequence","100.10","",""
"15/02/2026 16:45:00 - 15/02/2026 17:00:00","BZN|NL","Without Sequence","103.60","",""
"15/02/2026 17:00:00 - 15/02/2026 17:15:00","BZN|NL","Without Sequence","104.11","",""
"15/02/2026 17:15:00 - 15/02/2026 17:30:00","BZN|NL","Without Sequence","103.94","",""
"15/02/2026 17:30:00 - 15/02/2026 17:45:00","BZN|NL","Without Sequence","105.31","",""
"15/02/2026 17:45:00 - 15/02/2026 18:00:00","BZN|NL","Without Sequence","95.70","",""
"15/02/2026 18:00:00 - 15/02/2026 18:15:00","BZN|NL","Without Sequence","103.80","",""
"15/02/2026 18:15:00 - 15/02/2026 18:30:00","BZN|NL","Without Sequence","98.04","",""
"15/02/2026 18:30:00 - 15/02/2026 18:45:00","BZN|NL","Without Sequence","98.57","",""
"15/02/2026 18:45:00 - 15/02/2026 19:00:00","BZN|NL","Without Sequence","100.20","",""
"15/02/2026 19:00:00 - 15/02/2026 19:15:00","BZN|NL","Without Sequence","97.10","",""
"15/02/2026 19:15:00 - 15/02/2026 19:30:00","BZN|NL","Without Sequence","98.44","",""
"15/02/2026 19:30:00 - 15/02/2026 19:45:00","BZN|NL","Without Sequence","97.74","",""
"15/02/2026 19:45:00 - 15/02/2026 20:00:00","BZN|NL","Without Sequence","98.12","",""
"15/02/2026 20:00:00 - 15/02/2026 20:15:00","BZN|NL","Without Sequence","104.15","",""
"15/02/2026 20:15:00 - 15/02/2026 20:30:00","BZN|NL","Without Sequence","99.18","",""
"15/02/2026 20:30:00 - 15/02/2026 20:45:00","BZN|NL","Without Sequence","96.00","",""
"15/02/2026 20:45:00 - 15/02/2026 21:00:00","BZN|NL","Without Sequence","93.94","",""
"15/02/2026 21:00:00 - 15/02/2026 21:15:00","BZN|NL","Without Sequence","100.10","",""
"15/02/2026 21:15:00 - 15/02/2026 21:30:00","BZN|NL","Without Sequence","91.95","",""
"15/02/2026 21:30:00 - 15/02/2026 21:45:00","BZN|NL","Without Sequence","89.61","",""
"15/02/2026 21:45:00 - 15/02/2026 22:00:00","BZN|NL","Without Sequence","77.94","",""
"15/02/2026 22:00:00 - 15/02/2026 22:15:00","BZN|NL","Without Sequence","76.68","",""
"15/02/2026 22:15:00 - 15/02/2026 22:30:00","BZN|NL","Without Sequence","80.10","",""
"15/02/2026 22:30:00 - 15/02/2026 22:45:00","BZN|NL","Without Sequence","85.99","",""
"15/02/2026 22:45:00 - 15/02/2026 23:00:00","BZN|NL","Without Sequence","85.92","",""
"15/02/2026 23:00:00 - 15/02/2026 23:15:00","BZN|NL","Without Sequence","110.00","",""
"15/02/2026 23:15:00 - 15/02/2026 23:30:00","BZN|NL","Without Sequence","102.23","",""
"15/02/2026 23:30:00 - 15/02/2026 23:45:00","BZN|NL","Without Sequence","93.84","",""
"15/02/2026 23:45:00 - 16/02/2026 00:00:00","BZN|NL","Without Sequence","85.53","",""
"16/02/2026 00:00:00 - 16/02/2026 00:15:00","BZN|NL","Without Sequence","108.90","",""
"16/02/2026 00:15:00 - 16/02/2026 00:30:00","BZN|NL","Without Sequence","91.49","",""
"16/02/2026 00:30:00 - 16/02/2026 00:45:00","BZN|NL","Without Sequence","84.97","",""
"16/02/2026 00:45:00 - 16/02/2026 01:00:00","BZN|NL","Without Sequence","78.92","",""
"16/02/2026 01:00:00 - 16/02/2026 01:15:00","BZN|NL","Without Sequence","104.06","",""
"16/02/2026 01:15:00 - 16/02/2026 01:30:00","BZN|NL","Without Sequence","99.00","",""
"16/02/2026 01:30:00 - 16/02/2026 01:45:00","BZN|NL","Without Sequence","83.12","",""
"16/02/2026 01:45:00 - 16/02/2026 02:00:00","BZN|NL","Without Sequence","77.23","",""
"16/02/2026 02:00:00 - 16/02/2026 02:15:00","BZN|NL","Without Sequence","89.01","",""
"16/02/2026 02:15:00 - 16/02/2026 02:30:00","BZN|NL","Without Sequence","78.98","",""
"16/02/2026 02:30:00 - 16/02/2026 02:45:00","BZN|NL","Without Sequence","77.31","",""
"16/02/2026 02:45:00 - 16/02/2026 03:00:00","BZN|NL","Without Sequence","74.70","",""
"16/02/2026 03:00:00 - 16/02/2026 03:15:00","BZN|NL","Without Sequence","79.76","",""
"16/02/2026 03:15:00 - 16/02/2026 03:30:00","BZN|NL","Without Sequence","71.75","",""
"16/02/2026 03:30:00 - 16/02/2026 03:45:00","BZN|NL","Without Sequence","71.74","",""
"16/02/2026 03:45:00 - 16/02/2026 04:00:00","BZN|NL","Without Sequence","77.10","",""
"16/02/2026 04:00:00 - 16/02/2026 04:15:00","BZN|NL","Without Sequence","60.10","",""
"16/02/2026 04:15:00 - 16/02/2026 04:30:00","BZN|NL","Without Sequence","66.88","",""
"16/02/2026 04:30:00 - 16/02/2026 04:45:00","BZN|NL","Without Sequence","76.05","",""
"16/02/2026 04:45:00 - 16/02/2026 05:00:00","BZN|NL","Without Sequence","82.19","",""
"16/02/2026 05:00:00 - 16/02/2026 05:15:00","BZN|NL","Without Sequence","56.37","",""
"16/02/2026 05:15:00 - 16/02/2026 05:30:00","BZN|NL","Without Sequence","73.23","",""
"16/02/2026 05:30:00 - 16/02/2026 05:45:00","BZN|NL","Without Sequence","83.91","",""
"16/02/2026 05:45:00 - 16/02/2026 06:00:00","BZN|NL","Without Sequence","105.11","",""
"16/02/2026 06:00:00 - 16/02/2026 06:15:00","BZN|NL","Without Sequence","76.97","",""
"16/02/2026 06:15:00 - 16/02/2026 06:30:00","BZN|NL","Without Sequence","84.65","",""
"16/02/2026 06:30:00 - 16/02/2026 06:45:00","BZN|NL","Without Sequence","94.11","",""
"16/02/2026 06:45:00 - 16/02/2026 07:00:00","BZN|NL","Without Sequence","90.67","",""
"16/02/2026 07:00:00 - 16/02/2026 07:15:00","BZN|NL","Without Sequence","106.73","",""
"16/02/2026 07:15:00 - 16/02/2026 07:30:00","BZN|NL","Without Sequence","103.01","",""
"16/02/2026 07:30:00 - 16/02/2026 07:45:00","BZN|NL","Without Sequence","103.10","",""
"16/02/2026 07:45:00 - 16/02/2026 08:00:00","BZN|NL","Without Sequence","102.55","",""
"16/02/2026 08:00:00 - 16/02/2026 08:15:00","BZN|NL","Without Sequence","113.07","",""
"16/02/2026 08:15:00 - 16/02/2026 08:30:00","BZN|NL","Without Sequence","110.62","",""
"16/02/2026 08:30:00 - 16/02/2026 08:45:00","BZN|NL","Without Sequence","108.48","",""
"16/02/2026 08:45:00 - 16/02/2026 09:00:00","BZN|NL","Without Sequence","103.03","",""
"16/02/2026 09:00:00 - 16/02/2026 09:15:00","BZN|NL","Without Sequence","118.59","",""
"16/02/2026 09:15:00 - 16/02/2026 09:30:00","BZN|NL","Without Sequence","104.64","",""
"16/02/2026 09:30:00 - 16/02/2026 09:45:00","BZN|NL","Without Sequence","97.70","",""
"16/02/2026 09:45:00 - 16/02/2026 10:00:00","BZN|NL","Without Sequence","94.63","",""
"16/02/2026 10:00:00 - 16/02/2026 10:15:00","BZN|NL","Without Sequence","97.58","",""
"16/02/2026 10:15:00 - 16/02/2026 10:30:00","BZN|NL","Without Sequence","94.52","",""
"16/02/2026 10:30:00 - 16/02/2026 10:45:00","BZN|NL","Without Sequence","93.86","",""
"16/02/2026 10:45:00 - 16/02/2026 11:00:00","BZN|NL","Without Sequence","93.09","",""
"16/02/2026 11:00:00 - 16/02/2026 11:15:00","BZN|NL","Without Sequence","91.36","",""
"16/02/2026 11:15:00 - 16/02/2026 11:30:00","BZN|NL","Without Sequence","80.68","",""
"16/02/2026 11:30:00 - 16/02/2026 11:45:00","BZN|NL","Without Sequence","81.28","",""
"16/02/2026 11:45:00 - 16/02/2026 12:00:00","BZN|NL","Without Sequence","81.06","",""
"16/02/2026 12:00:00 - 16/02/2026 12:15:00","BZN|NL","Without Sequence","82.03","",""
"16/02/2026 12:15:00 - 16/02/2026 12:30:00","BZN|NL","Without Sequence","81.78","",""
"16/02/2026 12:30:00 - 16/02/2026 12:45:00","BZN|NL","Without Sequence","82.03","",""
"16/02/2026 12:45:00 - 16/02/2026 13:00:00","BZN|NL","Without Sequence","84.52","",""
"16/02/2026 13:00:00 - 16/02/2026 13:15:00","BZN|NL","Without Sequence","79.51","",""
"16/02/2026 13:15:00 - 16/02/2026 13:30:00","BZN|NL","Without Sequence","82.06","",""
"16/02/2026 13:30:00 - 16/02/2026 13:45:00","BZN|NL","Without Sequence","86.99","",""
"16/02/2026 13:45:00 - 16/02/2026 14:00:00","BZN|NL","Without Sequence","87.57","",""
"16/02/2026 14:00:00 - 16/02/2026 14:15:00","BZN|NL","Without Sequence","84.05","",""
"16/02/2026 14:15:00 - 16/02/2026 14:30:00","BZN|NL","Without Sequence","86.64","",""
"16/02/2026 14:30:00 - 16/02/2026 14:45:00","BZN|NL","Without Sequence","94.59","",""
"16/02/2026 14:45:00 - 16/02/2026 15:00:00","BZN|NL","Without Sequence","99.89","",""
"16/02/2026 15:00:00 - 16/02/2026 15:15:00","BZN|NL","Without Sequence","93.18","",""
"16/02/2026 15:15:00 - 16/02/2026 15:30:00","BZN|NL","Without Sequence","100.68","",""
"16/02/2026 15:30:00 - 16/02/2026 15:45:00","BZN|NL","Without Sequence","103.94","",""
"16/02/2026 15:45:00 - 16/02/2026 16:00:00","BZN|NL","Without Sequence","107.58","",""
"16/02/2026 16:00:00 - 16/02/2026 16:15:00","BZN|NL","Without Sequence","105.29","",""
"16/02/2026 16:15:00 - 16/02/2026 16:30:00","BZN|NL","Without Sequence","114.33","",""
"16/02/2026 16:30:00 - 16/02/2026 16:45:00","BZN|NL","Without Sequence","114.97","",""
"16/02/2026 16:45:00 - 16/02/2026 17:00:00","BZN|NL","Without Sequence","121.06","",""
"16/02/2026 17:00:00 - 16/02/2026 17:15:00","BZN|NL","Without Sequence","115.62","",""
"16/02/2026 17:15:00 - 16/02/2026 17:30:00","BZN|NL","Without Sequence","115.94","",""
"16/02/2026 17:30:00 - 16/02/2026 17:45:00","BZN|NL","Without Sequence","113.05","",""
"16/02/2026 17:45:00 - 16/02/2026 18:00:00","BZN|NL","Without Sequence","117.94","",""
"16/02/2026 18:00:00 - 16/02/2026 18:15:00","BZN|NL","Without Sequence","130.98","",""
"16/02/2026 18:15:00 - 16/02/2026 18:30:00","BZN|NL","Without Sequence","118.88","",""
"16/02/2026 18:30:00 - 16/02/2026 18:45:00","BZN|NL","Without Sequence","113.03","",""
"16/02/2026 18:45:00 - 16/02/2026 19:00:00","BZN|NL","Without Sequence","106.89","",""
"16/02/2026 19:00:00 - 16/02/2026 19:15:00","BZN|NL","Without Sequence","109.00","",""
"16/02/2026 19:15:00 - 16/02/2026 19:30:00","BZN|NL","Without Sequence","107.03","",""
"16/02/2026 19:30:00 - 16/02/2026 19:45:00","BZN|NL","Without Sequence","101.93","",""
"16/02/2026 19:45:00 - 16/02/2026 20:00:00","BZN|NL","Without Sequence","96.54","",""
"16/02/2026 20:00:00 - 16/02/2026 20:15:00","BZN|NL","Without Sequence","99.60","",""
"16/02/2026 20:15:00 - 16/02/2026 20:30:00","BZN|NL","Without Sequence","95.12","",""
"16/02/2026 20:30:00 - 16/02/2026 20:45:00","BZN|NL","Without Sequence","87.70","",""
"16/02/2026 20:45:00 - 16/02/2026 21:00:00","BZN|NL","Without Sequence","83.93","",""
"16/02/2026 21:00:00 - 16/02/2026 21:15:00","BZN|NL","Without Sequence","93.54","",""
"16/02/2026 21:15:00 - 16/02/2026 21:30:00","BZN|NL","Without Sequence","92.35","",""
"16/02/2026 21:30:00 - 16/02/2026 21:45:00","BZN|NL","Without Sequence","89.16","",""
"16/02/2026 21:45:00 - 16/02/2026 22:00:00","BZN|NL","Without Sequence","84.07","",""
"16/02/2026 22:00:00 - 16/02/2026 22:15:00","BZN|NL","Without Sequence","89.89","",""
"16/02/2026 22:15:00 - 16/02/2026 22:30:00","BZN|NL","Without Sequence","83.22","",""
"16/02/2026 22:30:00 - 16/02/2026 22:45:00","BZN|NL","Without Sequence","80.00","",""
"16/02/2026 22:45:00 - 16/02/2026 23:00:00","BZN|NL","Without Sequence","75.00","",""
"16/02/2026 23:00:00 - 16/02/2026 23:15:00","BZN|NL","Without Sequence","81.08","",""
"16/02/2026 23:15:00 - 16/02/2026 23:30:00","BZN|NL","Without Sequence","78.64","",""
"16/02/2026 23:30:00 - 16/02/2026 23:45:00","BZN|NL","Without Sequence","75.46","",""
"16/02/2026 23:45:00 - 17/02/2026 00:00:00","BZN|NL","Without Sequence","74.60","",""
"17/02/2026 00:00:00 - 17/02/2026 00:15:00","BZN|NL","Without Sequence","75.96","",""
"17/02/2026 00:15:00 - 17/02/2026 00:30:00","BZN|NL","Without Sequence","74.34","",""
"17/02/2026 00:30:00 - 17/02/2026 00:45:00","BZN|NL","Without Sequence","74.17","",""
"17/02/2026 00:45:00 - 17/02/2026 01:00:00","BZN|NL","Without Sequence","73.62","",""
"17/02/2026 01:00:00 - 17/02/2026 01:15:00","BZN|NL","Without Sequence","74.05","",""
"17/02/2026 01:15:00 - 17/02/2026 01:30:00","BZN|NL","Without Sequence","73.99","",""
"17/02/2026 01:30:00 - 17/02/2026 01:45:00","BZN|NL","Without Sequence","74.72","",""
"17/02/2026 01:45:00 - 17/02/2026 02:00:00","BZN|NL","Without Sequence","74.45","",""
"17/02/2026 02:00:00 - 17/02/2026 02:15:00","BZN|NL","Without Sequence","74.98","",""
"17/02/2026 02:15:00 - 17/02/2026 02:30:00","BZN|NL","Without Sequence","74.55","",""
"17/02/2026 02:30:00 - 17/02/2026 02:45:00","BZN|NL","Without Sequence","74.60","",""
"17/02/2026 02:45:00 - 17/02/2026 03:00:00","BZN|NL","Without Sequence","73.37","",""
"17/02/2026 03:00:00 - 17/02/2026 03:15:00","BZN|NL","Without Sequence","71.33","",""
"17/02/2026 03:15:00 - 17/02/2026 03:30:00","BZN|NL","Without Sequence","74.42","",""
"17/02/2026 03:30:00 - 17/02/2026 03:45:00","BZN|NL","Without Sequence","72.46","",""
"17/02/2026 03:45:00 - 17/02/2026 04:00:00","BZN|NL","Without Sequence","75.23","",""
"17/02/2026 04:00:00 - 17/02/2026 04:15:00","BZN|NL","Without Sequence","72.43","",""
"17/02/2026 04:15:00 - 17/02/2026 04:30:00","BZN|NL","Without Sequence","75.08","",""
"17/02/2026 04:30:00 - 17/02/2026 04:45:00","BZN|NL","Without Sequence","76.72","",""
"17/02/2026 04:45:00 - 17/02/2026 05:00:00","BZN|NL","Without Sequence","87.23","",""
"17/02/2026 05:00:00 - 17/02/2026 05:15:00","BZN|NL","Without Sequence","80.63","",""
"17/02/2026 05:15:00 - 17/02/2026 05:30:00","BZN|NL","Without Sequence","91.56","",""
"17/02/2026 05:30:00 - 17/02/2026 05:45:00","BZN|NL","Without Sequence","95.28","",""
"17/02/2026 05:45:00 - 17/02/2026 06:00:00","BZN|NL","Without Sequence","103.90","",""
"17/02/2026 06:00:00 - 17/02/2026 06:15:00","BZN|NL","Without Sequence","96.27","",""
"17/02/2026 06:15:00 - 17/02/2026 06:30:00","BZN|NL","Without Sequence","107.86","",""
"17/02/2026 06:30:00 - 17/02/2026 06:45:00","BZN|NL","Without Sequence","108.64","",""
"17/02/2026 06:45:00 - 17/02/2026 07:00:00","BZN|NL","Without Sequence","117.70","",""
"17/02/2026 07:00:00 - 17/02/2026 07:15:00","BZN|NL","Without Sequence","109.39","",""
"17/02/2026 07:15:00 - 17/02/2026 07:30:00","BZN|NL","Without Sequence","109.11","",""
"17/02/2026 07:30:00 - 17/02/2026 07:45:00","BZN|NL","Without Sequence","111.99","",""
"17/02/2026 07:45:00 - 17/02/2026 08:00:00","BZN|NL","Without Sequence","106.92","",""
"17/02/2026 08:00:00 - 17/02/2026 08:15:00","BZN|NL","Without Sequence","122.56","",""
"17/02/2026 08:15:00 - 17/02/2026 08:30:00","BZN|NL","Without Sequence","104.38","",""
"17/02/2026 08:30:00 - 17/02/2026 08:45:00","BZN|NL","Without Sequence","96.50","",""
"17/02/2026 08:45:00 - 17/02/2026 09:00:00","BZN|NL","Without Sequence","87.30","",""
"17/02/2026 09:00:00 - 17/02/2026 09:15:00","BZN|NL","Without Sequence","94.61","",""
"17/02/2026 09:15:00 - 17/02/2026 09:30:00","BZN|NL","Without Sequence","91.56","",""
"17/02/2026 09:30:00 - 17/02/2026 09:45:00","BZN|NL","Without Sequence","89.34","",""
"17/02/2026 09:45:00 - 17/02/2026 10:00:00","BZN|NL","Without Sequence","88.17","",""
"17/02/2026 10:00:00 - 17/02/2026 10:15:00","BZN|NL","Without Sequence","89.01","",""
"17/02/2026 10:15:00 - 17/02/2026 10:30:00","BZN|NL","Without Sequence","85.99","",""
"17/02/2026 10:30:00 - 17/02/2026 10:45:00","BZN|NL","Without Sequence","79.93","",""
"17/02/2026 10:45:00 - 17/02/2026 11:00:00","BZN|NL","Without Sequence","75.59","",""
"17/02/2026 11:00:00 - 17/02/2026 11:15:00","BZN|NL","Without Sequence","79.54","",""
"17/02/2026 11:15:00 - 17/02/2026 11:30:00","BZN|NL","Without Sequence","76.87","",""
"17/02/2026 11:30:00 - 17/02/2026 11:45:00","BZN|NL","Without Sequence","78.50","",""
"17/02/2026 11:45:00 - 17/02/2026 12:00:00","BZN|NL","Without Sequence","72.85","",""
"17/02/2026 12:00:00 - 17/02/2026 12:15:00","BZN|NL","Without Sequence","79.61","",""
"17/02/2026 12:15:00 - 17/02/2026 12:30:00","BZN|NL","Without Sequence","75.83","",""
"17/02/2026 12:30:00 - 17/02/2026 12:45:00","BZN|NL","Without Sequence","70.98","",""
"17/02/2026 12:45:00 - 17/02/2026 13:00:00","BZN|NL","Without Sequence","71.98","",""
"17/02/2026 13:00:00 - 17/02/2026 13:15:00","BZN|NL","Without Sequence","74.81","",""
"17/02/2026 13:15:00 - 17/02/2026 13:30:00","BZN|NL","Without Sequence","75.44","",""
"17/02/2026 13:30:00 - 17/02/2026 13:45:00","BZN|NL","Without Sequence","76.44","",""
"17/02/2026 13:45:00 - 17/02/2026 14:00:00","BZN|NL","Without Sequence","78.96","",""
"17/02/2026 14:00:00 - 17/02/2026 14:15:00","BZN|NL","Without Sequence","76.35","",""
"17/02/2026 14:15:00 - 17/02/2026 14:30:00","BZN|NL","Without Sequence","77.12","",""
"17/02/2026 14:30:00 - 17/02/2026 14:45:00","BZN|NL","Without Sequence","82.87","",""
"17/02/2026 14:45:00 - 17/02/2026 15:00:00","BZN|NL","Without Sequence","92.15","",""
"17/02/2026 15:00:00 - 17/02/2026 15:15:00","BZN|NL","Without Sequence","90.32","",""
"17/02/2026 15:15:00 - 17/02/2026 15:30:00","BZN|NL","Without Sequence","86.93","",""
"17/02/2026 15:30:00 - 17/02/2026 15:45:00","BZN|NL","Without Sequence","85.75","",""
"17/02/2026 15:45:00 - 17/02/2026 16:00:00","BZN|NL","Without Sequence","97.00","",""
"17/02/2026 16:00:00 - 17/02/2026 16:15:00","BZN|NL","Without Sequence","96.56","",""
"17/02/2026 16:15:00 - 17/02/2026 16:30:00","BZN|NL","Without Sequence","101.37","",""
"17/02/2026 16:30:00 - 17/02/2026 16:45:00","BZN|NL","Without Sequence","111.84","",""
"17/02/2026 16:45:00 - 17/02/2026 17:00:00","BZN|NL","Without Sequence","120.14","",""
"17/02/2026 17:00:00 - 17/02/2026 17:15:00","BZN|NL","Without Sequence","120.28","",""
"17/02/2026 17:15:00 - 17/02/2026 17:30:00","BZN|NL","Without Sequence","121.65","",""
"17/02/2026 17:30:00 - 17/02/2026 17:45:00","BZN|NL","Without Sequence","132.01","",""
"17/02/2026 17:45:00 - 17/02/2026 18:00:00","BZN|NL","Without Sequence","134.14","",""
"17/02/2026 18:00:00 - 17/02/2026 18:15:00","BZN|NL","Without Sequence","133.39","",""
"17/02/2026 18:15:00 - 17/02/2026 18:30:00","BZN|NL","Without Sequence","129.76","",""
"17/02/2026 18:30:00 - 17/02/2026 18:45:00","BZN|NL","Without Sequence","123.75","",""
"17/02/2026 18:45:00 - 17/02/2026 19:00:00","BZN|NL","Without Sequence","111.74","",""
"17/02/2026 19:00:00 - 17/02/2026 19:15:00","BZN|NL","Without Sequence","120.00","",""
"17/02/2026 19:15:00 - 17/02/2026 19:30:00","BZN|NL","Without Sequence","112.24","",""
"17/02/2026 19:30:00 - 17/02/2026 19:45:00","BZN|NL","Without Sequence","108.43","",""
"17/02/2026 19:45:00 - 17/02/2026 20:00:00","BZN|NL","Without Sequence","105.29","",""
"17/02/2026 20:00:00 - 17/02/2026 20:15:00","BZN|NL","Without Sequence","110.94","",""
"17/02/2026 20:15:00 - 17/02/2026 20:30:00","BZN|NL","Without Sequence","105.19","",""
"17/02/2026 20:30:00 - 17/02/2026 20:45:00","BZN|NL","Without Sequence","97.19","",""
"17/02/2026 20:45:00 - 17/02/2026 21:00:00","BZN|NL","Without Sequence","86.49","",""
"17/02/2026 21:00:00 - 17/02/2026 21:15:00","BZN|NL","Without Sequence","97.25","",""
"17/02/2026 21:15:00 - 17/02/2026 21:30:00","BZN|NL","Without Sequence","94.06","",""
"17/02/2026 21:30:00 - 17/02/2026 21:45:00","BZN|NL","Without Sequence","89.42","",""
"17/02/2026 21:45:00 - 17/02/2026 22:00:00","BZN|NL","Without Sequence","87.86","",""
"17/02/2026 22:00:00 - 17/02/2026 22:15:00","BZN|NL","Without Sequence","91.82","",""
"17/02/2026 22:15:00 - 17/02/2026 22:30:00","BZN|NL","Without Sequence","88.03","",""
"17/02/2026 22:30:00 - 17/02/2026 22:45:00","BZN|NL","Without Sequence","87.64","",""
"17/02/2026 22:45:00 - 17/02/2026 23:00:00","BZN|NL","Without Sequence","81.30","",""
"17/02/2026 23:00:00 - 17/02/2026 23:15:00","BZN|NL","Without Sequence","91.81","",""
"17/02/2026 23:15:00 - 17/02/2026 23:30:00","BZN|NL","Without Sequence","91.87","",""
"17/02/2026 23:30:00 - 17/02/2026 23:45:00","BZN|NL","Without Sequence","87.51","",""
"17/02/2026 23:45:00 - 18/02/2026 00:00:00","BZN|NL","Without Sequence","87.07","",""
"18/02/2026 00:00:00 - 18/02/2026 00:15:00","BZN|NL","Without Sequence","87.70","",""
"18/02/2026 00:15:00 - 18/02/2026 00:30:00","BZN|NL","Without Sequence","84.90","",""
"18/02/2026 00:30:00 - 18/02/2026 00:45:00","BZN|NL","Without Sequence","87.40","",""
"18/02/2026 00:45:00 - 18/02/2026 01:00:00","BZN|NL","Without Sequence","85.16","",""
"18/02/2026 01:00:00 - 18/02/2026 01:15:00","BZN|NL","Without Sequence","87.78","",""
"18/02/2026 01:15:00 - 18/02/2026 01:30:00","BZN|NL","Without Sequence","86.66","",""
"18/02/2026 01:30:00 - 18/02/2026 01:45:00","BZN|NL","Without Sequence","87.03","",""
"18/02/2026 01:45:00 - 18/02/2026 02:00:00","BZN|NL","Without Sequence","84.13","",""
"18/02/2026 02:00:00 - 18/02/2026 02:15:00","BZN|NL","Without Sequence","85.65","",""
"18/02/2026 02:15:00 - 18/02/2026 02:30:00","BZN|NL","Without Sequence","83.95","",""
"18/02/2026 02:30:00 - 18/02/2026 02:45:00","BZN|NL","Without Sequence","82.47","",""
"18/02/2026 02:45:00 - 18/02/2026 03:00:00","BZN|NL","Without Sequence","83.71","",""
"18/02/2026 03:00:00 - 18/02/2026 03:15:00","BZN|NL","Without Sequence","83.02","",""
"18/02/2026 03:15:00 - 18/02/2026 03:30:00","BZN|NL","Without Sequence","85.97","",""
"18/02/2026 03:30:00 - 18/02/2026 03:45:00","BZN|NL","Without Sequence","85.30","",""
"18/02/2026 03:45:00 - 18/02/2026 04:00:00","BZN|NL","Without Sequence","86.46","",""
"18/02/2026 04:00:00 - 18/02/2026 04:15:00","BZN|NL","Without Sequence","87.93","",""
"18/02/2026 04:15:00 - 18/02/2026 04:30:00","BZN|NL","Without Sequence","87.83","",""
"18/02/2026 04:30:00 - 18/02/2026 04:45:00","BZN|NL","Without Sequence","90.84","",""
"18/02/2026 04:45:00 - 18/02/2026 05:00:00","BZN|NL","Without Sequence","98.59","",""
"18/02/2026 05:00:00 - 18/02/2026 05:15:00","BZN|NL","Without Sequence","89.36","",""
"18/02/2026 05:15:00 - 18/02/2026 05:30:00","BZN|NL","Without Sequence","102.06","",""
"18/02/2026 05:30:00 - 18/02/2026 05:45:00","BZN|NL","Without Sequence","116.45","",""
"18/02/2026 05:45:00 - 18/02/2026 06:00:00","BZN|NL","Without Sequence","136.20","",""
"18/02/2026 06:00:00 - 18/02/2026 06:15:00","BZN|NL","Without Sequence","133.53","",""
"18/02/2026 06:15:00 - 18/02/2026 06:30:00","BZN|NL","Without Sequence","151.23","",""
"18/02/2026 06:30:00 - 18/02/2026 06:45:00","BZN|NL","Without Sequence","175.85","",""
"18/02/2026 06:45:00 - 18/02/2026 07:00:00","BZN|NL","Without Sequence","188.67","",""
"18/02/2026 07:00:00 - 18/02/2026 07:15:00","BZN|NL","Without Sequence","193.72","",""
"18/02/2026 07:15:00 - 18/02/2026 07:30:00","BZN|NL","Without Sequence","186.27","",""
"18/02/2026 07:30:00 - 18/02/2026 07:45:00","BZN|NL","Without Sequence","167.25","",""
"18/02/2026 07:45:00 - 18/02/2026 08:00:00","BZN|NL","Without Sequence","136.13","",""
"18/02/2026 08:00:00 - 18/02/2026 08:15:00","BZN|NL","Without Sequence","145.29","",""
"18/02/2026 08:15:00 - 18/02/2026 08:30:00","BZN|NL","Without Sequence","131.87","",""
"18/02/2026 08:30:00 - 18/02/2026 08:45:00","BZN|NL","Without Sequence","117.19","",""
"18/02/2026 08:45:00 - 18/02/2026 09:00:00","BZN|NL","Without Sequence","102.89","",""
"18/02/2026 09:00:00 - 18/02/2026 09:15:00","BZN|NL","Without Sequence","123.29","",""
"18/02/2026 09:15:00 - 18/02/2026 09:30:00","BZN|NL","Without Sequence","108.20","",""
"18/02/2026 09:30:00 - 18/02/2026 09:45:00","BZN|NL","Without Sequence","99.18","",""
"18/02/2026 09:45:00 - 18/02/2026 10:00:00","BZN|NL","Without Sequence","89.16","",""
"18/02/2026 10:00:00 - 18/02/2026 10:15:00","BZN|NL","Without Sequence","95.38","",""
"18/02/2026 10:15:00 - 18/02/2026 10:30:00","BZN|NL","Without Sequence","88.40","",""
"18/02/2026 10:30:00 - 18/02/2026 10:45:00","BZN|NL","Without Sequence","89.20","",""
"18/02/2026 10:45:00 - 18/02/2026 11:00:00","BZN|NL","Without Sequence","86.62","",""
"18/02/2026 11:00:00 - 18/02/2026 11:15:00","BZN|NL","Without Sequence","93.71","",""
"18/02/2026 11:15:00 - 18/02/2026 11:30:00","BZN|NL","Without Sequence","88.24","",""
"18/02/2026 11:30:00 - 18/02/2026 11:45:00","BZN|NL","Without Sequence","80.10","",""
"18/02/2026 11:45:00 - 18/02/2026 12:00:00","BZN|NL","Without Sequence","73.22","",""
"18/02/2026 12:00:00 - 18/02/2026 12:15:00","BZN|NL","Without Sequence","81.79","",""
"18/02/2026 12:15:00 - 18/02/2026 12:30:00","BZN|NL","Without Sequence","76.50","",""
"18/02/2026 12:30:00 - 18/02/2026 12:45:00","BZN|NL","Without Sequence","76.75","",""
"18/02/2026 12:45:00 - 18/02/2026 13:00:00","BZN|NL","Without Sequence","73.24","",""
"18/02/2026 13:00:00 - 18/02/2026 13:15:00","BZN|NL","Without Sequence","73.30","",""
"18/02/2026 13:15:00 - 18/02/2026 13:30:00","BZN|NL","Without Sequence","71.60","",""
"18/02/2026 13:30:00 - 18/02/2026 13:45:00","BZN|NL","Without Sequence","78.60","",""
"18/02/2026 13:45:00 - 18/02/2026 14:00:00","BZN|NL","Without Sequence","88.50","",""
"18/02/2026 14:00:00 - 18/02/2026 14:15:00","BZN|NL","Without Sequence","59.93","",""
"18/02/2026 14:15:00 - 18/02/2026 14:30:00","BZN|NL","Without Sequence","77.63","",""
"18/02/2026 14:30:00 - 18/02/2026 14:45:00","BZN|NL","Without Sequence","90.92","",""
"18/02/2026 14:45:00 - 18/02/2026 15:00:00","BZN|NL","Without Sequence","109.78","",""
"18/02/2026 15:00:00 - 18/02/2026 15:15:00","BZN|NL","Without Sequence","37.48","",""
"18/02/2026 15:15:00 - 18/02/2026 15:30:00","BZN|NL","Without Sequence","73.25","",""
"18/02/2026 15:30:00 - 18/02/2026 15:45:00","BZN|NL","Without Sequence","113.00","",""
"18/02/2026 15:45:00 - 18/02/2026 16:00:00","BZN|NL","Without Sequence","116.00","",""
"18/02/2026 16:00:00 - 18/02/2026 16:15:00","BZN|NL","Without Sequence","41.94","",""
"18/02/2026 16:15:00 - 18/02/2026 16:30:00","BZN|NL","Without Sequence","76.00","",""
"18/02/2026 16:30:00 - 18/02/2026 16:45:00","BZN|NL","Without Sequence","98.87","",""
"18/02/2026 16:45:00 - 18/02/2026 17:00:00","BZN|NL","Without Sequence","128.82","",""
"18/02/2026 17:00:00 - 18/02/2026 17:15:00","BZN|NL","Without Sequence","119.65","",""
"18/02/2026 17:15:00 - 18/02/2026 17:30:00","BZN|NL","Without Sequence","100.10","",""
"18/02/2026 17:30:00 - 18/02/2026 17:45:00","BZN|NL","Without Sequence","80.91","",""
"18/02/2026 17:45:00 - 18/02/2026 18:00:00","BZN|NL","Without Sequence","70.10","",""
"18/02/2026 18:00:00 - 18/02/2026 18:15:00","BZN|NL","Without Sequence","118.09","",""
"18/02/2026 18:15:00 - 18/02/2026 18:30:00","BZN|NL","Without Sequence","113.11","",""
"18/02/2026 18:30:00 - 18/02/2026 18:45:00","BZN|NL","Without Sequence","104.80","",""
"18/02/2026 18:45:00 - 18/02/2026 19:00:00","BZN|NL","Without Sequence","101.77","",""
"18/02/2026 19:00:00 - 18/02/2026 19:15:00","BZN|NL","Without Sequence","97.31","",""
"18/02/2026 19:15:00 - 18/02/2026 19:30:00","BZN|NL","Without Sequence","88.79","",""
"18/02/2026 19:30:00 - 18/02/2026 19:45:00","BZN|NL","Without Sequence","81.92","",""
"18/02/2026 19:45:00 - 18/02/2026 20:00:00","BZN|NL","Without Sequence","84.37","",""
"18/02/2026 20:00:00 - 18/02/2026 20:15:00","BZN|NL","Without Sequence","97.61","",""
"18/02/2026 20:15:00 - 18/02/2026 20:30:00","BZN|NL","Without Sequence","92.94","",""
"18/02/2026 20:30:00 - 18/02/2026 20:45:00","BZN|NL","Without Sequence","81.19","",""
"18/02/2026 20:45:00 - 18/02/2026 21:00:00","BZN|NL","Without Sequence","79.51","",""
"18/02/2026 21:00:00 - 18/02/2026 21:15:00","BZN|NL","Without Sequence","91.86","",""
"18/02/2026 21:15:00 - 18/02/2026 21:30:00","BZN|NL","Without Sequence","84.38","",""
"18/02/2026 21:30:00 - 18/02/2026 21:45:00","BZN|NL","Without Sequence","83.94","",""
"18/02/2026 21:45:00 - 18/02/2026 22:00:00","BZN|NL","Without Sequence","82.23","",""
"18/02/2026 22:00:00 - 18/02/2026 22:15:00","BZN|NL","Without Sequence","87.44","",""
"18/02/2026 22:15:00 - 18/02/2026 22:30:00","BZN|NL","Without Sequence","81.89","",""
"18/02/2026 22:30:00 - 18/02/2026 22:45:00","BZN|NL","Without Sequence","80.55","",""
"18/02/2026 22:45:00 - 18/02/2026 23:00:00","BZN|NL","Without Sequence","71.37","",""
"18/02/2026 23:00:00 - 18/02/2026 23:15:00","BZN|NL","Without Sequence","77.33","",""
"18/02/2026 23:15:00 - 18/02/2026 23:30:00","BZN|NL","Without Sequence","75.41","",""
"18/02/2026 23:30:00 - 18/02/2026 23:45:00","BZN|NL","Without Sequence","72.75","",""
"18/02/2026 23:45:00 - 19/02/2026 00:00:00","BZN|NL","Without Sequence","70.10","",""
"19/02/2026 00:00:00 - 19/02/2026 00:15:00","BZN|NL","Without Sequence","76.48","",""
"19/02/2026 00:15:00 - 19/02/2026 00:30:00","BZN|NL","Without Sequence","72.65","",""
"19/02/2026 00:30:00 - 19/02/2026 00:45:00","BZN|NL","Without Sequence","72.91","",""
"19/02/2026 00:45:00 - 19/02/2026 01:00:00","BZN|NL","Without Sequence","66.63","",""
"19/02/2026 01:00:00 - 19/02/2026 01:15:00","BZN|NL","Without Sequence","74.11","",""
"19/02/2026 01:15:00 - 19/02/2026 01:30:00","BZN|NL","Without Sequence","70.84","",""
"19/02/2026 01:30:00 - 19/02/2026 01:45:00","BZN|NL","Without Sequence","70.06","",""
"19/02/2026 01:45:00 - 19/02/2026 02:00:00","BZN|NL","Without Sequence","68.94","",""
"19/02/2026 02:00:00 - 19/02/2026 02:15:00","BZN|NL","Without Sequence","71.96","",""
"19/02/2026 02:15:00 - 19/02/2026 02:30:00","BZN|NL","Without Sequence","69.65","",""
"19/02/2026 02:30:00 - 19/02/2026 02:45:00","BZN|NL","Without Sequence","69.54","",""
"19/02/2026 02:45:00 - 19/02/2026 03:00:00","BZN|NL","Without Sequence","69.77","",""
"19/02/2026 03:00:00 - 19/02/2026 03:15:00","BZN|NL","Without Sequence","64.78","",""
"19/02/2026 03:15:00 - 19/02/2026 03:30:00","BZN|NL","Without Sequence","66.56","",""
"19/02/2026 03:30:00 - 19/02/2026 03:45:00","BZN|NL","Without Sequence","68.73","",""
"19/02/2026 03:45:00 - 19/02/2026 04:00:00","BZN|NL","Without Sequence","71.24","",""
"19/02/2026 04:00:00 - 19/02/2026 04:15:00","BZN|NL","Without Sequence","70.47","",""
"19/02/2026 04:15:00 - 19/02/2026 04:30:00","BZN|NL","Without Sequence","72.78","",""
"19/02/2026 04:30:00 - 19/02/2026 04:45:00","BZN|NL","Without Sequence","77.91","",""
"19/02/2026 04:45:00 - 19/02/2026 05:00:00","BZN|NL","Without Sequence","78.73","",""
"19/02/2026 05:00:00 - 19/02/2026 05:15:00","BZN|NL","Without Sequence","73.02","",""
"19/02/2026 05:15:00 - 19/02/2026 05:30:00","BZN|NL","Without Sequence","76.72","",""
"19/02/2026 05:30:00 - 19/02/2026 05:45:00","BZN|NL","Without Sequence","79.72","",""
"19/02/2026 05:45:00 - 19/02/2026 06:00:00","BZN|NL","Without Sequence","88.41","",""
"19/02/2026 06:00:00 - 19/02/2026 06:15:00","BZN|NL","Without Sequence","78.25","",""
"19/02/2026 06:15:00 - 19/02/2026 06:30:00","BZN|NL","Without Sequence","83.34","",""
"19/02/2026 06:30:00 - 19/02/2026 06:45:00","BZN|NL","Without Sequence","85.92","",""
"19/02/2026 06:45:00 - 19/02/2026 07:00:00","BZN|NL","Without Sequence","83.91","",""
"19/02/2026 07:00:00 - 19/02/2026 07:15:00","BZN|NL","Without Sequence","89.48","",""
"19/02/2026 07:15:00 - 19/02/2026 07:30:00","BZN|NL","Without Sequence","92.28","",""
"19/02/2026 07:30:00 - 19/02/2026 07:45:00","BZN|NL","Without Sequence","92.67","",""
"19/02/2026 07:45:00 - 19/02/2026 08:00:00","BZN|NL","Without Sequence","90.25","",""
"19/02/2026 08:00:00 - 19/02/2026 08:15:00","BZN|NL","Without Sequence","98.39","",""
"19/02/2026 08:15:00 - 19/02/2026 08:30:00","BZN|NL","Without Sequence","95.99","",""
"19/02/2026 08:30:00 - 19/02/2026 08:45:00","BZN|NL","Without Sequence","94.31","",""
"19/02/2026 08:45:00 - 19/02/2026 09:00:00","BZN|NL","Without Sequence","87.51","",""
"19/02/2026 09:00:00 - 19/02/2026 09:15:00","BZN|NL","Without Sequence","99.32","",""
"19/02/2026 09:15:00 - 19/02/2026 09:30:00","BZN|NL","Without Sequence","87.48","",""
"19/02/2026 09:30:00 - 19/02/2026 09:45:00","BZN|NL","Without Sequence","75.10","",""
"19/02/2026 09:45:00 - 19/02/2026 10:00:00","BZN|NL","Without Sequence","70.10","",""
"19/02/2026 10:00:00 - 19/02/2026 10:15:00","BZN|NL","Without Sequence","90.38","",""
"19/02/2026 10:15:00 - 19/02/2026 10:30:00","BZN|NL","Without Sequence","90.45","",""
"19/02/2026 10:30:00 - 19/02/2026 10:45:00","BZN|NL","Without Sequence","88.36","",""
"19/02/2026 10:45:00 - 19/02/2026 11:00:00","BZN|NL","Without Sequence","86.85","",""
"19/02/2026 11:00:00 - 19/02/2026 11:15:00","BZN|NL","Without Sequence","81.94","",""
"19/02/2026 11:15:00 - 19/02/2026 11:30:00","BZN|NL","Without Sequence","80.76","",""
"19/02/2026 11:30:00 - 19/02/2026 11:45:00","BZN|NL","Without Sequence","80.76","",""
"19/02/2026 11:45:00 - 19/02/2026 12:00:00","BZN|NL","Without Sequence","79.37","",""
"19/02/2026 12:00:00 - 19/02/2026 12:15:00","BZN|NL","Without Sequence","80.80","",""
"19/02/2026 12:15:00 - 19/02/2026 12:30:00","BZN|NL","Without Sequence","80.08","",""
"19/02/2026 12:30:00 - 19/02/2026 12:45:00","BZN|NL","Without Sequence","79.99","",""
"19/02/2026 12:45:00 - 19/02/2026 13:00:00","BZN|NL","Without Sequence","79.13","",""
"19/02/2026 13:00:00 - 19/02/2026 13:15:00","BZN|NL","Without Sequence","74.29","",""
"19/02/2026 13:15:00 - 19/02/2026 13:30:00","BZN|NL","Without Sequence","77.03","",""
"19/02/2026 13:30:00 - 19/02/2026 13:45:00","BZN|NL","Without Sequence","79.00","",""
"19/02/2026 13:45:00 - 19/02/2026 14:00:00","BZN|NL","Without Sequence","80.07","",""
"19/02/2026 14:00:00 - 19/02/2026 14:15:00","BZN|NL","Without Sequence","78.97","",""
"19/02/2026 14:15:00 - 19/02/2026 14:30:00","BZN|NL","Without Sequence","81.54","",""
"19/02/2026 14:30:00 - 19/02/2026 14:45:00","BZN|NL","Without Sequence","88.85","",""
"19/02/2026 14:45:00 - 19/02/2026 15:00:00","BZN|NL","Without Sequence","92.38","",""
"19/02/2026 15:00:00 - 19/02/2026 15:15:00","BZN|NL","Without Sequence","81.19","",""
"19/02/2026 15:15:00 - 19/02/2026 15:30:00","BZN|NL","Without Sequence","88.48","",""
"19/02/2026 15:30:00 - 19/02/2026 15:45:00","BZN|NL","Without Sequence","91.65","",""
"19/02/2026 15:45:00 - 19/02/2026 16:00:00","BZN|NL","Without Sequence","95.51","",""
"19/02/2026 16:00:00 - 19/02/2026 16:15:00","BZN|NL","Without Sequence","92.06","",""
"19/02/2026 16:15:00 - 19/02/2026 16:30:00","BZN|NL","Without Sequence","95.04","",""
"19/02/2026 16:30:00 - 19/02/2026 16:45:00","BZN|NL","Without Sequence","101.17","",""
"19/02/2026 16:45:00 - 19/02/2026 17:00:00","BZN|NL","Without Sequence","107.09","",""
"19/02/2026 17:00:00 - 19/02/2026 17:15:00","BZN|NL","Without Sequence","96.84","",""
"19/02/2026 17:15:00 - 19/02/2026 17:30:00","BZN|NL","Without Sequence","104.72","",""
"19/02/2026 17:30:00 - 19/02/2026 17:45:00","BZN|NL","Without Sequence","119.45","",""
"19/02/2026 17:45:00 - 19/02/2026 18:00:00","BZN|NL","Without Sequence","118.20","",""
"19/02/2026 18:00:00 - 19/02/2026 18:15:00","BZN|NL","Without Sequence","115.35","",""
"19/02/2026 18:15:00 - 19/02/2026 18:30:00","BZN|NL","Without Sequence","110.98","",""
"19/02/2026 18:30:00 - 19/02/2026 18:45:00","BZN|NL","Without Sequence","104.66","",""
"19/02/2026 18:45:00 - 19/02/2026 19:00:00","BZN|NL","Without Sequence","93.01","",""
"19/02/2026 19:00:00 - 19/02/2026 19:15:00","BZN|NL","Without Sequence","108.25","",""
"19/02/2026 19:15:00 - 19/02/2026 19:30:00","BZN|NL","Without Sequence","98.59","",""
"19/02/2026 19:30:00 - 19/02/2026 19:45:00","BZN|NL","Without Sequence","95.96","",""
"19/02/2026 19:45:00 - 19/02/2026 20:00:00","BZN|NL","Without Sequence","91.85","",""
"19/02/2026 20:00:00 - 19/02/2026 20:15:00","BZN|NL","Without Sequence","93.58","",""
"19/02/2026 20:15:00 - 19/02/2026 20:30:00","BZN|NL","Without Sequence","89.14","",""
"19/02/2026 20:30:00 - 19/02/2026 20:45:00","BZN|NL","Without Sequence","80.10","",""
"19/02/2026 20:45:00 - 19/02/2026 21:00:00","BZN|NL","Without Sequence","73.91","",""
"19/02/2026 21:00:00 - 19/02/2026 21:15:00","BZN|NL","Without Sequence","90.96","",""
"19/02/2026 21:15:00 - 19/02/2026 21:30:00","BZN|NL","Without Sequence","89.10","",""
"19/02/2026 21:30:00 - 19/02/2026 21:45:00","BZN|NL","Without Sequence","84.17","",""
"19/02/2026 21:45:00 - 19/02/2026 22:00:00","BZN|NL","Without Sequence","77.36","",""
"19/02/2026 22:00:00 - 19/02/2026 22:15:00","BZN|NL","Without Sequence","84.87","",""
"19/02/2026 22:15:00 - 19/02/2026 22:30:00","BZN|NL","Without Sequence","80.10","",""
"19/02/2026 22:30:00 - 19/02/2026 22:45:00","BZN|NL","Without Sequence","78.58","",""
"19/02/2026 22:45:00 - 19/02/2026 23:00:00","BZN|NL","Without Sequence","75.05","",""
"19/02/2026 23:00:00 - 19/02/2026 23:15:00","BZN|NL","Without Sequence","81.58","",""
"19/02/2026 23:15:00 - 19/02/2026 23:30:00","BZN|NL","Without Sequence","85.11","",""
"19/02/2026 23:30:00 - 19/02/2026 23:45:00","BZN|NL","Without Sequence","85.90","",""
"19/02/2026 23:45:00 - 20/02/2026 00:00:00","BZN|NL","Without Sequence","85.23","",""
"20/02/2026 00:00:00 - 20/02/2026 00:15:00","BZN|NL","Without Sequence","87.12","",""
"20/02/2026 00:15:00 - 20/02/2026 00:30:00","BZN|NL","Without Sequence","86.64","",""
"20/02/2026 00:30:00 - 20/02/2026 00:45:00","BZN|NL","Without Sequence","85.69","",""
"20/02/2026 00:45:00 - 20/02/2026 01:00:00","BZN|NL","Without Sequence","84.76","",""
"20/02/2026 01:00:00 - 20/02/2026 01:15:00","BZN|NL","Without Sequence","86.31","",""
"20/02/2026 01:15:00 - 20/02/2026 01:30:00","BZN|NL","Without Sequence","84.89","",""
"20/02/2026 01:30:00 - 20/02/2026 01:45:00","BZN|NL","Without Sequence","84.63","",""
"20/02/2026 01:45:00 - 20/02/2026 02:00:00","BZN|NL","Without Sequence","85.00","",""
"20/02/2026 02:00:00 - 20/02/2026 02:15:00","BZN|NL","Without Sequence","84.74","",""
"20/02/2026 02:15:00 - 20/02/2026 02:30:00","BZN|NL","Without Sequence","84.74","",""
"20/02/2026 02:30:00 - 20/02/2026 02:45:00","BZN|NL","Without Sequence","84.86","",""
"20/02/2026 02:45:00 - 20/02/2026 03:00:00","BZN|NL","Without Sequence","85.18","",""
"20/02/2026 03:00:00 - 20/02/2026 03:15:00","BZN|NL","Without Sequence","81.61","",""
"20/02/2026 03:15:00 - 20/02/2026 03:30:00","BZN|NL","Without Sequence","83.00","",""
"20/02/2026 03:30:00 - 20/02/2026 03:45:00","BZN|NL","Without Sequence","84.35","",""
"20/02/2026 03:45:00 - 20/02/2026 04:00:00","BZN|NL","Without Sequence","84.44","",""
"20/02/2026 04:00:00 - 20/02/2026 04:15:00","BZN|NL","Without Sequence","78.05","",""
"20/02/2026 04:15:00 - 20/02/2026 04:30:00","BZN|NL","Without Sequence","78.99","",""
"20/02/2026 04:30:00 - 20/02/2026 04:45:00","BZN|NL","Without Sequence","85.01","",""
"20/02/2026 04:45:00 - 20/02/2026 05:00:00","BZN|NL","Without Sequence","93.72","",""
"20/02/2026 05:00:00 - 20/02/2026 05:15:00","BZN|NL","Without Sequence","80.07","",""
"20/02/2026 05:15:00 - 20/02/2026 05:30:00","BZN|NL","Without Sequence","97.62","",""
"20/02/2026 05:30:00 - 20/02/2026 05:45:00","BZN|NL","Without Sequence","103.20","",""
"20/02/2026 05:45:00 - 20/02/2026 06:00:00","BZN|NL","Without Sequence","111.32","",""
"20/02/2026 06:00:00 - 20/02/2026 06:15:00","BZN|NL","Without Sequence","103.25","",""
"20/02/2026 06:15:00 - 20/02/2026 06:30:00","BZN|NL","Without Sequence","110.40","",""
"20/02/2026 06:30:00 - 20/02/2026 06:45:00","BZN|NL","Without Sequence","119.60","",""
"20/02/2026 06:45:00 - 20/02/2026 07:00:00","BZN|NL","Without Sequence","116.08","",""
"20/02/2026 07:00:00 - 20/02/2026 07:15:00","BZN|NL","Without Sequence","121.70","",""
"20/02/2026 07:15:00 - 20/02/2026 07:30:00","BZN|NL","Without Sequence","122.27","",""
"20/02/2026 07:30:00 - 20/02/2026 07:45:00","BZN|NL","Without Sequence","115.47","",""
"20/02/2026 07:45:00 - 20/02/2026 08:00:00","BZN|NL","Without Sequence","106.87","",""
"20/02/2026 08:00:00 - 20/02/2026 08:15:00","BZN|NL","Without Sequence","122.81","",""
"20/02/2026 08:15:00 - 20/02/2026 08:30:00","BZN|NL","Without Sequence","115.76","",""
"20/02/2026 08:30:00 - 20/02/2026 08:45:00","BZN|NL","Without Sequence","103.73","",""
"20/02/2026 08:45:00 - 20/02/2026 09:00:00","BZN|NL","Without Sequence","91.71","",""
"20/02/2026 09:00:00 - 20/02/2026 09:15:00","BZN|NL","Without Sequence","113.72","",""
"20/02/2026 09:15:00 - 20/02/2026 09:30:00","BZN|NL","Without Sequence","107.12","",""
"20/02/2026 09:30:00 - 20/02/2026 09:45:00","BZN|NL","Without Sequence","94.82","",""
"20/02/2026 09:45:00 - 20/02/2026 10:00:00","BZN|NL","Without Sequence","87.78","",""
"20/02/2026 10:00:00 - 20/02/2026 10:15:00","BZN|NL","Without Sequence","96.06","",""
"20/02/2026 10:15:00 - 20/02/2026 10:30:00","BZN|NL","Without Sequence","91.64","",""
"20/02/2026 10:30:00 - 20/02/2026 10:45:00","BZN|NL","Without Sequence","103.02","",""
"20/02/2026 10:45:00 - 20/02/2026 11:00:00","BZN|NL","Without Sequence","102.40","",""
"20/02/2026 11:00:00 - 20/02/2026 11:15:00","BZN|NL","Without Sequence","85.11","",""
"20/02/2026 11:15:00 - 20/02/2026 11:30:00","BZN|NL","Without Sequence","89.73","",""
"20/02/2026 11:30:00 - 20/02/2026 11:45:00","BZN|NL","Without Sequence","84.92","",""
"20/02/2026 11:45:00 - 20/02/2026 12:00:00","BZN|NL","Without Sequence","83.84","",""
"20/02/2026 12:00:00 - 20/02/2026 12:15:00","BZN|NL","Without Sequence","85.62","",""
"20/02/2026 12:15:00 - 20/02/2026 12:30:00","BZN|NL","Without Sequence","85.20","",""
"20/02/2026 12:30:00 - 20/02/2026 12:45:00","BZN|NL","Without Sequence","87.48","",""
"20/02/2026 12:45:00 - 20/02/2026 13:00:00","BZN|NL","Without Sequence","81.69","",""
"20/02/2026 13:00:00 - 20/02/2026 13:15:00","BZN|NL","Without Sequence","75.80","",""
"20/02/2026 13:15:00 - 20/02/2026 13:30:00","BZN|NL","Without Sequence","80.13","",""
"20/02/2026 13:30:00 - 20/02/2026 13:45:00","BZN|NL","Without Sequence","81.04","",""
"20/02/2026 13:45:00 - 20/02/2026 14:00:00","BZN|NL","Without Sequence","83.04","",""
"20/02/2026 14:00:00 - 20/02/2026 14:15:00","BZN|NL","Without Sequence","75.51","",""
"20/02/2026 14:15:00 - 20/02/2026 14:30:00","BZN|NL","Without Sequence","83.60","",""
"20/02/2026 14:30:00 - 20/02/2026 14:45:00","BZN|NL","Without Sequence","85.49","",""
"20/02/2026 14:45:00 - 20/02/2026 15:00:00","BZN|NL","Without Sequence","91.73","",""
"20/02/2026 15:00:00 - 20/02/2026 15:15:00","BZN|NL","Without Sequence","82.39","",""
"20/02/2026 15:15:00 - 20/02/2026 15:30:00","BZN|NL","Without Sequence","87.76","",""
"20/02/2026 15:30:00 - 20/02/2026 15:45:00","BZN|NL","Without Sequence","88.96","",""
"20/02/2026 15:45:00 - 20/02/2026 16:00:00","BZN|NL","Without Sequence","95.20","",""
"20/02/2026 16:00:00 - 20/02/2026 16:15:00","BZN|NL","Without Sequence","92.06","",""
"20/02/2026 16:15:00 - 20/02/2026 16:30:00","BZN|NL","Without Sequence","97.67","",""
"20/02/2026 16:30:00 - 20/02/2026 16:45:00","BZN|NL","Without Sequence","97.71","",""
"20/02/2026 16:45:00 - 20/02/2026 17:00:00","BZN|NL","Without Sequence","99.76","",""
"20/02/2026 17:00:00 - 20/02/2026 17:15:00","BZN|NL","Without Sequence","90.75","",""
"20/02/2026 17:15:00 - 20/02/2026 17:30:00","BZN|NL","Without Sequence","92.47","",""
"20/02/2026 17:30:00 - 20/02/2026 17:45:00","BZN|NL","Without Sequence","89.32","",""
"20/02/2026 17:45:00 - 20/02/2026 18:00:00","BZN|NL","Without Sequence","89.23","",""
"20/02/2026 18:00:00 - 20/02/2026 18:15:00","BZN|NL","Without Sequence","92.30","",""
"20/02/2026 18:15:00 - 20/02/2026 18:30:00","BZN|NL","Without Sequence","91.13","",""
"20/02/2026 18:30:00 - 20/02/2026 18:45:00","BZN|NL","Without Sequence","83.76","",""
"20/02/2026 18:45:00 - 20/02/2026 19:00:00","BZN|NL","Without Sequence","70.10","",""
"20/02/2026 19:00:00 - 20/02/2026 19:15:00","BZN|NL","Without Sequence","102.25","",""
"20/02/2026 19:15:00 - 20/02/2026 19:30:00","BZN|NL","Without Sequence","86.72","",""
"20/02/2026 19:30:00 - 20/02/2026 19:45:00","BZN|NL","Without Sequence","76.90","",""
"20/02/2026 19:45:00 - 20/02/2026 20:00:00","BZN|NL","Without Sequence","63.01","",""
"20/02/2026 20:00:00 - 20/02/2026 20:15:00","BZN|NL","Without Sequence","93.70","",""
"20/02/2026 20:15:00 - 20/02/2026 20:30:00","BZN|NL","Without Sequence","80.70","",""
"20/02/2026 20:30:00 - 20/02/2026 20:45:00","BZN|NL","Without Sequence","70.70","",""
"20/02/2026 20:45:00 - 20/02/2026 21:00:00","BZN|NL","Without Sequence","58.25","",""
"20/02/2026 21:00:00 - 20/02/2026 21:15:00","BZN|NL","Without Sequence","81.78","",""
"20/02/2026 21:15:00 - 20/02/2026 21:30:00","BZN|NL","Without Sequence","70.41","",""
"20/02/2026 21:30:00 - 20/02/2026 21:45:00","BZN|NL","Without Sequence","61.70","",""
"20/02/2026 21:45:00 - 20/02/2026 22:00:00","BZN|NL","Without Sequence","46.11","",""
"20/02/2026 22:00:00 - 20/02/2026 22:15:00","BZN|NL","Without Sequence","66.66","",""
"20/02/2026 22:15:00 - 20/02/2026 22:30:00","BZN|NL","Without Sequence","54.63","",""
"20/02/2026 22:30:00 - 20/02/2026 22:45:00","BZN|NL","Without Sequence","50.77","",""
"20/02/2026 22:45:00 - 20/02/2026 23:00:00","BZN|NL","Without Sequence","38.97","",""
"20/02/2026 23:00:00 - 20/02/2026 23:15:00","BZN|NL","Without Sequence","67.17","",""
"20/02/2026 23:15:00 - 20/02/2026 23:30:00","BZN|NL","Without Sequence","52.63","",""
"20/02/2026 23:30:00 - 20/02/2026 23:45:00","BZN|NL","Without Sequence","51.49","",""
"20/02/2026 23:45:00 - 21/02/2026 00:00:00","BZN|NL","Without Sequence","49.11","",""
"21/02/2026 00:00:00 - 21/02/2026 00:15:00","BZN|NL","Without Sequence","52.88","",""
"21/02/2026 00:15:00 - 21/02/2026 00:30:00","BZN|NL","Without Sequence","47.10","",""
"21/02/2026 00:30:00 - 21/02/2026 00:45:00","BZN|NL","Without Sequence","48.18","",""
"21/02/2026 00:45:00 - 21/02/2026 01:00:00","BZN|NL","Without Sequence","38.42","",""
"21/02/2026 01:00:00 - 21/02/2026 01:15:00","BZN|NL","Without Sequence","50.23","",""
"21/02/2026 01:15:00 - 21/02/2026 01:30:00","BZN|NL","Without Sequence","47.09","",""
"21/02/2026 01:30:00 - 21/02/2026 01:45:00","BZN|NL","Without Sequence","41.52","",""
"21/02/2026 01:45:00 - 21/02/2026 02:00:00","BZN|NL","Without Sequence","34.99","",""
"21/02/2026 02:00:00 - 21/02/2026 02:15:00","BZN|NL","Without Sequence","46.37","",""
"21/02/2026 02:15:00 - 21/02/2026 02:30:00","BZN|NL","Without Sequence","41.05","",""
"21/02/2026 02:30:00 - 21/02/2026 02:45:00","BZN|NL","Without Sequence","40.40","",""
"21/02/2026 02:45:00 - 21/02/2026 03:00:00","BZN|NL","Without Sequence","41.63","",""
"21/02/2026 03:00:00 - 21/02/2026 03:15:00","BZN|NL","Without Sequence","43.68","",""
"21/02/2026 03:15:00 - 21/02/2026 03:30:00","BZN|NL","Without Sequence","42.98","",""
"21/02/2026 03:30:00 - 21/02/2026 03:45:00","BZN|NL","Without Sequence","41.84","",""
"21/02/2026 03:45:00 - 21/02/2026 04:00:00","BZN|NL","Without Sequence","39.50","",""
"21/02/2026 04:00:00 - 21/02/2026 04:15:00","BZN|NL","Without Sequence","36.80","",""
"21/02/2026 04:15:00 - 21/02/2026 04:30:00","BZN|NL","Without Sequence","38.50","",""
"21/02/2026 04:30:00 - 21/02/2026 04:45:00","BZN|NL","Without Sequence","45.97","",""
"21/02/2026 04:45:00 - 21/02/2026 05:00:00","BZN|NL","Without Sequence","45.23","",""
"21/02/2026 05:00:00 - 21/02/2026 05:15:00","BZN|NL","Without Sequence","25.18","",""
"21/02/2026 05:15:00 - 21/02/2026 05:30:00","BZN|NL","Without Sequence","31.12","",""
"21/02/2026 05:30:00 - 21/02/2026 05:45:00","BZN|NL","Without Sequence","52.96","",""
"21/02/2026 05:45:00 - 21/02/2026 06:00:00","BZN|NL","Without Sequence","74.75","",""
"21/02/2026 06:00:00 - 21/02/2026 06:15:00","BZN|NL","Without Sequence","50.10","",""
"21/02/2026 06:15:00 - 21/02/2026 06:30:00","BZN|NL","Without Sequence","59.68","",""
"21/02/2026 06:30:00 - 21/02/2026 06:45:00","BZN|NL","Without Sequence","72.46","",""
"21/02/2026 06:45:00 - 21/02/2026 07:00:00","BZN|NL","Without Sequence","76.37","",""
"21/02/2026 07:00:00 - 21/02/2026 07:15:00","BZN|NL","Without Sequence","79.03","",""
"21/02/2026 07:15:00 - 21/02/2026 07:30:00","BZN|NL","Without Sequence","79.28","",""
"21/02/2026 07:30:00 - 21/02/2026 07:45:00","BZN|NL","Without Sequence","79.94","",""
"21/02/2026 07:45:00 - 21/02/2026 08:00:00","BZN|NL","Without Sequence","82.41","",""
"21/02/2026 08:00:00 - 21/02/2026 08:15:00","BZN|NL","Without Sequence","88.58","",""
"21/02/2026 08:15:00 - 21/02/2026 08:30:00","BZN|NL","Without Sequence","83.24","",""
"21/02/2026 08:30:00 - 21/02/2026 08:45:00","BZN|NL","Without Sequence","82.74","",""
"21/02/2026 08:45:00 - 21/02/2026 09:00:00","BZN|NL","Without Sequence","79.78","",""
"21/02/2026 09:00:00 - 21/02/2026 09:15:00","BZN|NL","Without Sequence","83.86","",""
"21/02/2026 09:15:00 - 21/02/2026 09:30:00","BZN|NL","Without Sequence","80.76","",""
"21/02/2026 09:30:00 - 21/02/2026 09:45:00","BZN|NL","Without Sequence","70.67","",""
"21/02/2026 09:45:00 - 21/02/2026 10:00:00","BZN|NL","Without Sequence","54.41","",""
"21/02/2026 10:00:00 - 21/02/2026 10:15:00","BZN|NL","Without Sequence","73.85","",""
"21/02/2026 10:15:00 - 21/02/2026 10:30:00","BZN|NL","Without Sequence","59.29","",""
"21/02/2026 10:30:00 - 21/02/2026 10:45:00","BZN|NL","Without Sequence","58.44","",""
"21/02/2026 10:45:00 - 21/02/2026 11:00:00","BZN|NL","Without Sequence","55.85","",""
"21/02/2026 11:00:00 - 21/02/2026 11:15:00","BZN|NL","Without Sequence","68.40","",""
"21/02/2026 11:15:00 - 21/02/2026 11:30:00","BZN|NL","Without Sequence","60.05","",""
"21/02/2026 11:30:00 - 21/02/2026 11:45:00","BZN|NL","Without Sequence","55.91","",""
"21/02/2026 11:45:00 - 21/02/2026 12:00:00","BZN|NL","Without Sequence","55.64","",""
"21/02/2026 12:00:00 - 21/02/2026 12:15:00","BZN|NL","Without Sequence","58.76","",""
"21/02/2026 12:15:00 - 21/02/2026 12:30:00","BZN|NL","Without Sequence","64.48","",""
"21/02/2026 12:30:00 - 21/02/2026 12:45:00","BZN|NL","Without Sequence","68.92","",""
"21/02/2026 12:45:00 - 21/02/2026 13:00:00","BZN|NL","Without Sequence","70.80","",""
"21/02/2026 13:00:00 - 21/02/2026 13:15:00","BZN|NL","Without Sequence","72.03","",""
"21/02/2026 13:15:00 - 21/02/2026 13:30:00","BZN|NL","Without Sequence","76.72","",""
"21/02/2026 13:30:00 - 21/02/2026 13:45:00","BZN|NL","Without Sequence","82.04","",""
"21/02/2026 13:45:00 - 21/02/2026 14:00:00","BZN|NL","Without Sequence","88.39","",""
"21/02/2026 14:00:00 - 21/02/2026 14:15:00","BZN|NL","Without Sequence","75.62","",""
"21/02/2026 14:15:00 - 21/02/2026 14:30:00","BZN|NL","Without Sequence","80.00","",""
"21/02/2026 14:30:00 - 21/02/2026 14:45:00","BZN|NL","Without Sequence","85.85","",""
"21/02/2026 14:45:00 - 21/02/2026 15:00:00","BZN|NL","Without Sequence","103.25","",""
"21/02/2026 15:00:00 - 21/02/2026 15:15:00","BZN|NL","Without Sequence","67.55","",""
"21/02/2026 15:15:00 - 21/02/2026 15:30:00","BZN|NL","Without Sequence","87.98","",""
"21/02/2026 15:30:00 - 21/02/2026 15:45:00","BZN|NL","Without Sequence","94.67","",""
"21/02/2026 15:45:00 - 21/02/2026 16:00:00","BZN|NL","Without Sequence","131.80","",""
"21/02/2026 16:00:00 - 21/02/2026 16:15:00","BZN|NL","Without Sequence","88.26","",""
"21/02/2026 16:15:00 - 21/02/2026 16:30:00","BZN|NL","Without Sequence","98.72","",""
"21/02/2026 16:30:00 - 21/02/2026 16:45:00","BZN|NL","Without Sequence","115.42","",""
"21/02/2026 16:45:00 - 21/02/2026 17:00:00","BZN|NL","Without Sequence","130.00","",""
"21/02/2026 17:00:00 - 21/02/2026 17:15:00","BZN|NL","Without Sequence","106.80","",""
"21/02/2026 17:15:00 - 21/02/2026 17:30:00","BZN|NL","Without Sequence","109.57","",""
"21/02/2026 17:30:00 - 21/02/2026 17:45:00","BZN|NL","Without Sequence","109.81","",""
"21/02/2026 17:45:00 - 21/02/2026 18:00:00","BZN|NL","Without Sequence","106.70","",""
"21/02/2026 18:00:00 - 21/02/2026 18:15:00","BZN|NL","Without Sequence","107.66","",""
"21/02/2026 18:15:00 - 21/02/2026 18:30:00","BZN|NL","Without Sequence","101.82","",""
"21/02/2026 18:30:00 - 21/02/2026 18:45:00","BZN|NL","Without Sequence","98.75","",""
"21/02/2026 18:45:00 - 21/02/2026 19:00:00","BZN|NL","Without Sequence","97.15","",""
"21/02/2026 19:00:00 - 21/02/2026 19:15:00","BZN|NL","Without Sequence","96.54","",""
"21/02/2026 19:15:00 - 21/02/2026 19:30:00","BZN|NL","Without Sequence","92.40","",""
"21/02/2026 19:30:00 - 21/02/2026 19:45:00","BZN|NL","Without Sequence","87.31","",""
"21/02/2026 19:45:00 - 21/02/2026 20:00:00","BZN|NL","Without Sequence","85.32","",""
"21/02/2026 20:00:00 - 21/02/2026 20:15:00","BZN|NL","Without Sequence","91.76","",""
"21/02/2026 20:15:00 - 21/02/2026 20:30:00","BZN|NL","Without Sequence","85.93","",""
"21/02/2026 20:30:00 - 21/02/2026 20:45:00","BZN|NL","Without Sequence","82.23","",""
"21/02/2026 20:45:00 - 21/02/2026 21:00:00","BZN|NL","Without Sequence","78.00","",""
"21/02/2026 21:00:00 - 21/02/2026 21:15:00","BZN|NL","Without Sequence","86.00","",""
"21/02/2026 21:15:00 - 21/02/2026 21:30:00","BZN|NL","Without Sequence","80.64","",""
"21/02/2026 21:30:00 - 21/02/2026 21:45:00","BZN|NL","Without Sequence","72.45","",""
"21/02/2026 21:45:00 - 21/02/2026 22:00:00","BZN|NL","Without Sequence","67.28","",""
"21/02/2026 22:00:00 - 21/02/2026 22:15:00","BZN|NL","Without Sequence","79.53","",""
"21/02/2026 22:15:00 - 21/02/2026 22:30:00","BZN|NL","Without Sequence","64.43","",""
"21/02/2026 22:30:00 - 21/02/2026 22:45:00","BZN|NL","Without Sequence","62.62","",""
"21/02/2026 22:45:00 - 21/02/2026 23:00:00","BZN|NL","Without Sequence","41.77","",""
"21/02/2026 23:00:00 - 21/02/2026 23:15:00","BZN|NL","Without Sequence","67.95","",""
"21/02/2026 23:15:00 - 21/02/2026 23:30:00","BZN|NL","Without Sequence","59.34","",""
"21/02/2026 23:30:00 - 21/02/2026 23:45:00","BZN|NL","Without Sequence","47.34","",""
"21/02/2026 23:45:00 - 22/02/2026 00:00:00","BZN|NL","Without Sequence","40.08","",""
"22/02/2026 00:00:00 - 22/02/2026 00:15:00","BZN|NL","Without Sequence","53.69","",""
"22/02/2026 00:15:00 - 22/02/2026 00:30:00","BZN|NL","Without Sequence","48.92","",""
"22/02/2026 00:30:00 - 22/02/2026 00:45:00","BZN|NL","Without Sequence","45.09","",""
"22/02/2026 00:45:00 - 22/02/2026 01:00:00","BZN|NL","Without Sequence","41.21","",""
"22/02/2026 01:00:00 - 22/02/2026 01:15:00","BZN|NL","Without Sequence","47.02","",""
"22/02/2026 01:15:00 - 22/02/2026 01:30:00","BZN|NL","Without Sequence","42.38","",""
"22/02/2026 01:30:00 - 22/02/2026 01:45:00","BZN|NL","Without Sequence","39.17","",""
"22/02/2026 01:45:00 - 22/02/2026 02:00:00","BZN|NL","Without Sequence","35.44","",""
"22/02/2026 02:00:00 - 22/02/2026 02:15:00","BZN|NL","Without Sequence","35.60","",""
"22/02/2026 02:15:00 - 22/02/2026 02:30:00","BZN|NL","Without Sequence","34.05","",""
"22/02/2026 02:30:00 - 22/02/2026 02:45:00","BZN|NL","Without Sequence","40.71","",""
"22/02/2026 02:45:00 - 22/02/2026 03:00:00","BZN|NL","Without Sequence","36.97","",""
"22/02/2026 03:00:00 - 22/02/2026 03:15:00","BZN|NL","Without Sequence","33.15","",""
"22/02/2026 03:15:00 - 22/02/2026 03:30:00","BZN|NL","Without Sequence","31.47","",""
"22/02/2026 03:30:00 - 22/02/2026 03:45:00","BZN|NL","Without Sequence","37.35","",""
"22/02/2026 03:45:00 - 22/02/2026 04:00:00","BZN|NL","Without Sequence","36.90","",""
"22/02/2026 04:00:00 - 22/02/2026 04:15:00","BZN|NL","Without Sequence","35.66","",""
"22/02/2026 04:15:00 - 22/02/2026 04:30:00","BZN|NL","Without Sequence","35.79","",""
"22/02/2026 04:30:00 - 22/02/2026 04:45:00","BZN|NL","Without Sequence","33.62","",""
"22/02/2026 04:45:00 - 22/02/2026 05:00:00","BZN|NL","Without Sequence","31.77","",""
"22/02/2026 05:00:00 - 22/02/2026 05:15:00","BZN|NL","Without Sequence","28.89","",""
"22/02/2026 05:15:00 - 22/02/2026 05:30:00","BZN|NL","Without Sequence","30.32","",""
"22/02/2026 05:30:00 - 22/02/2026 05:45:00","BZN|NL","Without Sequence","31.55","",""
"22/02/2026 05:45:00 - 22/02/2026 06:00:00","BZN|NL","Without Sequence","33.22","",""
"22/02/2026 06:00:00 - 22/02/2026 06:15:00","BZN|NL","Without Sequence","33.62","",""
"22/02/2026 06:15:00 - 22/02/2026 06:30:00","BZN|NL","Without Sequence","39.03","",""
"22/02/2026 06:30:00 - 22/02/2026 06:45:00","BZN|NL","Without Sequence","36.42","",""
"22/02/2026 06:45:00 - 22/02/2026 07:00:00","BZN|NL","Without Sequence","39.04","",""
"22/02/2026 07:00:00 - 22/02/2026 07:15:00","BZN|NL","Without Sequence","38.87","",""
"22/02/2026 07:15:00 - 22/02/2026 07:30:00","BZN|NL","Without Sequence","39.55","",""
"22/02/2026 07:30:00 - 22/02/2026 07:45:00","BZN|NL","Without Sequence","42.52","",""
"22/02/2026 07:45:00 - 22/02/2026 08:00:00","BZN|NL","Without Sequence","48.31","",""
"22/02/2026 08:00:00 - 22/02/2026 08:15:00","BZN|NL","Without Sequence","48.10","",""
"22/02/2026 08:15:00 - 22/02/2026 08:30:00","BZN|NL","Without Sequence","55.10","",""
"22/02/2026 08:30:00 - 22/02/2026 08:45:00","BZN|NL","Without Sequence","49.98","",""
"22/02/2026 08:45:00 - 22/02/2026 09:00:00","BZN|NL","Without Sequence","50.10","",""
"22/02/2026 09:00:00 - 22/02/2026 09:15:00","BZN|NL","Without Sequence","59.32","",""
"22/02/2026 09:15:00 - 22/02/2026 09:30:00","BZN|NL","Without Sequence","56.70","",""
"22/02/2026 09:30:00 - 22/02/2026 09:45:00","BZN|NL","Without Sequence","52.82","",""
"22/02/2026 09:45:00 - 22/02/2026 10:00:00","BZN|NL","Without Sequence","49.56","",""
"22/02/2026 10:00:00 - 22/02/2026 10:15:00","BZN|NL","Without Sequence","50.10","",""
"22/02/2026 10:15:00 - 22/02/2026 10:30:00","BZN|NL","Without Sequence","50.10","",""
"22/02/2026 10:30:00 - 22/02/2026 10:45:00","BZN|NL","Without Sequence","47.53","",""
"22/02/2026 10:45:00 - 22/02/2026 11:00:00","BZN|NL","Without Sequence","45.10","",""
"22/02/2026 11:00:00 - 22/02/2026 11:15:00","BZN|NL","Without Sequence","47.20","",""
"22/02/2026 11:15:00 - 22/02/2026 11:30:00","BZN|NL","Without Sequence","49.75","",""
"22/02/2026 11:30:00 - 22/02/2026 11:45:00","BZN|NL","Without Sequence","45.05","",""
"22/02/2026 11:45:00 - 22/02/2026 12:00:00","BZN|NL","Without Sequence","38.00","",""
"22/02/2026 12:00:00 - 22/02/2026 12:15:00","BZN|NL","Without Sequence","50.10","",""
"22/02/2026 12:15:00 - 22/02/2026 12:30:00","BZN|NL","Without Sequence","45.10","",""
"22/02/2026 12:30:00 - 22/02/2026 12:45:00","BZN|NL","Without Sequence","39.45","",""
"22/02/2026 12:45:00 - 22/02/2026 13:00:00","BZN|NL","Without Sequence","37.35","",""
"22/02/2026 13:00:00 - 22/02/2026 13:15:00","BZN|NL","Without Sequence","39.50","",""
"22/02/2026 13:15:00 - 22/02/2026 13:30:00","BZN|NL","Without Sequence","38.20","",""
"22/02/2026 13:30:00 - 22/02/2026 13:45:00","BZN|NL","Without Sequence","40.50","",""
"22/02/2026 13:45:00 - 22/02/2026 14:00:00","BZN|NL","Without Sequence","41.80","",""
"22/02/2026 14:00:00 - 22/02/2026 14:15:00","BZN|NL","Without Sequence","40.79","",""
"22/02/2026 14:15:00 - 22/02/2026 14:30:00","BZN|NL","Without Sequence","38.82","",""
"22/02/2026 14:30:00 - 22/02/2026 14:45:00","BZN|NL","Without Sequence","40.85","",""
"22/02/2026 14:45:00 - 22/02/2026 15:00:00","BZN|NL","Without Sequence","51.33","",""
"22/02/2026 15:00:00 - 22/02/2026 15:15:00","BZN|NL","Without Sequence","49.95","",""
"22/02/2026 15:15:00 - 22/02/2026 15:30:00","BZN|NL","Without Sequence","57.17","",""
"22/02/2026 15:30:00 - 22/02/2026 15:45:00","BZN|NL","Without Sequence","73.22","",""
"22/02/2026 15:45:00 - 22/02/2026 16:00:00","BZN|NL","Without Sequence","82.58","",""
"22/02/2026 16:00:00 - 22/02/2026 16:15:00","BZN|NL","Without Sequence","82.14","",""
"22/02/2026 16:15:00 - 22/02/2026 16:30:00","BZN|NL","Without Sequence","87.43","",""
"22/02/2026 16:30:00 - 22/02/2026 16:45:00","BZN|NL","Without Sequence","89.67","",""
"22/02/2026 16:45:00 - 22/02/2026 17:00:00","BZN|NL","Without Sequence","102.36","",""
"22/02/2026 17:00:00 - 22/02/2026 17:15:00","BZN|NL","Without Sequence","98.93","",""
"22/02/2026 17:15:00 - 22/02/2026 17:30:00","BZN|NL","Without Sequence","104.07","",""
"22/02/2026 17:30:00 - 22/02/2026 17:45:00","BZN|NL","Without Sequence","99.93","",""
"22/02/2026 17:45:00 - 22/02/2026 18:00:00","BZN|NL","Without Sequence","97.08","",""
"22/02/2026 18:00:00 - 22/02/2026 18:15:00","BZN|NL","Without Sequence","97.56","",""
"22/02/2026 18:15:00 - 22/02/2026 18:30:00","BZN|NL","Without Sequence","96.61","",""
"22/02/2026 18:30:00 - 22/02/2026 18:45:00","BZN|NL","Without Sequence","94.63","",""
"22/02/2026 18:45:00 - 22/02/2026 19:00:00","BZN|NL","Without Sequence","87.97","",""
"22/02/2026 19:00:00 - 22/02/2026 19:15:00","BZN|NL","Without Sequence","86.81","",""
"22/02/2026 19:15:00 - 22/02/2026 19:30:00","BZN|NL","Without Sequence","85.01","",""
"22/02/2026 19:30:00 - 22/02/2026 19:45:00","BZN|NL","Without Sequence","83.02","",""
"22/02/2026 19:45:00 - 22/02/2026 20:00:00","BZN|NL","Without Sequence","76.54","",""
"22/02/2026 20:00:00 - 22/02/2026 20:15:00","BZN|NL","Without Sequence","78.24","",""
"22/02/2026 20:15:00 - 22/02/2026 20:30:00","BZN|NL","Without Sequence","77.41","",""
"22/02/2026 20:30:00 - 22/02/2026 20:45:00","BZN|NL","Without Sequence","74.64","",""
"22/02/2026 20:45:00 - 22/02/2026 21:00:00","BZN|NL","Without Sequence","70.66","",""
"22/02/2026 21:00:00 - 22/02/2026 21:15:00","BZN|NL","Without Sequence","79.86","",""
"22/02/2026 21:15:00 - 22/02/2026 21:30:00","BZN|NL","Without Sequence","67.29","",""
"22/02/2026 21:30:00 - 22/02/2026 21:45:00","BZN|NL","Without Sequence","65.16","",""
"22/02/2026 21:45:00 - 22/02/2026 22:00:00","BZN|NL","Without Sequence","51.56","",""
"22/02/2026 22:00:00 - 22/02/2026 22:15:00","BZN|NL","Without Sequence","64.00","",""
"22/02/2026 22:15:00 - 22/02/2026 22:30:00","BZN|NL","Without Sequence","50.44","",""
"22/02/2026 22:30:00 - 22/02/2026 22:45:00","BZN|NL","Without Sequence","46.93","",""
"22/02/2026 22:45:00 - 22/02/2026 23:00:00","BZN|NL","Without Sequence","30.06","",""
"22/02/2026 23:00:00 - 22/02/2026 23:15:00","BZN|NL","Without Sequence","46.17","",""
"22/02/2026 23:15:00 - 22/02/2026 23:30:00","BZN|NL","Without Sequence","43.15","",""
"22/02/2026 23:30:00 - 22/02/2026 23:45:00","BZN|NL","Without Sequence","34.90","",""
"22/02/2026 23:45:00 - 23/02/2026 00:00:00","BZN|NL","Without Sequence","41.93","",""
"23/02/2026 00:00:00 - 23/02/2026 00:15:00","BZN|NL","Without Sequence","42.25","",""
"23/02/2026 00:15:00 - 23/02/2026 00:30:00","BZN|NL","Without Sequence","39.44","",""
"23/02/2026 00:30:00 - 23/02/2026 00:45:00","BZN|NL","Without Sequence","38.92","",""
"23/02/2026 00:45:00 - 23/02/2026 01:00:00","BZN|NL","Without Sequence","46.25","",""
"23/02/2026 01:00:00 - 23/02/2026 01:15:00","BZN|NL","Without Sequence","42.62","",""
"23/02/2026 01:15:00 - 23/02/2026 01:30:00","BZN|NL","Without Sequence","40.43","",""
"23/02/2026 01:30:00 - 23/02/2026 01:45:00","BZN|NL","Without Sequence","42.29","",""
"23/02/2026 01:45:00 - 23/02/2026 02:00:00","BZN|NL","Without Sequence","37.90","",""
"23/02/2026 02:00:00 - 23/02/2026 02:15:00","BZN|NL","Without Sequence","41.34","",""
"23/02/2026 02:15:00 - 23/02/2026 02:30:00","BZN|NL","Without Sequence","40.95","",""
"23/02/2026 02:30:00 - 23/02/2026 02:45:00","BZN|NL","Without Sequence","40.33","",""
"23/02/2026 02:45:00 - 23/02/2026 03:00:00","BZN|NL","Without Sequence","40.74","",""
"23/02/2026 03:00:00 - 23/02/2026 03:15:00","BZN|NL","Without Sequence","37.10","",""
"23/02/2026 03:15:00 - 23/02/2026 03:30:00","BZN|NL","Without Sequence","40.16","",""
"23/02/2026 03:30:00 - 23/02/2026 03:45:00","BZN|NL","Without Sequence","42.45","",""
"23/02/2026 03:45:00 - 23/02/2026 04:00:00","BZN|NL","Without Sequence","44.51","",""
"23/02/2026 04:00:00 - 23/02/2026 04:15:00","BZN|NL","Without Sequence","44.36","",""
"23/02/2026 04:15:00 - 23/02/2026 04:30:00","BZN|NL","Without Sequence","39.92","",""
"23/02/2026 04:30:00 - 23/02/2026 04:45:00","BZN|NL","Without Sequence","50.60","",""
"23/02/2026 04:45:00 - 23/02/2026 05:00:00","BZN|NL","Without Sequence","70.55","",""
"23/02/2026 05:00:00 - 23/02/2026 05:15:00","BZN|NL","Without Sequence","51.57","",""
"23/02/2026 05:15:00 - 23/02/2026 05:30:00","BZN|NL","Without Sequence","68.74","",""
"23/02/2026 05:30:00 - 23/02/2026 05:45:00","BZN|NL","Without Sequence","81.05","",""
"23/02/2026 05:45:00 - 23/02/2026 06:00:00","BZN|NL","Without Sequence","85.51","",""
"23/02/2026 06:00:00 - 23/02/2026 06:15:00","BZN|NL","Without Sequence","85.39","",""
"23/02/2026 06:15:00 - 23/02/2026 06:30:00","BZN|NL","Without Sequence","90.04","",""
"23/02/2026 06:30:00 - 23/02/2026 06:45:00","BZN|NL","Without Sequence","94.39","",""
"23/02/2026 06:45:00 - 23/02/2026 07:00:00","BZN|NL","Without Sequence","96.13","",""
"23/02/2026 07:00:00 - 23/02/2026 07:15:00","BZN|NL","Without Sequence","101.49","",""
"23/02/2026 07:15:00 - 23/02/2026 07:30:00","BZN|NL","Without Sequence","96.96","",""
"23/02/2026 07:30:00 - 23/02/2026 07:45:00","BZN|NL","Without Sequence","93.06","",""
"23/02/2026 07:45:00 - 23/02/2026 08:00:00","BZN|NL","Without Sequence","86.51","",""
"23/02/2026 08:00:00 - 23/02/2026 08:15:00","BZN|NL","Without Sequence","104.81","",""
"23/02/2026 08:15:00 - 23/02/2026 08:30:00","BZN|NL","Without Sequence","94.75","",""
"23/02/2026 08:30:00 - 23/02/2026 08:45:00","BZN|NL","Without Sequence","89.83","",""
"23/02/2026 08:45:00 - 23/02/2026 09:00:00","BZN|NL","Without Sequence","64.19","",""
"23/02/2026 09:00:00 - 23/02/2026 09:15:00","BZN|NL","Without Sequence","82.97","",""
"23/02/2026 09:15:00 - 23/02/2026 09:30:00","BZN|NL","Without Sequence","77.12","",""
"23/02/2026 09:30:00 - 23/02/2026 09:45:00","BZN|NL","Without Sequence","52.84","",""
"23/02/2026 09:45:00 - 23/02/2026 10:00:00","BZN|NL","Without Sequence","27.06","",""
"23/02/2026 10:00:00 - 23/02/2026 10:15:00","BZN|NL","Without Sequence","53.29","",""
"23/02/2026 10:15:00 - 23/02/2026 10:30:00","BZN|NL","Without Sequence","56.32","",""
"23/02/2026 10:30:00 - 23/02/2026 10:45:00","BZN|NL","Without Sequence","42.23","",""
"23/02/2026 10:45:00 - 23/02/2026 11:00:00","BZN|NL","Without Sequence","20.57","",""
"23/02/2026 11:00:00 - 23/02/2026 11:15:00","BZN|NL","Without Sequence","21.40","",""
"23/02/2026 11:15:00 - 23/02/2026 11:30:00","BZN|NL","Without Sequence","6.23","",""
"23/02/2026 11:30:00 - 23/02/2026 11:45:00","BZN|NL","Without Sequence","4.20","",""
"23/02/2026 11:45:00 - 23/02/2026 12:00:00","BZN|NL","Without Sequence","2.97","",""
"23/02/2026 12:00:00 - 23/02/2026 12:15:00","BZN|NL","Without Sequence","4.15","",""
"23/02/2026 12:15:00 - 23/02/2026 12:30:00","BZN|NL","Without Sequence","3.23","",""
"23/02/2026 12:30:00 - 23/02/2026 12:45:00","BZN|NL","Without Sequence","3.36","",""
"23/02/2026 12:45:00 - 23/02/2026 13:00:00","BZN|NL","Without Sequence","7.93","",""
"23/02/2026 13:00:00 - 23/02/2026 13:15:00","BZN|NL","Without Sequence","10.03","",""
"23/02/2026 13:15:00 - 23/02/2026 13:30:00","BZN|NL","Without Sequence","30.28","",""
"23/02/2026 13:30:00 - 23/02/2026 13:45:00","BZN|NL","Without Sequence","42.39","",""
"23/02/2026 13:45:00 - 23/02/2026 14:00:00","BZN|NL","Without Sequence","44.67","",""
"23/02/2026 14:00:00 - 23/02/2026 14:15:00","BZN|NL","Without Sequence","19.06","",""
"23/02/2026 14:15:00 - 23/02/2026 14:30:00","BZN|NL","Without Sequence","35.43","",""
"23/02/2026 14:30:00 - 23/02/2026 14:45:00","BZN|NL","Without Sequence","69.35","",""
"23/02/2026 14:45:00 - 23/02/2026 15:00:00","BZN|NL","Without Sequence","84.98","",""
"23/02/2026 15:00:00 - 23/02/2026 15:15:00","BZN|NL","Without Sequence","38.28","",""
"23/02/2026 15:15:00 - 23/02/2026 15:30:00","BZN|NL","Without Sequence","79.84","",""
"23/02/2026 15:30:00 - 23/02/2026 15:45:00","BZN|NL","Without Sequence","93.57","",""
"23/02/2026 15:45:00 - 23/02/2026 16:00:00","BZN|NL","Without Sequence","108.94","",""
"23/02/2026 16:00:00 - 23/02/2026 16:15:00","BZN|NL","Without Sequence","75.97","",""
"23/02/2026 16:15:00 - 23/02/2026 16:30:00","BZN|NL","Without Sequence","87.17","",""
"23/02/2026 16:30:00 - 23/02/2026 16:45:00","BZN|NL","Without Sequence","90.11","",""
"23/02/2026 16:45:00 - 23/02/2026 17:00:00","BZN|NL","Without Sequence","94.97","",""
"23/02/2026 17:00:00 - 23/02/2026 17:15:00","BZN|NL","Without Sequence","95.94","",""
"23/02/2026 17:15:00 - 23/02/2026 17:30:00","BZN|NL","Without Sequence","98.93","",""
"23/02/2026 17:30:00 - 23/02/2026 17:45:00","BZN|NL","Without Sequence","105.61","",""
"23/02/2026 17:45:00 - 23/02/2026 18:00:00","BZN|NL","Without Sequence","114.77","",""
"23/02/2026 18:00:00 - 23/02/2026 18:15:00","BZN|NL","Without Sequence","110.44","",""
"23/02/2026 18:15:00 - 23/02/2026 18:30:00","BZN|NL","Without Sequence","111.77","",""
"23/02/2026 18:30:00 - 23/02/2026 18:45:00","BZN|NL","Without Sequence","112.26","",""
"23/02/2026 18:45:00 - 23/02/2026 19:00:00","BZN|NL","Without Sequence","114.08","",""
"23/02/2026 19:00:00 - 23/02/2026 19:15:00","BZN|NL","Without Sequence","104.81","",""
"23/02/2026 19:15:00 - 23/02/2026 19:30:00","BZN|NL","Without Sequence","104.40","",""
"23/02/2026 19:30:00 - 23/02/2026 19:45:00","BZN|NL","Without Sequence","92.76","",""
"23/02/2026 19:45:00 - 23/02/2026 20:00:00","BZN|NL","Without Sequence","90.10","",""
"23/02/2026 20:00:00 - 23/02/2026 20:15:00","BZN|NL","Without Sequence","96.15","",""
"23/02/2026 20:15:00 - 23/02/2026 20:30:00","BZN|NL","Without Sequence","96.12","",""
"23/02/2026 20:30:00 - 23/02/2026 20:45:00","BZN|NL","Without Sequence","87.62","",""
"23/02/2026 20:45:00 - 23/02/2026 21:00:00","BZN|NL","Without Sequence","80.66","",""
"23/02/2026 21:00:00 - 23/02/2026 21:15:00","BZN|NL","Without Sequence","93.90","",""
"23/02/2026 21:15:00 - 23/02/2026 21:30:00","BZN|NL","Without Sequence","89.00","",""
"23/02/2026 21:30:00 - 23/02/2026 21:45:00","BZN|NL","Without Sequence","89.61","",""
"23/02/2026 21:45:00 - 23/02/2026 22:00:00","BZN|NL","Without Sequence","83.78","",""
"23/02/2026 22:00:00 - 23/02/2026 22:15:00","BZN|NL","Without Sequence","85.68","",""
"23/02/2026 22:15:00 - 23/02/2026 22:30:00","BZN|NL","Without Sequence","81.89","",""
"23/02/2026 22:30:00 - 23/02/2026 22:45:00","BZN|NL","Without Sequence","80.94","",""
"23/02/2026 22:45:00 - 23/02/2026 23:00:00","BZN|NL","Without Sequence","76.16","",""
"23/02/2026 23:00:00 - 23/02/2026 23:15:00","BZN|NL","Without Sequence","83.35","",""
"23/02/2026 23:15:00 - 23/02/2026 23:30:00","BZN|NL","Without Sequence","83.79","",""
"23/02/2026 23:30:00 - 23/02/2026 23:45:00","BZN|NL","Without Sequence","83.44","",""
"23/02/2026 23:45:00 - 24/02/2026 00:00:00","BZN|NL","Without Sequence","85.02","",""
"24/02/2026 00:00:00 - 24/02/2026 00:15:00","BZN|NL","Without Sequence","83.07","",""
"24/02/2026 00:15:00 - 24/02/2026 00:30:00","BZN|NL","Without Sequence","83.62","",""
"24/02/2026 00:30:00 - 24/02/2026 00:45:00","BZN|NL","Without Sequence","84.10","",""
"24/02/2026 00:45:00 - 24/02/2026 01:00:00","BZN|NL","Without Sequence","84.14","",""
"24/02/2026 01:00:00 - 24/02/2026 01:15:00","BZN|NL","Without Sequence","78.74","",""
"24/02/2026 01:15:00 - 24/02/2026 01:30:00","BZN|NL","Without Sequence","80.13","",""
"24/02/2026 01:30:00 - 24/02/2026 01:45:00","BZN|NL","Without Sequence","80.21","",""
"24/02/2026 01:45:00 - 24/02/2026 02:00:00","BZN|NL","Without Sequence","81.33","",""
"24/02/2026 02:00:00 - 24/02/2026 02:15:00","BZN|NL","Without Sequence","75.37","",""
"24/02/2026 02:15:00 - 24/02/2026 02:30:00","BZN|NL","Without Sequence","76.63","",""
"24/02/2026 02:30:00 - 24/02/2026 02:45:00","BZN|NL","Without Sequence","77.09","",""
"24/02/2026 02:45:00 - 24/02/2026 03:00:00","BZN|NL","Without Sequence","79.49","",""
"24/02/2026 03:00:00 - 24/02/2026 03:15:00","BZN|NL","Without Sequence","77.10","",""
"24/02/2026 03:15:00 - 24/02/2026 03:30:00","BZN|NL","Without Sequence","77.48","",""
"24/02/2026 03:30:00 - 24/02/2026 03:45:00","BZN|NL","Without Sequence","78.11","",""
"24/02/2026 03:45:00 - 24/02/2026 04:00:00","BZN|NL","Without Sequence","80.10","",""
"24/02/2026 04:00:00 - 24/02/2026 04:15:00","BZN|NL","Without Sequence","77.92","",""
"24/02/2026 04:15:00 - 24/02/2026 04:30:00","BZN|NL","Without Sequence","78.99","",""
"24/02/2026 04:30:00 - 24/02/2026 04:45:00","BZN|NL","Without Sequence","86.07","",""
"24/02/2026 04:45:00 - 24/02/2026 05:00:00","BZN|NL","Without Sequence","91.56","",""
"24/02/2026 05:00:00 - 24/02/2026 05:15:00","BZN|NL","Without Sequence","84.36","",""
"24/02/2026 05:15:00 - 24/02/2026 05:30:00","BZN|NL","Without Sequence","95.13","",""
"24/02/2026 05:30:00 - 24/02/2026 05:45:00","BZN|NL","Without Sequence","105.77","",""
"24/02/2026 05:45:00 - 24/02/2026 06:00:00","BZN|NL","Without Sequence","112.83","",""
"24/02/2026 06:00:00 - 24/02/2026 06:15:00","BZN|NL","Without Sequence","109.73","",""
"24/02/2026 06:15:00 - 24/02/2026 06:30:00","BZN|NL","Without Sequence","121.38","",""
"24/02/2026 06:30:00 - 24/02/2026 06:45:00","BZN|NL","Without Sequence","130.48","",""
"24/02/2026 06:45:00 - 24/02/2026 07:00:00","BZN|NL","Without Sequence","137.50","",""
"24/02/2026 07:00:00 - 24/02/2026 07:15:00","BZN|NL","Without Sequence","137.25","",""
"24/02/2026 07:15:00 - 24/02/2026 07:30:00","BZN|NL","Without Sequence","141.68","",""
"24/02/2026 07:30:00 - 24/02/2026 07:45:00","BZN|NL","Without Sequence","143.87","",""
"24/02/2026 07:45:00 - 24/02/2026 08:00:00","BZN|NL","Without Sequence","142.34","",""
"24/02/2026 08:00:00 - 24/02/2026 08:15:00","BZN|NL","Without Sequence","142.01","",""
"24/02/2026 08:15:00 - 24/02/2026 08:30:00","BZN|NL","Without Sequence","136.66","",""
"24/02/2026 08:30:00 - 24/02/2026 08:45:00","BZN|NL","Without Sequence","130.53","",""
"24/02/2026 08:45:00 - 24/02/2026 09:00:00","BZN|NL","Without Sequence","122.42","",""
"24/02/2026 09:00:00 - 24/02/2026 09:15:00","BZN|NL","Without Sequence","134.10","",""
"24/02/2026 09:15:00 - 24/02/2026 09:30:00","BZN|NL","Without Sequence","114.51","",""
"24/02/2026 09:30:00 - 24/02/2026 09:45:00","BZN|NL","Without Sequence","106.92","",""
"24/02/2026 09:45:00 - 24/02/2026 10:00:00","BZN|NL","Without Sequence","104.65","",""
"24/02/2026 10:00:00 - 24/02/2026 10:15:00","BZN|NL","Without Sequence","112.29","",""
"24/02/2026 10:15:00 - 24/02/2026 10:30:00","BZN|NL","Without Sequence","100.91","",""
"24/02/2026 10:30:00 - 24/02/2026 10:45:00","BZN|NL","Without Sequence","98.55","",""
"24/02/2026 10:45:00 - 24/02/2026 11:00:00","BZN|NL","Without Sequence","92.25","",""
"24/02/2026 11:00:00 - 24/02/2026 11:15:00","BZN|NL","Without Sequence","95.89","",""
"24/02/2026 11:15:00 - 24/02/2026 11:30:00","BZN|NL","Without Sequence","90.84","",""
"24/02/2026 11:30:00 - 24/02/2026 11:45:00","BZN|NL","Without Sequence","90.63","",""
"24/02/2026 11:45:00 - 24/02/2026 12:00:00","BZN|NL","Without Sequence","87.42","",""
"24/02/2026 12:00:00 - 24/02/2026 12:15:00","BZN|NL","Without Sequence","89.68","",""
"24/02/2026 12:15:00 - 24/02/2026 12:30:00","BZN|NL","Without Sequence","88.93","",""
"24/02/2026 12:30:00 - 24/02/2026 12:45:00","BZN|NL","Without Sequence","88.61","",""
"24/02/2026 12:45:00 - 24/02/2026 13:00:00","BZN|NL","Without Sequence","87.44","",""
"24/02/2026 13:00:00 - 24/02/2026 13:15:00","BZN|NL","Without Sequence","80.83","",""
"24/02/2026 13:15:00 - 24/02/2026 13:30:00","BZN|NL","Without Sequence","84.67","",""
"24/02/2026 13:30:00 - 24/02/2026 13:45:00","BZN|NL","Without Sequence","85.85","",""
"24/02/2026 13:45:00 - 24/02/2026 14:00:00","BZN|NL","Without Sequence","89.31","",""
"24/02/2026 14:00:00 - 24/02/2026 14:15:00","BZN|NL","Without Sequence","87.35","",""
"24/02/2026 14:15:00 - 24/02/2026 14:30:00","BZN|NL","Without Sequence","91.13","",""
"24/02/2026 14:30:00 - 24/02/2026 14:45:00","BZN|NL","Without Sequence","96.85","",""
"24/02/2026 14:45:00 - 24/02/2026 15:00:00","BZN|NL","Without Sequence","109.79","",""
"24/02/2026 15:00:00 - 24/02/2026 15:15:00","BZN|NL","Without Sequence","95.09","",""
"24/02/2026 15:15:00 - 24/02/2026 15:30:00","BZN|NL","Without Sequence","101.38","",""
"24/02/2026 15:30:00 - 24/02/2026 15:45:00","BZN|NL","Without Sequence","112.45","",""
"24/02/2026 15:45:00 - 24/02/2026 16:00:00","BZN|NL","Without Sequence","128.57","",""
"24/02/2026 16:00:00 - 24/02/2026 16:15:00","BZN|NL","Without Sequence","111.93","",""
"24/02/2026 16:15:00 - 24/02/2026 16:30:00","BZN|NL","Without Sequence","145.00","",""
"24/02/2026 16:30:00 - 24/02/2026 16:45:00","BZN|NL","Without Sequence","181.87","",""
"24/02/2026 16:45:00 - 24/02/2026 17:00:00","BZN|NL","Without Sequence","232.95","",""
"24/02/2026 17:00:00 - 24/02/2026 17:15:00","BZN|NL","Without Sequence","181.77","",""
"24/02/2026 17:15:00 - 24/02/2026 17:30:00","BZN|NL","Without Sequence","177.34","",""
"24/02/2026 17:30:00 - 24/02/2026 17:45:00","BZN|NL","Without Sequence","166.17","",""
"24/02/2026 17:45:00 - 24/02/2026 18:00:00","BZN|NL","Without Sequence","150.61","",""
"24/02/2026 18:00:00 - 24/02/2026 18:15:00","BZN|NL","Without Sequence","162.30","",""
"24/02/2026 18:15:00 - 24/02/2026 18:30:00","BZN|NL","Without Sequence","136.96","",""
"24/02/2026 18:30:00 - 24/02/2026 18:45:00","BZN|NL","Without Sequence","131.23","",""
"24/02/2026 18:45:00 - 24/02/2026 19:00:00","BZN|NL","Without Sequence","112.59","",""
"24/02/2026 19:00:00 - 24/02/2026 19:15:00","BZN|NL","Without Sequence","126.14","",""
"24/02/2026 19:15:00 - 24/02/2026 19:30:00","BZN|NL","Without Sequence","119.47","",""
"24/02/2026 19:30:00 - 24/02/2026 19:45:00","BZN|NL","Without Sequence","108.60","",""
"24/02/2026 19:45:00 - 24/02/2026 20:00:00","BZN|NL","Without Sequence","97.32","",""
"24/02/2026 20:00:00 - 24/02/2026 20:15:00","BZN|NL","Without Sequence","108.58","",""
"24/02/2026 20:15:00 - 24/02/2026 20:30:00","BZN|NL","Without Sequence","101.26","",""
"24/02/2026 20:30:00 - 24/02/2026 20:45:00","BZN|NL","Without Sequence","96.73","",""
"24/02/2026 20:45:00 - 24/02/2026 21:00:00","BZN|NL","Without Sequence","87.75","",""
"24/02/2026 21:00:00 - 24/02/2026 21:15:00","BZN|NL","Without Sequence","98.46","",""
"24/02/2026 21:15:00 - 24/02/2026 21:30:00","BZN|NL","Without Sequence","94.78","",""
"24/02/2026 21:30:00 - 24/02/2026 21:45:00","BZN|NL","Without Sequence","92.04","",""
"24/02/2026 21:45:00 - 24/02/2026 22:00:00","BZN|NL","Without Sequence","88.09","",""
"24/02/2026 22:00:00 - 24/02/2026 22:15:00","BZN|NL","Without Sequence","90.62","",""
"24/02/2026 22:15:00 - 24/02/2026 22:30:00","BZN|NL","Without Sequence","89.12","",""
"24/02/2026 22:30:00 - 24/02/2026 22:45:00","BZN|NL","Without Sequence","85.24","",""
"24/02/2026 22:45:00 - 24/02/2026 23:00:00","BZN|NL","Without Sequence","80.80","",""
"24/02/2026 23:00:00 - 24/02/2026 23:15:00","BZN|NL","Without Sequence","90.95","",""
"24/02/2026 23:15:00 - 24/02/2026 23:30:00","BZN|NL","Without Sequence","85.03","",""
"24/02/2026 23:30:00 - 24/02/2026 23:45:00","BZN|NL","Without Sequence","81.97","",""
"24/02/2026 23:45:00 - 25/02/2026 00:00:00","BZN|NL","Without Sequence","79.25","",""
"25/02/2026 00:00:00 - 25/02/2026 00:15:00","BZN|NL","Without Sequence","82.89","",""
"25/02/2026 00:15:00 - 25/02/2026 00:30:00","BZN|NL","Without Sequence","81.06","",""
"25/02/2026 00:30:00 - 25/02/2026 00:45:00","BZN|NL","Without Sequence","77.39","",""
"25/02/2026 00:45:00 - 25/02/2026 01:00:00","BZN|NL","Without Sequence","75.24","",""
"25/02/2026 01:00:00 - 25/02/2026 01:15:00","BZN|NL","Without Sequence","79.40","",""
"25/02/2026 01:15:00 - 25/02/2026 01:30:00","BZN|NL","Without Sequence","77.36","",""
"25/02/2026 01:30:00 - 25/02/2026 01:45:00","BZN|NL","Without Sequence","75.04","",""
"25/02/2026 01:45:00 - 25/02/2026 02:00:00","BZN|NL","Without Sequence","73.73","",""
"25/02/2026 02:00:00 - 25/02/2026 02:15:00","BZN|NL","Without Sequence","79.51","",""
"25/02/2026 02:15:00 - 25/02/2026 02:30:00","BZN|NL","Without Sequence","78.91","",""
"25/02/2026 02:30:00 - 25/02/2026 02:45:00","BZN|NL","Without Sequence","79.04","",""
"25/02/2026 02:45:00 - 25/02/2026 03:00:00","BZN|NL","Without Sequence","78.48","",""
"25/02/2026 03:00:00 - 25/02/2026 03:15:00","BZN|NL","Without Sequence","79.20","",""
"25/02/2026 03:15:00 - 25/02/2026 03:30:00","BZN|NL","Without Sequence","78.22","",""
"25/02/2026 03:30:00 - 25/02/2026 03:45:00","BZN|NL","Without Sequence","80.13","",""
"25/02/2026 03:45:00 - 25/02/2026 04:00:00","BZN|NL","Without Sequence","80.67","",""
"25/02/2026 04:00:00 - 25/02/2026 04:15:00","BZN|NL","Without Sequence","77.56","",""
"25/02/2026 04:15:00 - 25/02/2026 04:30:00","BZN|NL","Without Sequence","79.96","",""
"25/02/2026 04:30:00 - 25/02/2026 04:45:00","BZN|NL","Without Sequence","85.98","",""
"25/02/2026 04:45:00 - 25/02/2026 05:00:00","BZN|NL","Without Sequence","89.70","",""
"25/02/2026 05:00:00 - 25/02/2026 05:15:00","BZN|NL","Without Sequence","86.02","",""
"25/02/2026 05:15:00 - 25/02/2026 05:30:00","BZN|NL","Without Sequence","97.36","",""
"25/02/2026 05:30:00 - 25/02/2026 05:45:00","BZN|NL","Without Sequence","107.47","",""
"25/02/2026 05:45:00 - 25/02/2026 06:00:00","BZN|NL","Without Sequence","118.07","",""
"25/02/2026 06:00:00 - 25/02/2026 06:15:00","BZN|NL","Without Sequence","112.72","",""
"25/02/2026 06:15:00 - 25/02/2026 06:30:00","BZN|NL","Without Sequence","123.35","",""
"25/02/2026 06:30:00 - 25/02/2026 06:45:00","BZN|NL","Without Sequence","133.23","",""
"25/02/2026 06:45:00 - 25/02/2026 07:00:00","BZN|NL","Without Sequence","127.93","",""
"25/02/2026 07:00:00 - 25/02/2026 07:15:00","BZN|NL","Without Sequence","135.89","",""
"25/02/2026 07:15:00 - 25/02/2026 07:30:00","BZN|NL","Without Sequence","119.83","",""
"25/02/2026 07:30:00 - 25/02/2026 07:45:00","BZN|NL","Without Sequence","110.31","",""
"25/02/2026 07:45:00 - 25/02/2026 08:00:00","BZN|NL","Without Sequence","95.63","",""
"25/02/2026 08:00:00 - 25/02/2026 08:15:00","BZN|NL","Without Sequence","115.38","",""
"25/02/2026 08:15:00 - 25/02/2026 08:30:00","BZN|NL","Without Sequence","102.65","",""
"25/02/2026 08:30:00 - 25/02/2026 08:45:00","BZN|NL","Without Sequence","91.73","",""
"25/02/2026 08:45:00 - 25/02/2026 09:00:00","BZN|NL","Without Sequence","82.38","",""
"25/02/2026 09:00:00 - 25/02/2026 09:15:00","BZN|NL","Without Sequence","91.59","",""
"25/02/2026 09:15:00 - 25/02/2026 09:30:00","BZN|NL","Without Sequence","88.36","",""
"25/02/2026 09:30:00 - 25/02/2026 09:45:00","BZN|NL","Without Sequence","76.80","",""
"25/02/2026 09:45:00 - 25/02/2026 10:00:00","BZN|NL","Without Sequence","71.37","",""
"25/02/2026 10:00:00 - 25/02/2026 10:15:00","BZN|NL","Without Sequence","77.58","",""
"25/02/2026 10:15:00 - 25/02/2026 10:30:00","BZN|NL","Without Sequence","74.68","",""
"25/02/2026 10:30:00 - 25/02/2026 10:45:00","BZN|NL","Without Sequence","73.30","",""
"25/02/2026 10:45:00 - 25/02/2026 11:00:00","BZN|NL","Without Sequence","57.67","",""
"25/02/2026 11:00:00 - 25/02/2026 11:15:00","BZN|NL","Without Sequence","75.82","",""
"25/02/2026 11:15:00 - 25/02/2026 11:30:00","BZN|NL","Without Sequence","63.70","",""
"25/02/2026 11:30:00 - 25/02/2026 11:45:00","BZN|NL","Without Sequence","52.00","",""
"25/02/2026 11:45:00 - 25/02/2026 12:00:00","BZN|NL","Without Sequence","44.93","",""
"25/02/2026 12:00:00 - 25/02/2026 12:15:00","BZN|NL","Without Sequence","59.24","",""
"25/02/2026 12:15:00 - 25/02/2026 12:30:00","BZN|NL","Without Sequence","53.98","",""
"25/02/2026 12:30:00 - 25/02/2026 12:45:00","BZN|NL","Without Sequence","52.73","",""
"25/02/2026 12:45:00 - 25/02/2026 13:00:00","BZN|NL","Without Sequence","49.96","",""
"25/02/2026 13:00:00 - 25/02/2026 13:15:00","BZN|NL","Without Sequence","39.85","",""
"25/02/2026 13:15:00 - 25/02/2026 13:30:00","BZN|NL","Without Sequence","58.35","",""
"25/02/2026 13:30:00 - 25/02/2026 13:45:00","BZN|NL","Without Sequence","66.80","",""
"25/02/2026 13:45:00 - 25/02/2026 14:00:00","BZN|NL","Without Sequence","75.25","",""
"25/02/2026 14:00:00 - 25/02/2026 14:15:00","BZN|NL","Without Sequence","60.58","",""
"25/02/2026 14:15:00 - 25/02/2026 14:30:00","BZN|NL","Without Sequence","64.80","",""
"25/02/2026 14:30:00 - 25/02/2026 14:45:00","BZN|NL","Without Sequence","76.08","",""
"25/02/2026 14:45:00 - 25/02/2026 15:00:00","BZN|NL","Without Sequence","84.67","",""
"25/02/2026 15:00:00 - 25/02/2026 15:15:00","BZN|NL","Without Sequence","67.49","",""
"25/02/2026 15:15:00 - 25/02/2026 15:30:00","BZN|NL","Without Sequence","82.60","",""
"25/02/2026 15:30:00 - 25/02/2026 15:45:00","BZN|NL","Without Sequence","95.21","",""
"25/02/2026 15:45:00 - 25/02/2026 16:00:00","BZN|NL","Without Sequence","118.71","",""
"25/02/2026 16:00:00 - 25/02/2026 16:15:00","BZN|NL","Without Sequence","94.19","",""
"25/02/2026 16:15:00 - 25/02/2026 16:30:00","BZN|NL","Without Sequence","106.31","",""
"25/02/2026 16:30:00 - 25/02/2026 16:45:00","BZN|NL","Without Sequence","119.73","",""
"25/02/2026 16:45:00 - 25/02/2026 17:00:00","BZN|NL","Without Sequence","140.04","",""
"25/02/2026 17:00:00 - 25/02/2026 17:15:00","BZN|NL","Without Sequence","125.50","",""
"25/02/2026 17:15:00 - 25/02/2026 17:30:00","BZN|NL","Without Sequence","116.77","",""
"25/02/2026 17:30:00 - 25/02/2026 17:45:00","BZN|NL","Without Sequence","113.48","",""
"25/02/2026 17:45:00 - 25/02/2026 18:00:00","BZN|NL","Without Sequence","116.70","",""
"25/02/2026 18:00:00 - 25/02/2026 18:15:00","BZN|NL","Without Sequence","113.35","",""
"25/02/2026 18:15:00 - 25/02/2026 18:30:00","BZN|NL","Without Sequence","110.39","",""
"25/02/2026 18:30:00 - 25/02/2026 18:45:00","BZN|NL","Without Sequence","105.59","",""
"25/02/2026 18:45:00 - 25/02/2026 19:00:00","BZN|NL","Without Sequence","103.93","",""
"25/02/2026 19:00:00 - 25/02/2026 19:15:00","BZN|NL","Without Sequence","109.32","",""
"25/02/2026 19:15:00 - 25/02/2026 19:30:00","BZN|NL","Without Sequence","98.30","",""
"25/02/2026 19:30:00 - 25/02/2026 19:45:00","BZN|NL","Without Sequence","91.07","",""
"25/02/2026 19:45:00 - 25/02/2026 20:00:00","BZN|NL","Without Sequence","82.43","",""
"25/02/2026 20:00:00 - 25/02/2026 20:15:00","BZN|NL","Without Sequence","92.25","",""
"25/02/2026 20:15:00 - 25/02/2026 20:30:00","BZN|NL","Without Sequence","87.95","",""
"25/02/2026 20:30:00 - 25/02/2026 20:45:00","BZN|NL","Without Sequence","84.91","",""
"25/02/2026 20:45:00 - 25/02/2026 21:00:00","BZN|NL","Without Sequence","76.96","",""
"25/02/2026 21:00:00 - 25/02/2026 21:15:00","BZN|NL","Without Sequence","93.04","",""
"25/02/2026 21:15:00 - 25/02/2026 21:30:00","BZN|NL","Without Sequence","86.55","",""
"25/02/2026 21:30:00 - 25/02/2026 21:45:00","BZN|NL","Without Sequence","82.30","",""
"25/02/2026 21:45:00 - 25/02/2026 22:00:00","BZN|NL","Without Sequence","78.81","",""
"25/02/2026 22:00:00 - 25/02/2026 22:15:00","BZN|NL","Without Sequence","87.83","",""
"25/02/2026 22:15:00 - 25/02/2026 22:30:00","BZN|NL","Without Sequence","82.39","",""
"25/02/2026 22:30:00 - 25/02/2026 22:45:00","BZN|NL","Without Sequence","78.99","",""
"25/02/2026 22:45:00 - 25/02/2026 23:00:00","BZN|NL","Without Sequence","67.27","",""
"25/02/2026 23:00:00 - 25/02/2026 23:15:00","BZN|NL","Without Sequence","87.58","",""
"25/02/2026 23:15:00 - 25/02/2026 23:30:00","BZN|NL","Without Sequence","82.21","",""
"25/02/2026 23:30:00 - 25/02/2026 23:45:00","BZN|NL","Without Sequence","80.04","",""
"25/02/2026 23:45:00 - 26/02/2026 00:00:00","BZN|NL","Without Sequence","74.60","",""
"26/02/2026 00:00:00 - 26/02/2026 00:15:00","BZN|NL","Without Sequence","85.09","",""
"26/02/2026 00:15:00 - 26/02/2026 00:30:00","BZN|NL","Without Sequence","76.91","",""
"26/02/2026 00:30:00 - 26/02/2026 00:45:00","BZN|NL","Without Sequence","73.32","",""
"26/02/2026 00:45:00 - 26/02/2026 01:00:00","BZN|NL","Without Sequence","67.58","",""
"26/02/2026 01:00:00 - 26/02/2026 01:15:00","BZN|NL","Without Sequence","73.74","",""
"26/02/2026 01:15:00 - 26/02/2026 01:30:00","BZN|NL","Without Sequence","72.89","",""
"26/02/2026 01:30:00 - 26/02/2026 01:45:00","BZN|NL","Without Sequence","70.10","",""
"26/02/2026 01:45:00 - 26/02/2026 02:00:00","BZN|NL","Without Sequence","70.60","",""
"26/02/2026 02:00:00 - 26/02/2026 02:15:00","BZN|NL","Without Sequence","73.97","",""
"26/02/2026 02:15:00 - 26/02/2026 02:30:00","BZN|NL","Without Sequence","73.81","",""
"26/02/2026 02:30:00 - 26/02/2026 02:45:00","BZN|NL","Without Sequence","75.02","",""
"26/02/2026 02:45:00 - 26/02/2026 03:00:00","BZN|NL","Without Sequence","67.88","",""
"26/02/2026 03:00:00 - 26/02/2026 03:15:00","BZN|NL","Without Sequence","68.67","",""
"26/02/2026 03:15:00 - 26/02/2026 03:30:00","BZN|NL","Without Sequence","70.15","",""
"26/02/2026 03:30:00 - 26/02/2026 03:45:00","BZN|NL","Without Sequence","72.50","",""
"26/02/2026 03:45:00 - 26/02/2026 04:00:00","BZN|NL","Without Sequence","72.28","",""
"26/02/2026 04:00:00 - 26/02/2026 04:15:00","BZN|NL","Without Sequence","64.61","",""
"26/02/2026 04:15:00 - 26/02/2026 04:30:00","BZN|NL","Without Sequence","69.40","",""
"26/02/2026 04:30:00 - 26/02/2026 04:45:00","BZN|NL","Without Sequence","74.73","",""
"26/02/2026 04:45:00 - 26/02/2026 05:00:00","BZN|NL","Without Sequence","84.70","",""
"26/02/2026 05:00:00 - 26/02/2026 05:15:00","BZN|NL","Without Sequence","68.10","",""
"26/02/2026 05:15:00 - 26/02/2026 05:30:00","BZN|NL","Without Sequence","92.02","",""
"26/02/2026 05:30:00 - 26/02/2026 05:45:00","BZN|NL","Without Sequence","101.77","",""
"26/02/2026 05:45:00 - 26/02/2026 06:00:00","BZN|NL","Without Sequence","104.88","",""
"26/02/2026 06:00:00 - 26/02/2026 06:15:00","BZN|NL","Without Sequence","104.00","",""
"26/02/2026 06:15:00 - 26/02/2026 06:30:00","BZN|NL","Without Sequence","108.14","",""
"26/02/2026 06:30:00 - 26/02/2026 06:45:00","BZN|NL","Without Sequence","108.59","",""
"26/02/2026 06:45:00 - 26/02/2026 07:00:00","BZN|NL","Without Sequence","102.48","",""
"26/02/2026 07:00:00 - 26/02/2026 07:15:00","BZN|NL","Without Sequence","122.61","",""
"26/02/2026 07:15:00 - 26/02/2026 07:30:00","BZN|NL","Without Sequence","120.10","",""
"26/02/2026 07:30:00 - 26/02/2026 07:45:00","BZN|NL","Without Sequence","101.03","",""
"26/02/2026 07:45:00 - 26/02/2026 08:00:00","BZN|NL","Without Sequence","90.35","",""
"26/02/2026 08:00:00 - 26/02/2026 08:15:00","BZN|NL","Without Sequence","150.90","",""
"26/02/2026 08:15:00 - 26/02/2026 08:30:00","BZN|NL","Without Sequence","100.50","",""
"26/02/2026 08:30:00 - 26/02/2026 08:45:00","BZN|NL","Without Sequence","85.50","",""
"26/02/2026 08:45:00 - 26/02/2026 09:00:00","BZN|NL","Without Sequence","69.03","",""
"26/02/2026 09:00:00 - 26/02/2026 09:15:00","BZN|NL","Without Sequence","112.27","",""
"26/02/2026 09:15:00 - 26/02/2026 09:30:00","BZN|NL","Without Sequence","91.08","",""
"26/02/2026 09:30:00 - 26/02/2026 09:45:00","BZN|NL","Without Sequence","80.10","",""
"26/02/2026 09:45:00 - 26/02/2026 10:00:00","BZN|NL","Without Sequence","70.40","",""
"26/02/2026 10:00:00 - 26/02/2026 10:15:00","BZN|NL","Without Sequence","81.45","",""
"26/02/2026 10:15:00 - 26/02/2026 10:30:00","BZN|NL","Without Sequence","63.48","",""
"26/02/2026 10:30:00 - 26/02/2026 10:45:00","BZN|NL","Without Sequence","52.87","",""
"26/02/2026 10:45:00 - 26/02/2026 11:00:00","BZN|NL","Without Sequence","29.99","",""
"26/02/2026 11:00:00 - 26/02/2026 11:15:00","BZN|NL","Without Sequence","43.39","",""
"26/02/2026 11:15:00 - 26/02/2026 11:30:00","BZN|NL","Without Sequence","17.48","",""
"26/02/2026 11:30:00 - 26/02/2026 11:45:00","BZN|NL","Without Sequence","7.82","",""
"26/02/2026 11:45:00 - 26/02/2026 12:00:00","BZN|NL","Without Sequence","6.57","",""
"26/02/2026 12:00:00 - 26/02/2026 12:15:00","BZN|NL","Without Sequence","9.91","",""
"26/02/2026 12:15:00 - 26/02/2026 12:30:00","BZN|NL","Without Sequence","8.81","",""
"26/02/2026 12:30:00 - 26/02/2026 12:45:00","BZN|NL","Without Sequence","11.45","",""
"26/02/2026 12:45:00 - 26/02/2026 13:00:00","BZN|NL","Without Sequence","19.03","",""
"26/02/2026 13:00:00 - 26/02/2026 13:15:00","BZN|NL","Without Sequence","11.84","",""
"26/02/2026 13:15:00 - 26/02/2026 13:30:00","BZN|NL","Without Sequence","35.07","",""
"26/02/2026 13:30:00 - 26/02/2026 13:45:00","BZN|NL","Without Sequence","49.30","",""
"26/02/2026 13:45:00 - 26/02/2026 14:00:00","BZN|NL","Without Sequence","60.15","",""
"26/02/2026 14:00:00 - 26/02/2026 14:15:00","BZN|NL","Without Sequence","47.83","",""
"26/02/2026 14:15:00 - 26/02/2026 14:30:00","BZN|NL","Without Sequence","57.94","",""
"26/02/2026 14:30:00 - 26/02/2026 14:45:00","BZN|NL","Without Sequence","64.90","",""
"26/02/2026 14:45:00 - 26/02/2026 15:00:00","BZN|NL","Without Sequence","81.60","",""
"26/02/2026 15:00:00 - 26/02/2026 15:15:00","BZN|NL","Without Sequence","59.64","",""
"26/02/2026 15:15:00 - 26/02/2026 15:30:00","BZN|NL","Without Sequence","84.33","",""
"26/02/2026 15:30:00 - 26/02/2026 15:45:00","BZN|NL","Without Sequence","97.70","",""
"26/02/2026 15:45:00 - 26/02/2026 16:00:00","BZN|NL","Without Sequence","104.60","",""
"26/02/2026 16:00:00 - 26/02/2026 16:15:00","BZN|NL","Without Sequence","89.72","",""
"26/02/2026 16:15:00 - 26/02/2026 16:30:00","BZN|NL","Without Sequence","93.76","",""
"26/02/2026 16:30:00 - 26/02/2026 16:45:00","BZN|NL","Without Sequence","100.12","",""
"26/02/2026 16:45:00 - 26/02/2026 17:00:00","BZN|NL","Without Sequence","111.16","",""
"26/02/2026 17:00:00 - 26/02/2026 17:15:00","BZN|NL","Without Sequence","98.36","",""
"26/02/2026 17:15:00 - 26/02/2026 17:30:00","BZN|NL","Without Sequence","100.63","",""
"26/02/2026 17:30:00 - 26/02/2026 17:45:00","BZN|NL","Without Sequence","103.66","",""
"26/02/2026 17:45:00 - 26/02/2026 18:00:00","BZN|NL","Without Sequence","109.32","",""
"26/02/2026 18:00:00 - 26/02/2026 18:15:00","BZN|NL","Without Sequence","113.40","",""
"26/02/2026 18:15:00 - 26/02/2026 18:30:00","BZN|NL","Without Sequence","109.47","",""
"26/02/2026 18:30:00 - 26/02/2026 18:45:00","BZN|NL","Without Sequence","103.40","",""
"26/02/2026 18:45:00 - 26/02/2026 19:00:00","BZN|NL","Without Sequence","92.37","",""
"26/02/2026 19:00:00 - 26/02/2026 19:15:00","BZN|NL","Without Sequence","101.80","",""
"26/02/2026 19:15:00 - 26/02/2026 19:30:00","BZN|NL","Without Sequence","88.07","",""
"26/02/2026 19:30:00 - 26/02/2026 19:45:00","BZN|NL","Without Sequence","86.73","",""
"26/02/2026 19:45:00 - 26/02/2026 20:00:00","BZN|NL","Without Sequence","79.01","",""
"26/02/2026 20:00:00 - 26/02/2026 20:15:00","BZN|NL","Without Sequence","93.20","",""
"26/02/2026 20:15:00 - 26/02/2026 20:30:00","BZN|NL","Without Sequence","86.24","",""
"26/02/2026 20:30:00 - 26/02/2026 20:45:00","BZN|NL","Without Sequence","81.24","",""
"26/02/2026 20:45:00 - 26/02/2026 21:00:00","BZN|NL","Without Sequence","71.88","",""
"26/02/2026 21:00:00 - 26/02/2026 21:15:00","BZN|NL","Without Sequence","87.19","",""
"26/02/2026 21:15:00 - 26/02/2026 21:30:00","BZN|NL","Without Sequence","79.69","",""
"26/02/2026 21:30:00 - 26/02/2026 21:45:00","BZN|NL","Without Sequence","76.10","",""
"26/02/2026 21:45:00 - 26/02/2026 22:00:00","BZN|NL","Without Sequence","69.90","",""
"26/02/2026 22:00:00 - 26/02/2026 22:15:00","BZN|NL","Without Sequence","83.60","",""
"26/02/2026 22:15:00 - 26/02/2026 22:30:00","BZN|NL","Without Sequence","73.09","",""
"26/02/2026 22:30:00 - 26/02/2026 22:45:00","BZN|NL","Without Sequence","67.93","",""
"26/02/2026 22:45:00 - 26/02/2026 23:00:00","BZN|NL","Without Sequence","63.31","",""
"26/02/2026 23:00:00 - 26/02/2026 23:15:00","BZN|NL","Without Sequence","55.87","",""
"26/02/2026 23:15:00 - 26/02/2026 23:30:00","BZN|NL","Without Sequence","56.55","",""
"26/02/2026 23:30:00 - 26/02/2026 23:45:00","BZN|NL","Without Sequence","52.18","",""
"26/02/2026 23:45:00 - 27/02/2026 00:00:00","BZN|NL","Without Sequence","49.80","",""
"27/02/2026 00:00:00 - 27/02/2026 00:15:00","BZN|NL","Without Sequence","59.39","",""
"27/02/2026 00:15:00 - 27/02/2026 00:30:00","BZN|NL","Without Sequence","58.09","",""
"27/02/2026 00:30:00 - 27/02/2026 00:45:00","BZN|NL","Without Sequence","52.68","",""
"27/02/2026 00:45:00 - 27/02/2026 01:00:00","BZN|NL","Without Sequence","47.09","",""
"27/02/2026 01:00:00 - 27/02/2026 01:15:00","BZN|NL","Without Sequence","57.73","",""
"27/02/2026 01:15:00 - 27/02/2026 01:30:00","BZN|NL","Without Sequence","56.56","",""
"27/02/2026 01:30:00 - 27/02/2026 01:45:00","BZN|NL","Without Sequence","57.17","",""
"27/02/2026 01:45:00 - 27/02/2026 02:00:00","BZN|NL","Without Sequence","54.60","",""
"27/02/2026 02:00:00 - 27/02/2026 02:15:00","BZN|NL","Without Sequence","55.79","",""
"27/02/2026 02:15:00 - 27/02/2026 02:30:00","BZN|NL","Without Sequence","52.19","",""
"27/02/2026 02:30:00 - 27/02/2026 02:45:00","BZN|NL","Without Sequence","53.31","",""
"27/02/2026 02:45:00 - 27/02/2026 03:00:00","BZN|NL","Without Sequence","56.54","",""
"27/02/2026 03:00:00 - 27/02/2026 03:15:00","BZN|NL","Without Sequence","54.99","",""
"27/02/2026 03:15:00 - 27/02/2026 03:30:00","BZN|NL","Without Sequence","60.04","",""
"27/02/2026 03:30:00 - 27/02/2026 03:45:00","BZN|NL","Without Sequence","63.92","",""
"27/02/2026 03:45:00 - 27/02/2026 04:00:00","BZN|NL","Without Sequence","68.23","",""
"27/02/2026 04:00:00 - 27/02/2026 04:15:00","BZN|NL","Without Sequence","59.80","",""
"27/02/2026 04:15:00 - 27/02/2026 04:30:00","BZN|NL","Without Sequence","61.29","",""
"27/02/2026 04:30:00 - 27/02/2026 04:45:00","BZN|NL","Without Sequence","70.09","",""
"27/02/2026 04:45:00 - 27/02/2026 05:00:00","BZN|NL","Without Sequence","72.77","",""
"27/02/2026 05:00:00 - 27/02/2026 05:15:00","BZN|NL","Without Sequence","57.16","",""
"27/02/2026 05:15:00 - 27/02/2026 05:30:00","BZN|NL","Without Sequence","71.46","",""
"27/02/2026 05:30:00 - 27/02/2026 05:45:00","BZN|NL","Without Sequence","76.73","",""
"27/02/2026 05:45:00 - 27/02/2026 06:00:00","BZN|NL","Without Sequence","81.51","",""
"27/02/2026 06:00:00 - 27/02/2026 06:15:00","BZN|NL","Without Sequence","82.08","",""
"27/02/2026 06:15:00 - 27/02/2026 06:30:00","BZN|NL","Without Sequence","86.48","",""
"27/02/2026 06:30:00 - 27/02/2026 06:45:00","BZN|NL","Without Sequence","87.80","",""
"27/02/2026 06:45:00 - 27/02/2026 07:00:00","BZN|NL","Without Sequence","88.05","",""
"27/02/2026 07:00:00 - 27/02/2026 07:15:00","BZN|NL","Without Sequence","92.08","",""
"27/02/2026 07:15:00 - 27/02/2026 07:30:00","BZN|NL","Without Sequence","84.78","",""
"27/02/2026 07:30:00 - 27/02/2026 07:45:00","BZN|NL","Without Sequence","78.52","",""
"27/02/2026 07:45:00 - 27/02/2026 08:00:00","BZN|NL","Without Sequence","61.94","",""
"27/02/2026 08:00:00 - 27/02/2026 08:15:00","BZN|NL","Without Sequence","91.43","",""
"27/02/2026 08:15:00 - 27/02/2026 08:30:00","BZN|NL","Without Sequence","74.54","",""
"27/02/2026 08:30:00 - 27/02/2026 08:45:00","BZN|NL","Without Sequence","59.30","",""
"27/02/2026 08:45:00 - 27/02/2026 09:00:00","BZN|NL","Without Sequence","50.93","",""
"27/02/2026 09:00:00 - 27/02/2026 09:15:00","BZN|NL","Without Sequence","74.28","",""
"27/02/2026 09:15:00 - 27/02/2026 09:30:00","BZN|NL","Without Sequence","66.40","",""
"27/02/2026 09:30:00 - 27/02/2026 09:45:00","BZN|NL","Without Sequence","48.44","",""
"27/02/2026 09:45:00 - 27/02/2026 10:00:00","BZN|NL","Without Sequence","21.48","",""
"27/02/2026 10:00:00 - 27/02/2026 10:15:00","BZN|NL","Without Sequence","50.20","",""
"27/02/2026 10:15:00 - 27/02/2026 10:30:00","BZN|NL","Without Sequence","28.90","",""
"27/02/2026 10:30:00 - 27/02/2026 10:45:00","BZN|NL","Without Sequence","20.87","",""
"27/02/2026 10:45:00 - 27/02/2026 11:00:00","BZN|NL","Without Sequence","13.89","",""
"27/02/2026 11:00:00 - 27/02/2026 11:15:00","BZN|NL","Without Sequence","22.13","",""
"27/02/2026 11:15:00 - 27/02/2026 11:30:00","BZN|NL","Without Sequence","21.50","",""
"27/02/2026 11:30:00 - 27/02/2026 11:45:00","BZN|NL","Without Sequence","27.90","",""
"27/02/2026 11:45:00 - 27/02/2026 12:00:00","BZN|NL","Without Sequence","39.99","",""
"27/02/2026 12:00:00 - 27/02/2026 12:15:00","BZN|NL","Without Sequence","21.07","",""
"27/02/2026 12:15:00 - 27/02/2026 12:30:00","BZN|NL","Without Sequence","45.10","",""
"27/02/2026 12:30:00 - 27/02/2026 12:45:00","BZN|NL","Without Sequence","66.63","",""
"27/02/2026 12:45:00 - 27/02/2026 13:00:00","BZN|NL","Without Sequence","74.84","",""
"27/02/2026 13:00:00 - 27/02/2026 13:15:00","BZN|NL","Without Sequence","56.10","",""
"27/02/2026 13:15:00 - 27/02/2026 13:30:00","BZN|NL","Without Sequence","70.17","",""
"27/02/2026 13:30:00 - 27/02/2026 13:45:00","BZN|NL","Without Sequence","75.84","",""
"27/02/2026 13:45:00 - 27/02/2026 14:00:00","BZN|NL","Without Sequence","77.89","",""
"27/02/2026 14:00:00 - 27/02/2026 14:15:00","BZN|NL","Without Sequence","66.08","",""
"27/02/2026 14:15:00 - 27/02/2026 14:30:00","BZN|NL","Without Sequence","80.19","",""
"27/02/2026 14:30:00 - 27/02/2026 14:45:00","BZN|NL","Without Sequence","96.48","",""
"27/02/2026 14:45:00 - 27/02/2026 15:00:00","BZN|NL","Without Sequence","110.00","",""
"27/02/2026 15:00:00 - 27/02/2026 15:15:00","BZN|NL","Without Sequence","60.78","",""
"27/02/2026 15:15:00 - 27/02/2026 15:30:00","BZN|NL","Without Sequence","86.94","",""
"27/02/2026 15:30:00 - 27/02/2026 15:45:00","BZN|NL","Without Sequence","100.76","",""
"27/02/2026 15:45:00 - 27/02/2026 16:00:00","BZN|NL","Without Sequence","112.69","",""
"27/02/2026 16:00:00 - 27/02/2026 16:15:00","BZN|NL","Without Sequence","84.26","",""
"27/02/2026 16:15:00 - 27/02/2026 16:30:00","BZN|NL","Without Sequence","94.29","",""
"27/02/2026 16:30:00 - 27/02/2026 16:45:00","BZN|NL","Without Sequence","105.75","",""
"27/02/2026 16:45:00 - 27/02/2026 17:00:00","BZN|NL","Without Sequence","114.37","",""
"27/02/2026 17:00:00 - 27/02/2026 17:15:00","BZN|NL","Without Sequence","106.73","",""
"27/02/2026 17:15:00 - 27/02/2026 17:30:00","BZN|NL","Without Sequence","105.44","",""
"27/02/2026 17:30:00 - 27/02/2026 17:45:00","BZN|NL","Without Sequence","104.25","",""
"27/02/2026 17:45:00 - 27/02/2026 18:00:00","BZN|NL","Without Sequence","103.14","",""
"27/02/2026 18:00:00 - 27/02/2026 18:15:00","BZN|NL","Without Sequence","106.94","",""
"27/02/2026 18:15:00 - 27/02/2026 18:30:00","BZN|NL","Without Sequence","104.19","",""
"27/02/2026 18:30:00 - 27/02/2026 18:45:00","BZN|NL","Without Sequence","98.49","",""
"27/02/2026 18:45:00 - 27/02/2026 19:00:00","BZN|NL","Without Sequence","94.86","",""
"27/02/2026 19:00:00 - 27/02/2026 19:15:00","BZN|NL","Without Sequence","95.15","",""
"27/02/2026 19:15:00 - 27/02/2026 19:30:00","BZN|NL","Without Sequence","90.14","",""
"27/02/2026 19:30:00 - 27/02/2026 19:45:00","BZN|NL","Without Sequence","92.64","",""
"27/02/2026 19:45:00 - 27/02/2026 20:00:00","BZN|NL","Without Sequence","90.10","",""
"27/02/2026 20:00:00 - 27/02/2026 20:15:00","BZN|NL","Without Sequence","91.42","",""
"27/02/2026 20:15:00 - 27/02/2026 20:30:00","BZN|NL","Without Sequence","86.81","",""
"27/02/2026 20:30:00 - 27/02/2026 20:45:00","BZN|NL","Without Sequence","81.90","",""
"27/02/2026 20:45:00 - 27/02/2026 21:00:00","BZN|NL","Without Sequence","80.35","",""
"27/02/2026 21:00:00 - 27/02/2026 21:15:00","BZN|NL","Without Sequence","89.81","",""
"27/02/2026 21:15:00 - 27/02/2026 21:30:00","BZN|NL","Without Sequence","86.16","",""
"27/02/2026 21:30:00 - 27/02/2026 21:45:00","BZN|NL","Without Sequence","83.35","",""
"27/02/2026 21:45:00 - 27/02/2026 22:00:00","BZN|NL","Without Sequence","80.88","",""
"27/02/2026 22:00:00 - 27/02/2026 22:15:00","BZN|NL","Without Sequence","83.36","",""
"27/02/2026 22:15:00 - 27/02/2026 22:30:00","BZN|NL","Without Sequence","82.21","",""
"27/02/2026 22:30:00 - 27/02/2026 22:45:00","BZN|NL","Without Sequence","78.72","",""
"27/02/2026 22:45:00 - 27/02/2026 23:00:00","BZN|NL","Without Sequence","75.72","",""
"27/02/2026 23:00:00 - 27/02/2026 23:15:00","BZN|NL","Without Sequence","82.58","",""
"27/02/2026 23:15:00 - 27/02/2026 23:30:00","BZN|NL","Without Sequence","80.70","",""
"27/02/2026 23:30:00 - 27/02/2026 23:45:00","BZN|NL","Without Sequence","79.45","",""
"27/02/2026 23:45:00 - 28/02/2026 00:00:00","BZN|NL","Without Sequence","77.35","",""
"28/02/2026 00:00:00 - 28/02/2026 00:15:00","BZN|NL","Without Sequence","78.61","",""
"28/02/2026 00:15:00 - 28/02/2026 00:30:00","BZN|NL","Without Sequence","77.89","",""
"28/02/2026 00:30:00 - 28/02/2026 00:45:00","BZN|NL","Without Sequence","74.27","",""
"28/02/2026 00:45:00 - 28/02/2026 01:00:00","BZN|NL","Without Sequence","63.60","",""
"28/02/2026 01:00:00 - 28/02/2026 01:15:00","BZN|NL","Without Sequence","70.16","",""
"28/02/2026 01:15:00 - 28/02/2026 01:30:00","BZN|NL","Without Sequence","65.92","",""
"28/02/2026 01:30:00 - 28/02/2026 01:45:00","BZN|NL","Without Sequence","64.13","",""
"28/02/2026 01:45:00 - 28/02/2026 02:00:00","BZN|NL","Without Sequence","63.18","",""
"28/02/2026 02:00:00 - 28/02/2026 02:15:00","BZN|NL","Without Sequence","65.00","",""
"28/02/2026 02:15:00 - 28/02/2026 02:30:00","BZN|NL","Without Sequence","63.78","",""
"28/02/2026 02:30:00 - 28/02/2026 02:45:00","BZN|NL","Without Sequence","63.04","",""
"28/02/2026 02:45:00 - 28/02/2026 03:00:00","BZN|NL","Without Sequence","59.02","",""
"28/02/2026 03:00:00 - 28/02/2026 03:15:00","BZN|NL","Without Sequence","63.23","",""
"28/02/2026 03:15:00 - 28/02/2026 03:30:00","BZN|NL","Without Sequence","63.23","",""
"28/02/2026 03:30:00 - 28/02/2026 03:45:00","BZN|NL","Without Sequence","62.47","",""
"28/02/2026 03:45:00 - 28/02/2026 04:00:00","BZN|NL","Without Sequence","62.55","",""
"28/02/2026 04:00:00 - 28/02/2026 04:15:00","BZN|NL","Without Sequence","62.81","",""
"28/02/2026 04:15:00 - 28/02/2026 04:30:00","BZN|NL","Without Sequence","62.51","",""
"28/02/2026 04:30:00 - 28/02/2026 04:45:00","BZN|NL","Without Sequence","63.22","",""
"28/02/2026 04:45:00 - 28/02/2026 05:00:00","BZN|NL","Without Sequence","67.66","",""
"28/02/2026 05:00:00 - 28/02/2026 05:15:00","BZN|NL","Without Sequence","64.49","",""
"28/02/2026 05:15:00 - 28/02/2026 05:30:00","BZN|NL","Without Sequence","71.45","",""
"28/02/2026 05:30:00 - 28/02/2026 05:45:00","BZN|NL","Without Sequence","74.06","",""
"28/02/2026 05:45:00 - 28/02/2026 06:00:00","BZN|NL","Without Sequence","75.52","",""
"28/02/2026 06:00:00 - 28/02/2026 06:15:00","BZN|NL","Without Sequence","71.91","",""
"28/02/2026 06:15:00 - 28/02/2026 06:30:00","BZN|NL","Without Sequence","72.23","",""
"28/02/2026 06:30:00 - 28/02/2026 06:45:00","BZN|NL","Without Sequence","71.81","",""
"28/02/2026 06:45:00 - 28/02/2026 07:00:00","BZN|NL","Without Sequence","62.02","",""
"28/02/2026 07:00:00 - 28/02/2026 07:15:00","BZN|NL","Without Sequence","72.14","",""
"28/02/2026 07:15:00 - 28/02/2026 07:30:00","BZN|NL","Without Sequence","58.90","",""
"28/02/2026 07:30:00 - 28/02/2026 07:45:00","BZN|NL","Without Sequence","42.08","",""
"28/02/2026 07:45:00 - 28/02/2026 08:00:00","BZN|NL","Without Sequence","25.38","",""
"28/02/2026 08:00:00 - 28/02/2026 08:15:00","BZN|NL","Without Sequence","70.21","",""
"28/02/2026 08:15:00 - 28/02/2026 08:30:00","BZN|NL","Without Sequence","29.25","",""
"28/02/2026 08:30:00 - 28/02/2026 08:45:00","BZN|NL","Without Sequence","8.51","",""
"28/02/2026 08:45:00 - 28/02/2026 09:00:00","BZN|NL","Without Sequence","0.02","",""
"28/02/2026 09:00:00 - 28/02/2026 09:15:00","BZN|NL","Without Sequence","4.04","",""
"28/02/2026 09:15:00 - 28/02/2026 09:30:00","BZN|NL","Without Sequence","0.00","",""
"28/02/2026 09:30:00 - 28/02/2026 09:45:00","BZN|NL","Without Sequence","0.00","",""
"28/02/2026 09:45:00 - 28/02/2026 10:00:00","BZN|NL","Without Sequence","-0.04","",""
"28/02/2026 10:00:00 - 28/02/2026 10:15:00","BZN|NL","Without Sequence","0.00","",""
"28/02/2026 10:15:00 - 28/02/2026 10:30:00","BZN|NL","Without Sequence","0.00","",""
"28/02/2026 10:30:00 - 28/02/2026 10:45:00","BZN|NL","Without Sequence","0.00","",""
"28/02/2026 10:45:00 - 28/02/2026 11:00:00","BZN|NL","Without Sequence","0.00","",""
"28/02/2026 11:00:00 - 28/02/2026 11:15:00","BZN|NL","Without Sequence","0.01","",""
"28/02/2026 11:15:00 - 28/02/2026 11:30:00","BZN|NL","Without Sequence","0.11","",""
"28/02/2026 11:30:00 - 28/02/2026 11:45:00","BZN|NL","Without Sequence","0.71","",""
"28/02/2026 11:45:00 - 28/02/2026 12:00:00","BZN|NL","Without Sequence","1.70","",""
"28/02/2026 12:00:00 - 28/02/2026 12:15:00","BZN|NL","Without Sequence","0.65","",""
"28/02/2026 12:15:00 - 28/02/2026 12:30:00","BZN|NL","Without Sequence","1.23","",""
"28/02/2026 12:30:00 - 28/02/2026 12:45:00","BZN|NL","Without Sequence","0.20","",""
"28/02/2026 12:45:00 - 28/02/2026 13:00:00","BZN|NL","Without Sequence","0.09","",""
"28/02/2026 13:00:00 - 28/02/2026 13:15:00","BZN|NL","Without Sequence","0.00","",""
"28/02/2026 13:15:00 - 28/02/2026 13:30:00","BZN|NL","Without Sequence","-0.01","",""
"28/02/2026 13:30:00 - 28/02/2026 13:45:00","BZN|NL","Without Sequence","0.00","",""
"28/02/2026 13:45:00 - 28/02/2026 14:00:00","BZN|NL","Without Sequence","0.03","",""
"28/02/2026 14:00:00 - 28/02/2026 14:15:00","BZN|NL","Without Sequence","0.00","",""
"28/02/2026 14:15:00 - 28/02/2026 14:30:00","BZN|NL","Without Sequence","0.07","",""
"28/02/2026 14:30:00 - 28/02/2026 14:45:00","BZN|NL","Without Sequence","9.99","",""
"28/02/2026 14:45:00 - 28/02/2026 15:00:00","BZN|NL","Without Sequence","42.97","",""
"28/02/2026 15:00:00 - 28/02/2026 15:15:00","BZN|NL","Without Sequence","29.80","",""
"28/02/2026 15:15:00 - 28/02/2026 15:30:00","BZN|NL","Without Sequence","51.32","",""
"28/02/2026 15:30:00 - 28/02/2026 15:45:00","BZN|NL","Without Sequence","80.22","",""
"28/02/2026 15:45:00 - 28/02/2026 16:00:00","BZN|NL","Without Sequence","89.89","",""
"28/02/2026 16:00:00 - 28/02/2026 16:15:00","BZN|NL","Without Sequence","75.05","",""
"28/02/2026 16:15:00 - 28/02/2026 16:30:00","BZN|NL","Without Sequence","83.10","",""
"28/02/2026 16:30:00 - 28/02/2026 16:45:00","BZN|NL","Without Sequence","96.59","",""
"28/02/2026 16:45:00 - 28/02/2026 17:00:00","BZN|NL","Without Sequence","105.14","",""
"28/02/2026 17:00:00 - 28/02/2026 17:15:00","BZN|NL","Without Sequence","97.21","",""
"28/02/2026 17:15:00 - 28/02/2026 17:30:00","BZN|NL","Without Sequence","98.18","",""
"28/02/2026 17:30:00 - 28/02/2026 17:45:00","BZN|NL","Without Sequence","101.58","",""
"28/02/2026 17:45:00 - 28/02/2026 18:00:00","BZN|NL","Without Sequence","110.01","",""
"28/02/2026 18:00:00 - 28/02/2026 18:15:00","BZN|NL","Without Sequence","109.91","",""
"28/02/2026 18:15:00 - 28/02/2026 18:30:00","BZN|NL","Without Sequence","103.64","",""
"28/02/2026 18:30:00 - 28/02/2026 18:45:00","BZN|NL","Without Sequence","103.44","",""
"28/02/2026 18:45:00 - 28/02/2026 19:00:00","BZN|NL","Without Sequence","108.00","",""
"28/02/2026 19:00:00 - 28/02/2026 19:15:00","BZN|NL","Without Sequence","91.50","",""
"28/02/2026 19:15:00 - 28/02/2026 19:30:00","BZN|NL","Without Sequence","89.78","",""
"28/02/2026 19:30:00 - 28/02/2026 19:45:00","BZN|NL","Without Sequence","88.98","",""
"28/02/2026 19:45:00 - 28/02/2026 20:00:00","BZN|NL","Without Sequence","99.99","",""
"28/02/2026 20:00:00 - 28/02/2026 20:15:00","BZN|NL","Without Sequence","87.06","",""
"28/02/2026 20:15:00 - 28/02/2026 20:30:00","BZN|NL","Without Sequence","103.45","",""
"28/02/2026 20:30:00 - 28/02/2026 20:45:00","BZN|NL","Without Sequence","99.48","",""
"28/02/2026 20:45:00 - 28/02/2026 21:00:00","BZN|NL","Without Sequence","100.10","",""
"28/02/2026 21:00:00 - 28/02/2026 21:15:00","BZN|NL","Without Sequence","104.20","",""
"28/02/2026 21:15:00 - 28/02/2026 21:30:00","BZN|NL","Without Sequence","103.95","",""
"28/02/2026 21:30:00 - 28/02/2026 21:45:00","BZN|NL","Without Sequence","97.42","",""
"28/02/2026 21:45:00 - 28/02/2026 22:00:00","BZN|NL","Without Sequence","100.03","",""
"28/02/2026 22:00:00 - 28/02/2026 22:15:00","BZN|NL","Without Sequence","115.01","",""
"28/02/2026 22:15:00 - 28/02/2026 22:30:00","BZN|NL","Without Sequence","116.00","",""
"28/02/2026 22:30:00 - 28/02/2026 22:45:00","BZN|NL","Without Sequence","83.25","",""
"28/02/2026 22:45:00 - 28/02/2026 23:00:00","BZN|NL","Without Sequence","79.97","",""
"28/02/2026 23:00:00 - 28/02/2026 23:15:00","BZN|NL","Without Sequence","120.28","",""
"28/02/2026 23:15:00 - 28/02/2026 23:30:00","BZN|NL","Without Sequence","122.16","",""
"28/02/2026 23:30:00 - 28/02/2026 23:45:00","BZN|NL","Without Sequence","122.06","",""
"28/02/2026 23:45:00 - 01/03/2026 00:00:00","BZN|NL","Without Sequence","91.49","",""
"01/03/2026 00:00:00 - 01/03/2026 00:15:00","BZN|NL","Without Sequence","150.06","",""
"01/03/2026 00:15:00 - 01/03/2026 00:30:00","BZN|NL","Without Sequence","110.55","",""
"01/03/2026 00:30:00 - 01/03/2026 00:45:00","BZN|NL","Without Sequence","91.48","",""
"01/03/2026 00:45:00 - 01/03/2026 01:00:00","BZN|NL","Without Sequence","80.10","",""
"01/03/2026 01:00:00 - 01/03/2026 01:15:00","BZN|NL","Without Sequence","122.17","",""
"01/03/2026 01:15:00 - 01/03/2026 01:30:00","BZN|NL","Without Sequence","98.83","",""
"01/03/2026 01:30:00 - 01/03/2026 01:45:00","BZN|NL","Without Sequence","87.53","",""
"01/03/2026 01:45:00 - 01/03/2026 02:00:00","BZN|NL","Without Sequence","91.48","",""
"01/03/2026 02:00:00 - 01/03/2026 02:15:00","BZN|NL","Without Sequence","84.93","",""
"01/03/2026 02:15:00 - 01/03/2026 02:30:00","BZN|NL","Without Sequence","87.20","",""
"01/03/2026 02:30:00 - 01/03/2026 02:45:00","BZN|NL","Without Sequence","86.32","",""
"01/03/2026 02:45:00 - 01/03/2026 03:00:00","BZN|NL","Without Sequence","93.83","",""
"01/03/2026 03:00:00 - 01/03/2026 03:15:00","BZN|NL","Without Sequence","74.91","",""
"01/03/2026 03:15:00 - 01/03/2026 03:30:00","BZN|NL","Without Sequence","78.59","",""
"01/03/2026 03:30:00 - 01/03/2026 03:45:00","BZN|NL","Without Sequence","89.53","",""
"01/03/2026 03:45:00 - 01/03/2026 04:00:00","BZN|NL","Without Sequence","81.03","",""
"01/03/2026 04:00:00 - 01/03/2026 04:15:00","BZN|NL","Without Sequence","69.05","",""
"01/03/2026 04:15:00 - 01/03/2026 04:30:00","BZN|NL","Without Sequence","68.46","",""
"01/03/2026 04:30:00 - 01/03/2026 04:45:00","BZN|NL","Without Sequence","68.78","",""
"01/03/2026 04:45:00 - 01/03/2026 05:00:00","BZN|NL","Without Sequence","68.52","",""
"01/03/2026 05:00:00 - 01/03/2026 05:15:00","BZN|NL","Without Sequence","66.61","",""
"01/03/2026 05:15:00 - 01/03/2026 05:30:00","BZN|NL","Without Sequence","66.75","",""
"01/03/2026 05:30:00 - 01/03/2026 05:45:00","BZN|NL","Without Sequence","68.75","",""
"01/03/2026 05:45:00 - 01/03/2026 06:00:00","BZN|NL","Without Sequence","68.57","",""
"01/03/2026 06:00:00 - 01/03/2026 06:15:00","BZN|NL","Without Sequence","68.47","",""
"01/03/2026 06:15:00 - 01/03/2026 06:30:00","BZN|NL","Without Sequence","68.79","",""
"01/03/2026 06:30:00 - 01/03/2026 06:45:00","BZN|NL","Without Sequence","67.35","",""
"01/03/2026 06:45:00 - 01/03/2026 07:00:00","BZN|NL","Without Sequence","55.38","",""
"01/03/2026 07:00:00 - 01/03/2026 07:15:00","BZN|NL","Without Sequence","66.89","",""
"01/03/2026 07:15:00 - 01/03/2026 07:30:00","BZN|NL","Without Sequence","56.24","",""
"01/03/2026 07:30:00 - 01/03/2026 07:45:00","BZN|NL","Without Sequence","42.97","",""
"01/03/2026 07:45:00 - 01/03/2026 08:00:00","BZN|NL","Without Sequence","36.47","",""
"01/03/2026 08:00:00 - 01/03/2026 08:15:00","BZN|NL","Without Sequence","41.74","",""
"01/03/2026 08:15:00 - 01/03/2026 08:30:00","BZN|NL","Without Sequence","21.06","",""
"01/03/2026 08:30:00 - 01/03/2026 08:45:00","BZN|NL","Without Sequence","8.48","",""
"01/03/2026 08:45:00 - 01/03/2026 09:00:00","BZN|NL","Without Sequence","0.09","",""
"01/03/2026 09:00:00 - 01/03/2026 09:15:00","BZN|NL","Without Sequence","0.87","",""
"01/03/2026 09:15:00 - 01/03/2026 09:30:00","BZN|NL","Without Sequence","0.00","",""
"01/03/2026 09:30:00 - 01/03/2026 09:45:00","BZN|NL","Without Sequence","-0.06","",""
"01/03/2026 09:45:00 - 01/03/2026 10:00:00","BZN|NL","Without Sequence","-0.81","",""
"01/03/2026 10:00:00 - 01/03/2026 10:15:00","BZN|NL","Without Sequence","0.01","",""
"01/03/2026 10:15:00 - 01/03/2026 10:30:00","BZN|NL","Without Sequence","0.00","",""
"01/03/2026 10:30:00 - 01/03/2026 10:45:00","BZN|NL","Without Sequence","-0.01","",""
"01/03/2026 10:45:00 - 01/03/2026 11:00:00","BZN|NL","Without Sequence","-0.10","",""
"01/03/2026 11:00:00 - 01/03/2026 11:15:00","BZN|NL","Without Sequence","-0.10","",""
"01/03/2026 11:15:00 - 01/03/2026 11:30:00","BZN|NL","Without Sequence","-0.11","",""
"01/03/2026 11:30:00 - 01/03/2026 11:45:00","BZN|NL","Without Sequence","-0.25","",""
"01/03/2026 11:45:00 - 01/03/2026 12:00:00","BZN|NL","Without Sequence","-1.00","",""
"01/03/2026 12:00:00 - 01/03/2026 12:15:00","BZN|NL","Without Sequence","-1.01","",""
"01/03/2026 12:15:00 - 01/03/2026 12:30:00","BZN|NL","Without Sequence","-1.03","",""
"01/03/2026 12:30:00 - 01/03/2026 12:45:00","BZN|NL","Without Sequence","-1.00","",""
"01/03/2026 12:45:00 - 01/03/2026 13:00:00","BZN|NL","Without Sequence","-0.11","",""
"01/03/2026 13:00:00 - 01/03/2026 13:15:00","BZN|NL","Without Sequence","-1.00","",""
"01/03/2026 13:15:00 - 01/03/2026 13:30:00","BZN|NL","Without Sequence","-0.06","",""
"01/03/2026 13:30:00 - 01/03/2026 13:45:00","BZN|NL","Without Sequence","0.00","",""
"01/03/2026 13:45:00 - 01/03/2026 14:00:00","BZN|NL","Without Sequence","1.04","",""
"01/03/2026 14:00:00 - 01/03/2026 14:15:00","BZN|NL","Without Sequence","-0.01","",""
"01/03/2026 14:15:00 - 01/03/2026 14:30:00","BZN|NL","Without Sequence","0.10","",""
"01/03/2026 14:30:00 - 01/03/2026 14:45:00","BZN|NL","Without Sequence","29.14","",""
"01/03/2026 14:45:00 - 01/03/2026 15:00:00","BZN|NL","Without Sequence","60.86","",""
"01/03/2026 15:00:00 - 01/03/2026 15:15:00","BZN|NL","Without Sequence","32.60","",""
"01/03/2026 15:15:00 - 01/03/2026 15:30:00","BZN|NL","Without Sequence","55.24","",""
"01/03/2026 15:30:00 - 01/03/2026 15:45:00","BZN|NL","Without Sequence","82.96","",""
"01/03/2026 15:45:00 - 01/03/2026 16:00:00","BZN|NL","Without Sequence","103.60","",""
"01/03/2026 16:00:00 - 01/03/2026 16:15:00","BZN|NL","Without Sequence","81.67","",""
"01/03/2026 16:15:00 - 01/03/2026 16:30:00","BZN|NL","Without Sequence","99.34","",""
"01/03/2026 16:30:00 - 01/03/2026 16:45:00","BZN|NL","Without Sequence","110.00","",""
"01/03/2026 16:45:00 - 01/03/2026 17:00:00","BZN|NL","Without Sequence","113.00","",""
"01/03/2026 17:00:00 - 01/03/2026 17:15:00","BZN|NL","Without Sequence","97.60","",""
"01/03/2026 17:15:00 - 01/03/2026 17:30:00","BZN|NL","Without Sequence","97.86","",""
"01/03/2026 17:30:00 - 01/03/2026 17:45:00","BZN|NL","Without Sequence","103.61","",""
"01/03/2026 17:45:00 - 01/03/2026 18:00:00","BZN|NL","Without Sequence","104.46","",""
"01/03/2026 18:00:00 - 01/03/2026 18:15:00","BZN|NL","Without Sequence","99.04","",""
"01/03/2026 18:15:00 - 01/03/2026 18:30:00","BZN|NL","Without Sequence","98.46","",""
"01/03/2026 18:30:00 - 01/03/2026 18:45:00","BZN|NL","Without Sequence","95.20","",""
"01/03/2026 18:45:00 - 01/03/2026 19:00:00","BZN|NL","Without Sequence","97.05","",""
"01/03/2026 19:00:00 - 01/03/2026 19:15:00","BZN|NL","Without Sequence","94.51","",""
"01/03/2026 19:15:00 - 01/03/2026 19:30:00","BZN|NL","Without Sequence","94.20","",""
"01/03/2026 19:30:00 - 01/03/2026 19:45:00","BZN|NL","Without Sequence","89.01","",""
"01/03/2026 19:45:00 - 01/03/2026 20:00:00","BZN|NL","Without Sequence","82.93","",""
"01/03/2026 20:00:00 - 01/03/2026 20:15:00","BZN|NL","Without Sequence","86.77","",""
"01/03/2026 20:15:00 - 01/03/2026 20:30:00","BZN|NL","Without Sequence","82.17","",""
"01/03/2026 20:30:00 - 01/03/2026 20:45:00","BZN|NL","Without Sequence","80.26","",""
"01/03/2026 20:45:00 - 01/03/2026 21:00:00","BZN|NL","Without Sequence","76.06","",""
"01/03/2026 21:00:00 - 01/03/2026 21:15:00","BZN|NL","Without Sequence","81.00","",""
"01/03/2026 21:15:00 - 01/03/2026 21:30:00","BZN|NL","Without Sequence","77.70","",""
"01/03/2026 21:30:00 - 01/03/2026 21:45:00","BZN|NL","Without Sequence","73.52","",""
"01/03/2026 21:45:00 - 01/03/2026 22:00:00","BZN|NL","Without Sequence","66.09","",""
"01/03/2026 22:00:00 - 01/03/2026 22:15:00","BZN|NL","Without Sequence","70.10","",""
"01/03/2026 22:15:00 - 01/03/2026 22:30:00","BZN|NL","Without Sequence","65.79","",""
"01/03/2026 22:30:00 - 01/03/2026 22:45:00","BZN|NL","Without Sequence","63.09","",""
"01/03/2026 22:45:00 - 01/03/2026 23:00:00","BZN|NL","Without Sequence","53.02","",""
"01/03/2026 23:00:00 - 01/03/2026 23:15:00","BZN|NL","Without Sequence","63.24","",""
"01/03/2026 23:15:00 - 01/03/2026 23:30:00","BZN|NL","Without Sequence","60.14","",""
"01/03/2026 23:30:00 - 01/03/2026 23:45:00","BZN|NL","Without Sequence","59.46","",""
"01/03/2026 23:45:00 - 02/03/2026 00:00:00","BZN|NL","Without Sequence","57.15","",""
"02/03/2026 00:00:00 - 02/03/2026 00:15:00","BZN|NL","Without Sequence","59.13","",""
"02/03/2026 00:15:00 - 02/03/2026 00:30:00","BZN|NL","Without Sequence","58.43","",""
"02/03/2026 00:30:00 - 02/03/2026 00:45:00","BZN|NL","Without Sequence","60.56","",""
"02/03/2026 00:45:00 - 02/03/2026 01:00:00","BZN|NL","Without Sequence","61.88","",""
"02/03/2026 01:00:00 - 02/03/2026 01:15:00","BZN|NL","Without Sequence","66.77","",""
"02/03/2026 01:15:00 - 02/03/2026 01:30:00","BZN|NL","Without Sequence","64.69","",""
"02/03/2026 01:30:00 - 02/03/2026 01:45:00","BZN|NL","Without Sequence","64.69","",""
"02/03/2026 01:45:00 - 02/03/2026 02:00:00","BZN|NL","Without Sequence","64.69","",""
"02/03/2026 02:00:00 - 02/03/2026 02:15:00","BZN|NL","Without Sequence","65.05","",""
"02/03/2026 02:15:00 - 02/03/2026 02:30:00","BZN|NL","Without Sequence","61.16","",""
"02/03/2026 02:30:00 - 02/03/2026 02:45:00","BZN|NL","Without Sequence","60.97","",""
"02/03/2026 02:45:00 - 02/03/2026 03:00:00","BZN|NL","Without Sequence","64.32","",""
"02/03/2026 03:00:00 - 02/03/2026 03:15:00","BZN|NL","Without Sequence","61.55","",""
"02/03/2026 03:15:00 - 02/03/2026 03:30:00","BZN|NL","Without Sequence","63.05","",""
"02/03/2026 03:30:00 - 02/03/2026 03:45:00","BZN|NL","Without Sequence","68.56","",""
"02/03/2026 03:45:00 - 02/03/2026 04:00:00","BZN|NL","Without Sequence","72.74","",""
"02/03/2026 04:00:00 - 02/03/2026 04:15:00","BZN|NL","Without Sequence","69.08","",""
"02/03/2026 04:15:00 - 02/03/2026 04:30:00","BZN|NL","Without Sequence","72.85","",""
"02/03/2026 04:30:00 - 02/03/2026 04:45:00","BZN|NL","Without Sequence","78.93","",""
"02/03/2026 04:45:00 - 02/03/2026 05:00:00","BZN|NL","Without Sequence","87.99","",""
"02/03/2026 05:00:00 - 02/03/2026 05:15:00","BZN|NL","Without Sequence","80.10","",""
"02/03/2026 05:15:00 - 02/03/2026 05:30:00","BZN|NL","Without Sequence","85.21","",""
"02/03/2026 05:30:00 - 02/03/2026 05:45:00","BZN|NL","Without Sequence","98.61","",""
"02/03/2026 05:45:00 - 02/03/2026 06:00:00","BZN|NL","Without Sequence","104.86","",""
"02/03/2026 06:00:00 - 02/03/2026 06:15:00","BZN|NL","Without Sequence","113.89","",""
"02/03/2026 06:15:00 - 02/03/2026 06:30:00","BZN|NL","Without Sequence","147.74","",""
"02/03/2026 06:30:00 - 02/03/2026 06:45:00","BZN|NL","Without Sequence","128.96","",""
"02/03/2026 06:45:00 - 02/03/2026 07:00:00","BZN|NL","Without Sequence","113.83","",""
"02/03/2026 07:00:00 - 02/03/2026 07:15:00","BZN|NL","Without Sequence","169.99","",""
"02/03/2026 07:15:00 - 02/03/2026 07:30:00","BZN|NL","Without Sequence","113.64","",""
"02/03/2026 07:30:00 - 02/03/2026 07:45:00","BZN|NL","Without Sequence","99.37","",""
"02/03/2026 07:45:00 - 02/03/2026 08:00:00","BZN|NL","Without Sequence","77.40","",""
"02/03/2026 08:00:00 - 02/03/2026 08:15:00","BZN|NL","Without Sequence","104.56","",""
"02/03/2026 08:15:00 - 02/03/2026 08:30:00","BZN|NL","Without Sequence","91.57","",""
"02/03/2026 08:30:00 - 02/03/2026 08:45:00","BZN|NL","Without Sequence","78.48","",""
"02/03/2026 08:45:00 - 02/03/2026 09:00:00","BZN|NL","Without Sequence","54.21","",""
"02/03/2026 09:00:00 - 02/03/2026 09:15:00","BZN|NL","Without Sequence","77.08","",""
"02/03/2026 09:15:00 - 02/03/2026 09:30:00","BZN|NL","Without Sequence","66.43","",""
"02/03/2026 09:30:00 - 02/03/2026 09:45:00","BZN|NL","Without Sequence","60.62","",""
"02/03/2026 09:45:00 - 02/03/2026 10:00:00","BZN|NL","Without Sequence","46.21","",""
"02/03/2026 10:00:00 - 02/03/2026 10:15:00","BZN|NL","Without Sequence","72.37","",""
"02/03/2026 10:15:00 - 02/03/2026 10:30:00","BZN|NL","Without Sequence","57.82","",""
"02/03/2026 10:30:00 - 02/03/2026 10:45:00","BZN|NL","Without Sequence","42.33","",""
"02/03/2026 10:45:00 - 02/03/2026 11:00:00","BZN|NL","Without Sequence","17.51","",""
"02/03/2026 11:00:00 - 02/03/2026 11:15:00","BZN|NL","Without Sequence","37.15","",""
"02/03/2026 11:15:00 - 02/03/2026 11:30:00","BZN|NL","Without Sequence","31.10","",""
"02/03/2026 11:30:00 - 02/03/2026 11:45:00","BZN|NL","Without Sequence","22.38","",""
"02/03/2026 11:45:00 - 02/03/2026 12:00:00","BZN|NL","Without Sequence","14.67","",""
"02/03/2026 12:00:00 - 02/03/2026 12:15:00","BZN|NL","Without Sequence","16.06","",""
"02/03/2026 12:15:00 - 02/03/2026 12:30:00","BZN|NL","Without Sequence","27.32","",""
"02/03/2026 12:30:00 - 02/03/2026 12:45:00","BZN|NL","Without Sequence","40.10","",""
"02/03/2026 12:45:00 - 02/03/2026 13:00:00","BZN|NL","Without Sequence","56.52","",""
"02/03/2026 13:00:00 - 02/03/2026 13:15:00","BZN|NL","Without Sequence","13.24","",""
"02/03/2026 13:15:00 - 02/03/2026 13:30:00","BZN|NL","Without Sequence","59.56","",""
"02/03/2026 13:30:00 - 02/03/2026 13:45:00","BZN|NL","Without Sequence","75.04","",""
"02/03/2026 13:45:00 - 02/03/2026 14:00:00","BZN|NL","Without Sequence","81.82","",""
"02/03/2026 14:00:00 - 02/03/2026 14:15:00","BZN|NL","Without Sequence","60.36","",""
"02/03/2026 14:15:00 - 02/03/2026 14:30:00","BZN|NL","Without Sequence","66.43","",""
"02/03/2026 14:30:00 - 02/03/2026 14:45:00","BZN|NL","Without Sequence","78.15","",""
"02/03/2026 14:45:00 - 02/03/2026 15:00:00","BZN|NL","Without Sequence","97.05","",""
"02/03/2026 15:00:00 - 02/03/2026 15:15:00","BZN|NL","Without Sequence","67.48","",""
"02/03/2026 15:15:00 - 02/03/2026 15:30:00","BZN|NL","Without Sequence","90.49","",""
"02/03/2026 15:30:00 - 02/03/2026 15:45:00","BZN|NL","Without Sequence","104.81","",""
"02/03/2026 15:45:00 - 02/03/2026 16:00:00","BZN|NL","Without Sequence","136.02","",""
"02/03/2026 16:00:00 - 02/03/2026 16:15:00","BZN|NL","Without Sequence","96.98","",""
"02/03/2026 16:15:00 - 02/03/2026 16:30:00","BZN|NL","Without Sequence","110.71","",""
"02/03/2026 16:30:00 - 02/03/2026 16:45:00","BZN|NL","Without Sequence","159.30","",""
"02/03/2026 16:45:00 - 02/03/2026 17:00:00","BZN|NL","Without Sequence","265.12","",""
"02/03/2026 17:00:00 - 02/03/2026 17:15:00","BZN|NL","Without Sequence","209.47","",""
"02/03/2026 17:15:00 - 02/03/2026 17:30:00","BZN|NL","Without Sequence","202.54","",""
"02/03/2026 17:30:00 - 02/03/2026 17:45:00","BZN|NL","Without Sequence","156.21","",""
"02/03/2026 17:45:00 - 02/03/2026 18:00:00","BZN|NL","Without Sequence","139.45","",""
"02/03/2026 18:00:00 - 02/03/2026 18:15:00","BZN|NL","Without Sequence","206.17","",""
"02/03/2026 18:15:00 - 02/03/2026 18:30:00","BZN|NL","Without Sequence","138.53","",""
"02/03/2026 18:30:00 - 02/03/2026 18:45:00","BZN|NL","Without Sequence","118.55","",""
"02/03/2026 18:45:00 - 02/03/2026 19:00:00","BZN|NL","Without Sequence","105.08","",""
"02/03/2026 19:00:00 - 02/03/2026 19:15:00","BZN|NL","Without Sequence","118.29","",""
"02/03/2026 19:15:00 - 02/03/2026 19:30:00","BZN|NL","Without Sequence","109.61","",""
"02/03/2026 19:30:00 - 02/03/2026 19:45:00","BZN|NL","Without Sequence","100.34","",""
"02/03/2026 19:45:00 - 02/03/2026 20:00:00","BZN|NL","Without Sequence","98.10","",""
"02/03/2026 20:00:00 - 02/03/2026 20:15:00","BZN|NL","Without Sequence","103.20","",""
"02/03/2026 20:15:00 - 02/03/2026 20:30:00","BZN|NL","Without Sequence","98.99","",""
"02/03/2026 20:30:00 - 02/03/2026 20:45:00","BZN|NL","Without Sequence","94.81","",""
"02/03/2026 20:45:00 - 02/03/2026 21:00:00","BZN|NL","Without Sequence","88.87","",""
"02/03/2026 21:00:00 - 02/03/2026 21:15:00","BZN|NL","Without Sequence","105.00","",""
"02/03/2026 21:15:00 - 02/03/2026 21:30:00","BZN|NL","Without Sequence","99.21","",""
"02/03/2026 21:30:00 - 02/03/2026 21:45:00","BZN|NL","Without Sequence","93.99","",""
"02/03/2026 21:45:00 - 02/03/2026 22:00:00","BZN|NL","Without Sequence","89.00","",""
"02/03/2026 22:00:00 - 02/03/2026 22:15:00","BZN|NL","Without Sequence","95.75","",""
"02/03/2026 22:15:00 - 02/03/2026 22:30:00","BZN|NL","Without Sequence","94.47","",""
"02/03/2026 22:30:00 - 02/03/2026 22:45:00","BZN|NL","Without Sequence","93.02","",""
"02/03/2026 22:45:00 - 02/03/2026 23:00:00","BZN|NL","Without Sequence","85.70","",""
"02/03/2026 23:00:00 - 02/03/2026 23:15:00","BZN|NL","Without Sequence","93.28","",""
"02/03/2026 23:15:00 - 02/03/2026 23:30:00","BZN|NL","Without Sequence","89.95","",""
"02/03/2026 23:30:00 - 02/03/2026 23:45:00","BZN|NL","Without Sequence","90.10","",""
"02/03/2026 23:45:00 - 03/03/2026 00:00:00","BZN|NL","Without Sequence","88.08","",""
"03/03/2026 00:00:00 - 03/03/2026 00:15:00","BZN|NL","Without Sequence","94.70","",""
"03/03/2026 00:15:00 - 03/03/2026 00:30:00","BZN|NL","Without Sequence","94.40","",""
"03/03/2026 00:30:00 - 03/03/2026 00:45:00","BZN|NL","Without Sequence","94.40","",""
"03/03/2026 00:45:00 - 03/03/2026 01:00:00","BZN|NL","Without Sequence","94.44","",""
"03/03/2026 01:00:00 - 03/03/2026 01:15:00","BZN|NL","Without Sequence","98.74","",""
"03/03/2026 01:15:00 - 03/03/2026 01:30:00","BZN|NL","Without Sequence","100.10","",""
"03/03/2026 01:30:00 - 03/03/2026 01:45:00","BZN|NL","Without Sequence","100.83","",""
"03/03/2026 01:45:00 - 03/03/2026 02:00:00","BZN|NL","Without Sequence","100.33","",""
"03/03/2026 02:00:00 - 03/03/2026 02:15:00","BZN|NL","Without Sequence","103.32","",""
"03/03/2026 02:15:00 - 03/03/2026 02:30:00","BZN|NL","Without Sequence","97.60","",""
"03/03/2026 02:30:00 - 03/03/2026 02:45:00","BZN|NL","Without Sequence","94.92","",""
"03/03/2026 02:45:00 - 03/03/2026 03:00:00","BZN|NL","Without Sequence","94.96","",""
"03/03/2026 03:00:00 - 03/03/2026 03:15:00","BZN|NL","Without Sequence","95.00","",""
"03/03/2026 03:15:00 - 03/03/2026 03:30:00","BZN|NL","Without Sequence","95.18","",""
"03/03/2026 03:30:00 - 03/03/2026 03:45:00","BZN|NL","Without Sequence","95.80","",""
"03/03/2026 03:45:00 - 03/03/2026 04:00:00","BZN|NL","Without Sequence","121.95","",""
"03/03/2026 04:00:00 - 03/03/2026 04:15:00","BZN|NL","Without Sequence","92.80","",""
"03/03/2026 04:15:00 - 03/03/2026 04:30:00","BZN|NL","Without Sequence","98.95","",""
"03/03/2026 04:30:00 - 03/03/2026 04:45:00","BZN|NL","Without Sequence","105.07","",""
"03/03/2026 04:45:00 - 03/03/2026 05:00:00","BZN|NL","Without Sequence","126.34","",""
"03/03/2026 05:00:00 - 03/03/2026 05:15:00","BZN|NL","Without Sequence","105.84","",""
"03/03/2026 05:15:00 - 03/03/2026 05:30:00","BZN|NL","Without Sequence","116.00","",""
"03/03/2026 05:30:00 - 03/03/2026 05:45:00","BZN|NL","Without Sequence","124.32","",""
"03/03/2026 05:45:00 - 03/03/2026 06:00:00","BZN|NL","Without Sequence","175.00","",""
"03/03/2026 06:00:00 - 03/03/2026 06:15:00","BZN|NL","Without Sequence","163.66","",""
"03/03/2026 06:15:00 - 03/03/2026 06:30:00","BZN|NL","Without Sequence","161.81","",""
"03/03/2026 06:30:00 - 03/03/2026 06:45:00","BZN|NL","Without Sequence","160.84","",""
"03/03/2026 06:45:00 - 03/03/2026 07:00:00","BZN|NL","Without Sequence","132.93","",""
"03/03/2026 07:00:00 - 03/03/2026 07:15:00","BZN|NL","Without Sequence","193.15","",""
"03/03/2026 07:15:00 - 03/03/2026 07:30:00","BZN|NL","Without Sequence","154.83","",""
"03/03/2026 07:30:00 - 03/03/2026 07:45:00","BZN|NL","Without Sequence","130.51","",""
"03/03/2026 07:45:00 - 03/03/2026 08:00:00","BZN|NL","Without Sequence","91.68","",""
"03/03/2026 08:00:00 - 03/03/2026 08:15:00","BZN|NL","Without Sequence","129.00","",""
"03/03/2026 08:15:00 - 03/03/2026 08:30:00","BZN|NL","Without Sequence","98.48","",""
"03/03/2026 08:30:00 - 03/03/2026 08:45:00","BZN|NL","Without Sequence","88.25","",""
"03/03/2026 08:45:00 - 03/03/2026 09:00:00","BZN|NL","Without Sequence","77.89","",""
"03/03/2026 09:00:00 - 03/03/2026 09:15:00","BZN|NL","Without Sequence","102.08","",""
"03/03/2026 09:15:00 - 03/03/2026 09:30:00","BZN|NL","Without Sequence","87.19","",""
"03/03/2026 09:30:00 - 03/03/2026 09:45:00","BZN|NL","Without Sequence","79.46","",""
"03/03/2026 09:45:00 - 03/03/2026 10:00:00","BZN|NL","Without Sequence","51.27","",""
"03/03/2026 10:00:00 - 03/03/2026 10:15:00","BZN|NL","Without Sequence","76.45","",""
"03/03/2026 10:15:00 - 03/03/2026 10:30:00","BZN|NL","Without Sequence","60.90","",""
"03/03/2026 10:30:00 - 03/03/2026 10:45:00","BZN|NL","Without Sequence","41.63","",""
"03/03/2026 10:45:00 - 03/03/2026 11:00:00","BZN|NL","Without Sequence","26.87","",""
"03/03/2026 11:00:00 - 03/03/2026 11:15:00","BZN|NL","Without Sequence","46.18","",""
"03/03/2026 11:15:00 - 03/03/2026 11:30:00","BZN|NL","Without Sequence","34.12","",""
"03/03/2026 11:30:00 - 03/03/2026 11:45:00","BZN|NL","Without Sequence","25.70","",""
"03/03/2026 11:45:00 - 03/03/2026 12:00:00","BZN|NL","Without Sequence","19.05","",""
"03/03/2026 12:00:00 - 03/03/2026 12:15:00","BZN|NL","Without Sequence","21.29","",""
"03/03/2026 12:15:00 - 03/03/2026 12:30:00","BZN|NL","Without Sequence","20.90","",""
"03/03/2026 12:30:00 - 03/03/2026 12:45:00","BZN|NL","Without Sequence","35.08","",""
"03/03/2026 12:45:00 - 03/03/2026 13:00:00","BZN|NL","Without Sequence","49.39","",""
"03/03/2026 13:00:00 - 03/03/2026 13:15:00","BZN|NL","Without Sequence","29.87","",""
"03/03/2026 13:15:00 - 03/03/2026 13:30:00","BZN|NL","Without Sequence","48.50","",""
"03/03/2026 13:30:00 - 03/03/2026 13:45:00","BZN|NL","Without Sequence","69.26","",""
"03/03/2026 13:45:00 - 03/03/2026 14:00:00","BZN|NL","Without Sequence","82.24","",""
"03/03/2026 14:00:00 - 03/03/2026 14:15:00","BZN|NL","Without Sequence","55.72","",""
"03/03/2026 14:15:00 - 03/03/2026 14:30:00","BZN|NL","Without Sequence","74.56","",""
"03/03/2026 14:30:00 - 03/03/2026 14:45:00","BZN|NL","Without Sequence","84.81","",""
"03/03/2026 14:45:00 - 03/03/2026 15:00:00","BZN|NL","Without Sequence","106.04","",""
"03/03/2026 15:00:00 - 03/03/2026 15:15:00","BZN|NL","Without Sequence","75.44","",""
"03/03/2026 15:15:00 - 03/03/2026 15:30:00","BZN|NL","Without Sequence","92.96","",""
"03/03/2026 15:30:00 - 03/03/2026 15:45:00","BZN|NL","Without Sequence","104.99","",""
"03/03/2026 15:45:00 - 03/03/2026 16:00:00","BZN|NL","Without Sequence","148.26","",""
"03/03/2026 16:00:00 - 03/03/2026 16:15:00","BZN|NL","Without Sequence","93.70","",""
"03/03/2026 16:15:00 - 03/03/2026 16:30:00","BZN|NL","Without Sequence","125.57","",""
"03/03/2026 16:30:00 - 03/03/2026 16:45:00","BZN|NL","Without Sequence","177.72","",""
"03/03/2026 16:45:00 - 03/03/2026 17:00:00","BZN|NL","Without Sequence","250.48","",""
"03/03/2026 17:00:00 - 03/03/2026 17:15:00","BZN|NL","Without Sequence","196.30","",""
"03/03/2026 17:15:00 - 03/03/2026 17:30:00","BZN|NL","Without Sequence","202.65","",""
"03/03/2026 17:30:00 - 03/03/2026 17:45:00","BZN|NL","Without Sequence","221.07","",""
"03/03/2026 17:45:00 - 03/03/2026 18:00:00","BZN|NL","Without Sequence","197.46","",""
"03/03/2026 18:00:00 - 03/03/2026 18:15:00","BZN|NL","Without Sequence","224.20","",""
"03/03/2026 18:15:00 - 03/03/2026 18:30:00","BZN|NL","Without Sequence","180.40","",""
"03/03/2026 18:30:00 - 03/03/2026 18:45:00","BZN|NL","Without Sequence","157.91","",""
"03/03/2026 18:45:00 - 03/03/2026 19:00:00","BZN|NL","Without Sequence","123.26","",""
"03/03/2026 19:00:00 - 03/03/2026 19:15:00","BZN|NL","Without Sequence","145.67","",""
"03/03/2026 19:15:00 - 03/03/2026 19:30:00","BZN|NL","Without Sequence","132.84","",""
"03/03/2026 19:30:00 - 03/03/2026 19:45:00","BZN|NL","Without Sequence","117.73","",""
"03/03/2026 19:45:00 - 03/03/2026 20:00:00","BZN|NL","Without Sequence","108.74","",""
"03/03/2026 20:00:00 - 03/03/2026 20:15:00","BZN|NL","Without Sequence","117.24","",""
"03/03/2026 20:15:00 - 03/03/2026 20:30:00","BZN|NL","Without Sequence","112.04","",""
"03/03/2026 20:30:00 - 03/03/2026 20:45:00","BZN|NL","Without Sequence","108.23","",""
"03/03/2026 20:45:00 - 03/03/2026 21:00:00","BZN|NL","Without Sequence","95.30","",""
"03/03/2026 21:00:00 - 03/03/2026 21:15:00","BZN|NL","Without Sequence","113.38","",""
"03/03/2026 21:15:00 - 03/03/2026 21:30:00","BZN|NL","Without Sequence","102.95","",""
"03/03/2026 21:30:00 - 03/03/2026 21:45:00","BZN|NL","Without Sequence","102.05","",""
"03/03/2026 21:45:00 - 03/03/2026 22:00:00","BZN|NL","Without Sequence","93.10","",""
"03/03/2026 22:00:00 - 03/03/2026 22:15:00","BZN|NL","Without Sequence","103.47","",""
"03/03/2026 22:15:00 - 03/03/2026 22:30:00","BZN|NL","Without Sequence","94.49","",""
"03/03/2026 22:30:00 - 03/03/2026 22:45:00","BZN|NL","Without Sequence","98.47","",""
"03/03/2026 22:45:00 - 03/03/2026 23:00:00","BZN|NL","Without Sequence","88.89","",""
"03/03/2026 23:00:00 - 03/03/2026 23:15:00","BZN|NL","Without Sequence","135.26","",""
"03/03/2026 23:15:00 - 03/03/2026 23:30:00","BZN|NL","Without Sequence","127.63","",""
"03/03/2026 23:30:00 - 03/03/2026 23:45:00","BZN|NL","Without Sequence","122.88","",""
"03/03/2026 23:45:00 - 04/03/2026 00:00:00","BZN|NL","Without Sequence","110.42","",""
"04/03/2026 00:00:00 - 04/03/2026 00:15:00","BZN|NL","Without Sequence","130.86","",""
"04/03/2026 00:15:00 - 04/03/2026 00:30:00","BZN|NL","Without Sequence","122.28","",""
"04/03/2026 00:30:00 - 04/03/2026 00:45:00","BZN|NL","Without Sequence","120.07","",""
"04/03/2026 00:45:00 - 04/03/2026 01:00:00","BZN|NL","Without Sequence","117.99","",""
"04/03/2026 01:00:00 - 04/03/2026 01:15:00","BZN|NL","Without Sequence","122.46","",""
"04/03/2026 01:15:00 - 04/03/2026 01:30:00","BZN|NL","Without Sequence","121.03","",""
"04/03/2026 01:30:00 - 04/03/2026 01:45:00","BZN|NL","Without Sequence","120.33","",""
"04/03/2026 01:45:00 - 04/03/2026 02:00:00","BZN|NL","Without Sequence","117.87","",""
"04/03/2026 02:00:00 - 04/03/2026 02:15:00","BZN|NL","Without Sequence","119.60","",""
"04/03/2026 02:15:00 - 04/03/2026 02:30:00","BZN|NL","Without Sequence","119.02","",""
"04/03/2026 02:30:00 - 04/03/2026 02:45:00","BZN|NL","Without Sequence","118.78","",""
"04/03/2026 02:45:00 - 04/03/2026 03:00:00","BZN|NL","Without Sequence","118.70","",""
"04/03/2026 03:00:00 - 04/03/2026 03:15:00","BZN|NL","Without Sequence","118.96","",""
"04/03/2026 03:15:00 - 04/03/2026 03:30:00","BZN|NL","Without Sequence","119.22","",""
"04/03/2026 03:30:00 - 04/03/2026 03:45:00","BZN|NL","Without Sequence","123.94","",""
"04/03/2026 03:45:00 - 04/03/2026 04:00:00","BZN|NL","Without Sequence","125.57","",""
"04/03/2026 04:00:00 - 04/03/2026 04:15:00","BZN|NL","Without Sequence","113.90","",""
"04/03/2026 04:15:00 - 04/03/2026 04:30:00","BZN|NL","Without Sequence","119.63","",""
"04/03/2026 04:30:00 - 04/03/2026 04:45:00","BZN|NL","Without Sequence","126.84","",""
"04/03/2026 04:45:00 - 04/03/2026 05:00:00","BZN|NL","Without Sequence","152.64","",""
"04/03/2026 05:00:00 - 04/03/2026 05:15:00","BZN|NL","Without Sequence","124.44","",""
"04/03/2026 05:15:00 - 04/03/2026 05:30:00","BZN|NL","Without Sequence","137.56","",""
"04/03/2026 05:30:00 - 04/03/2026 05:45:00","BZN|NL","Without Sequence","190.00","",""
"04/03/2026 05:45:00 - 04/03/2026 06:00:00","BZN|NL","Without Sequence","273.35","",""
"04/03/2026 06:00:00 - 04/03/2026 06:15:00","BZN|NL","Without Sequence","308.70","",""
"04/03/2026 06:15:00 - 04/03/2026 06:30:00","BZN|NL","Without Sequence","318.30","",""
"04/03/2026 06:30:00 - 04/03/2026 06:45:00","BZN|NL","Without Sequence","226.14","",""
"04/03/2026 06:45:00 - 04/03/2026 07:00:00","BZN|NL","Without Sequence","177.70","",""
"04/03/2026 07:00:00 - 04/03/2026 07:15:00","BZN|NL","Without Sequence","292.48","",""
"04/03/2026 07:15:00 - 04/03/2026 07:30:00","BZN|NL","Without Sequence","209.52","",""
"04/03/2026 07:30:00 - 04/03/2026 07:45:00","BZN|NL","Without Sequence","153.98","",""
"04/03/2026 07:45:00 - 04/03/2026 08:00:00","BZN|NL","Without Sequence","126.29","",""
"04/03/2026 08:00:00 - 04/03/2026 08:15:00","BZN|NL","Without Sequence","200.20","",""
"04/03/2026 08:15:00 - 04/03/2026 08:30:00","BZN|NL","Without Sequence","144.02","",""
"04/03/2026 08:30:00 - 04/03/2026 08:45:00","BZN|NL","Without Sequence","128.34","",""
"04/03/2026 08:45:00 - 04/03/2026 09:00:00","BZN|NL","Without Sequence","108.88","",""
"04/03/2026 09:00:00 - 04/03/2026 09:15:00","BZN|NL","Without Sequence","137.61","",""
"04/03/2026 09:15:00 - 04/03/2026 09:30:00","BZN|NL","Without Sequence","117.47","",""
"04/03/2026 09:30:00 - 04/03/2026 09:45:00","BZN|NL","Without Sequence","106.32","",""
"04/03/2026 09:45:00 - 04/03/2026 10:00:00","BZN|NL","Without Sequence","83.45","",""
"04/03/2026 10:00:00 - 04/03/2026 10:15:00","BZN|NL","Without Sequence","102.48","",""
"04/03/2026 10:15:00 - 04/03/2026 10:30:00","BZN|NL","Without Sequence","80.07","",""
"04/03/2026 10:30:00 - 04/03/2026 10:45:00","BZN|NL","Without Sequence","79.85","",""
"04/03/2026 10:45:00 - 04/03/2026 11:00:00","BZN|NL","Without Sequence","53.87","",""
"04/03/2026 11:00:00 - 04/03/2026 11:15:00","BZN|NL","Without Sequence","69.97","",""
"04/03/2026 11:15:00 - 04/03/2026 11:30:00","BZN|NL","Without Sequence","39.99","",""
"04/03/2026 11:30:00 - 04/03/2026 11:45:00","BZN|NL","Without Sequence","35.01","",""
"04/03/2026 11:45:00 - 04/03/2026 12:00:00","BZN|NL","Without Sequence","23.03","",""
"04/03/2026 12:00:00 - 04/03/2026 12:15:00","BZN|NL","Without Sequence","28.95","",""
"04/03/2026 12:15:00 - 04/03/2026 12:30:00","BZN|NL","Without Sequence","24.49","",""
"04/03/2026 12:30:00 - 04/03/2026 12:45:00","BZN|NL","Without Sequence","29.77","",""
"04/03/2026 12:45:00 - 04/03/2026 13:00:00","BZN|NL","Without Sequence","35.19","",""
"04/03/2026 13:00:00 - 04/03/2026 13:15:00","BZN|NL","Without Sequence","23.90","",""
"04/03/2026 13:15:00 - 04/03/2026 13:30:00","BZN|NL","Without Sequence","51.61","",""
"04/03/2026 13:30:00 - 04/03/2026 13:45:00","BZN|NL","Without Sequence","70.55","",""
"04/03/2026 13:45:00 - 04/03/2026 14:00:00","BZN|NL","Without Sequence","86.69","",""
"04/03/2026 14:00:00 - 04/03/2026 14:15:00","BZN|NL","Without Sequence","64.49","",""
"04/03/2026 14:15:00 - 04/03/2026 14:30:00","BZN|NL","Without Sequence","83.94","",""
"04/03/2026 14:30:00 - 04/03/2026 14:45:00","BZN|NL","Without Sequence","91.94","",""
"04/03/2026 14:45:00 - 04/03/2026 15:00:00","BZN|NL","Without Sequence","123.19","",""
"04/03/2026 15:00:00 - 04/03/2026 15:15:00","BZN|NL","Without Sequence","87.85","",""
"04/03/2026 15:15:00 - 04/03/2026 15:30:00","BZN|NL","Without Sequence","110.01","",""
"04/03/2026 15:30:00 - 04/03/2026 15:45:00","BZN|NL","Without Sequence","128.34","",""
"04/03/2026 15:45:00 - 04/03/2026 16:00:00","BZN|NL","Without Sequence","189.46","",""
"04/03/2026 16:00:00 - 04/03/2026 16:15:00","BZN|NL","Without Sequence","130.71","",""
"04/03/2026 16:15:00 - 04/03/2026 16:30:00","BZN|NL","Without Sequence","173.91","",""
"04/03/2026 16:30:00 - 04/03/2026 16:45:00","BZN|NL","Without Sequence","253.93","",""
"04/03/2026 16:45:00 - 04/03/2026 17:00:00","BZN|NL","Without Sequence","449.46","",""
"04/03/2026 17:00:00 - 04/03/2026 17:15:00","BZN|NL","Without Sequence","280.31","",""
"04/03/2026 17:15:00 - 04/03/2026 17:30:00","BZN|NL","Without Sequence","337.19","",""
"04/03/2026 17:30:00 - 04/03/2026 17:45:00","BZN|NL","Without Sequence","343.65","",""
"04/03/2026 17:45:00 - 04/03/2026 18:00:00","BZN|NL","Without Sequence","277.17","",""
"04/03/2026 18:00:00 - 04/03/2026 18:15:00","BZN|NL","Without Sequence","316.51","",""
"04/03/2026 18:15:00 - 04/03/2026 18:30:00","BZN|NL","Without Sequence","223.20","",""
"04/03/2026 18:30:00 - 04/03/2026 18:45:00","BZN|NL","Without Sequence","208.88","",""
"04/03/2026 18:45:00 - 04/03/2026 19:00:00","BZN|NL","Without Sequence","185.68","",""
"04/03/2026 19:00:00 - 04/03/2026 19:15:00","BZN|NL","Without Sequence","193.14","",""
"04/03/2026 19:15:00 - 04/03/2026 19:30:00","BZN|NL","Without Sequence","172.00","",""
"04/03/2026 19:30:00 - 04/03/2026 19:45:00","BZN|NL","Without Sequence","159.29","",""
"04/03/2026 19:45:00 - 04/03/2026 20:00:00","BZN|NL","Without Sequence","150.08","",""
"04/03/2026 20:00:00 - 04/03/2026 20:15:00","BZN|NL","Without Sequence","161.00","",""
"04/03/2026 20:15:00 - 04/03/2026 20:30:00","BZN|NL","Without Sequence","150.00","",""
"04/03/2026 20:30:00 - 04/03/2026 20:45:00","BZN|NL","Without Sequence","137.06","",""
"04/03/2026 20:45:00 - 04/03/2026 21:00:00","BZN|NL","Without Sequence","120.92","",""
"04/03/2026 21:00:00 - 04/03/2026 21:15:00","BZN|NL","Without Sequence","146.35","",""
"04/03/2026 21:15:00 - 04/03/2026 21:30:00","BZN|NL","Without Sequence","139.63","",""
"04/03/2026 21:30:00 - 04/03/2026 21:45:00","BZN|NL","Without Sequence","130.96","",""
"04/03/2026 21:45:00 - 04/03/2026 22:00:00","BZN|NL","Without Sequence","117.33","",""
"04/03/2026 22:00:00 - 04/03/2026 22:15:00","BZN|NL","Without Sequence","132.43","",""
"04/03/2026 22:15:00 - 04/03/2026 22:30:00","BZN|NL","Without Sequence","125.07","",""
"04/03/2026 22:30:00 - 04/03/2026 22:45:00","BZN|NL","Without Sequence","113.08","",""
"04/03/2026 22:45:00 - 04/03/2026 23:00:00","BZN|NL","Without Sequence","105.43","",""
"04/03/2026 23:00:00 - 04/03/2026 23:15:00","BZN|NL","Without Sequence","128.31","",""
"04/03/2026 23:15:00 - 04/03/2026 23:30:00","BZN|NL","Without Sequence","112.94","",""
"04/03/2026 23:30:00 - 04/03/2026 23:45:00","BZN|NL","Without Sequence","107.98","",""
"04/03/2026 23:45:00 - 05/03/2026 00:00:00","BZN|NL","Without Sequence","105.90","",""
"05/03/2026 00:00:00 - 05/03/2026 00:15:00","BZN|NL","Without Sequence","111.79","",""
"05/03/2026 00:15:00 - 05/03/2026 00:30:00","BZN|NL","Without Sequence","109.93","",""
"05/03/2026 00:30:00 - 05/03/2026 00:45:00","BZN|NL","Without Sequence","109.20","",""
"05/03/2026 00:45:00 - 05/03/2026 01:00:00","BZN|NL","Without Sequence","108.81","",""
"05/03/2026 01:00:00 - 05/03/2026 01:15:00","BZN|NL","Without Sequence","109.51","",""
"05/03/2026 01:15:00 - 05/03/2026 01:30:00","BZN|NL","Without Sequence","109.44","",""
"05/03/2026 01:30:00 - 05/03/2026 01:45:00","BZN|NL","Without Sequence","109.26","",""
"05/03/2026 01:45:00 - 05/03/2026 02:00:00","BZN|NL","Without Sequence","108.84","",""
"05/03/2026 02:00:00 - 05/03/2026 02:15:00","BZN|NL","Without Sequence","105.10","",""
"05/03/2026 02:15:00 - 05/03/2026 02:30:00","BZN|NL","Without Sequence","108.50","",""
"05/03/2026 02:30:00 - 05/03/2026 02:45:00","BZN|NL","Without Sequence","108.81","",""
"05/03/2026 02:45:00 - 05/03/2026 03:00:00","BZN|NL","Without Sequence","109.04","",""
"05/03/2026 03:00:00 - 05/03/2026 03:15:00","BZN|NL","Without Sequence","109.69","",""
"05/03/2026 03:15:00 - 05/03/2026 03:30:00","BZN|NL","Without Sequence","110.23","",""
"05/03/2026 03:30:00 - 05/03/2026 03:45:00","BZN|NL","Without Sequence","109.95","",""
"05/03/2026 03:45:00 - 05/03/2026 04:00:00","BZN|NL","Without Sequence","113.68","",""
"05/03/2026 04:00:00 - 05/03/2026 04:15:00","BZN|NL","Without Sequence","104.57","",""
"05/03/2026 04:15:00 - 05/03/2026 04:30:00","BZN|NL","Without Sequence","108.32","",""
"05/03/2026 04:30:00 - 05/03/2026 04:45:00","BZN|NL","Without Sequence","130.61","",""
"05/03/2026 04:45:00 - 05/03/2026 05:00:00","BZN|NL","Without Sequence","141.54","",""
"05/03/2026 05:00:00 - 05/03/2026 05:15:00","BZN|NL","Without Sequence","123.76","",""
"05/03/2026 05:15:00 - 05/03/2026 05:30:00","BZN|NL","Without Sequence","146.77","",""
"05/03/2026 05:30:00 - 05/03/2026 05:45:00","BZN|NL","Without Sequence","157.31","",""
"05/03/2026 05:45:00 - 05/03/2026 06:00:00","BZN|NL","Without Sequence","162.83","",""
"05/03/2026 06:00:00 - 05/03/2026 06:15:00","BZN|NL","Without Sequence","189.99","",""
"05/03/2026 06:15:00 - 05/03/2026 06:30:00","BZN|NL","Without Sequence","181.53","",""
"05/03/2026 06:30:00 - 05/03/2026 06:45:00","BZN|NL","Without Sequence","160.00","",""
"05/03/2026 06:45:00 - 05/03/2026 07:00:00","BZN|NL","Without Sequence","146.50","",""
"05/03/2026 07:00:00 - 05/03/2026 07:15:00","BZN|NL","Without Sequence","176.43","",""
"05/03/2026 07:15:00 - 05/03/2026 07:30:00","BZN|NL","Without Sequence","149.94","",""
"05/03/2026 07:30:00 - 05/03/2026 07:45:00","BZN|NL","Without Sequence","130.80","",""
"05/03/2026 07:45:00 - 05/03/2026 08:00:00","BZN|NL","Without Sequence","100.44","",""
"05/03/2026 08:00:00 - 05/03/2026 08:15:00","BZN|NL","Without Sequence","129.52","",""
"05/03/2026 08:15:00 - 05/03/2026 08:30:00","BZN|NL","Without Sequence","99.11","",""
"05/03/2026 08:30:00 - 05/03/2026 08:45:00","BZN|NL","Without Sequence","89.30","",""
"05/03/2026 08:45:00 - 05/03/2026 09:00:00","BZN|NL","Without Sequence","70.85","",""
"05/03/2026 09:00:00 - 05/03/2026 09:15:00","BZN|NL","Without Sequence","94.82","",""
"05/03/2026 09:15:00 - 05/03/2026 09:30:00","BZN|NL","Without Sequence","70.58","",""
"05/03/2026 09:30:00 - 05/03/2026 09:45:00","BZN|NL","Without Sequence","60.84","",""
"05/03/2026 09:45:00 - 05/03/2026 10:00:00","BZN|NL","Without Sequence","33.23","",""
"05/03/2026 10:00:00 - 05/03/2026 10:15:00","BZN|NL","Without Sequence","58.89","",""
"05/03/2026 10:15:00 - 05/03/2026 10:30:00","BZN|NL","Without Sequence","27.68","",""
"05/03/2026 10:30:00 - 05/03/2026 10:45:00","BZN|NL","Without Sequence","10.83","",""
"05/03/2026 10:45:00 - 05/03/2026 11:00:00","BZN|NL","Without Sequence","0.72","",""
"05/03/2026 11:00:00 - 05/03/2026 11:15:00","BZN|NL","Without Sequence","8.76","",""
"05/03/2026 11:15:00 - 05/03/2026 11:30:00","BZN|NL","Without Sequence","0.70","",""
"05/03/2026 11:30:00 - 05/03/2026 11:45:00","BZN|NL","Without Sequence","0.64","",""
"05/03/2026 11:45:00 - 05/03/2026 12:00:00","BZN|NL","Without Sequence","0.64","",""
"05/03/2026 12:00:00 - 05/03/2026 12:15:00","BZN|NL","Without Sequence","0.05","",""
"05/03/2026 12:15:00 - 05/03/2026 12:30:00","BZN|NL","Without Sequence","0.15","",""
"05/03/2026 12:30:00 - 05/03/2026 12:45:00","BZN|NL","Without Sequence","1.28","",""
"05/03/2026 12:45:00 - 05/03/2026 13:00:00","BZN|NL","Without Sequence","10.01","",""
"05/03/2026 13:00:00 - 05/03/2026 13:15:00","BZN|NL","Without Sequence","10.05","",""
"05/03/2026 13:15:00 - 05/03/2026 13:30:00","BZN|NL","Without Sequence","32.28","",""
"05/03/2026 13:30:00 - 05/03/2026 13:45:00","BZN|NL","Without Sequence","39.86","",""
"05/03/2026 13:45:00 - 05/03/2026 14:00:00","BZN|NL","Without Sequence","70.17","",""
"05/03/2026 14:00:00 - 05/03/2026 14:15:00","BZN|NL","Without Sequence","56.08","",""
"05/03/2026 14:15:00 - 05/03/2026 14:30:00","BZN|NL","Without Sequence","81.94","",""
"05/03/2026 14:30:00 - 05/03/2026 14:45:00","BZN|NL","Without Sequence","90.95","",""
"05/03/2026 14:45:00 - 05/03/2026 15:00:00","BZN|NL","Without Sequence","112.08","",""
"05/03/2026 15:00:00 - 05/03/2026 15:15:00","BZN|NL","Without Sequence","84.83","",""
"05/03/2026 15:15:00 - 05/03/2026 15:30:00","BZN|NL","Without Sequence","113.99","",""
"05/03/2026 15:30:00 - 05/03/2026 15:45:00","BZN|NL","Without Sequence","135.93","",""
"05/03/2026 15:45:00 - 05/03/2026 16:00:00","BZN|NL","Without Sequence","185.68","",""
"05/03/2026 16:00:00 - 05/03/2026 16:15:00","BZN|NL","Without Sequence","121.31","",""
"05/03/2026 16:15:00 - 05/03/2026 16:30:00","BZN|NL","Without Sequence","162.14","",""
"05/03/2026 16:30:00 - 05/03/2026 16:45:00","BZN|NL","Without Sequence","190.36","",""
"05/03/2026 16:45:00 - 05/03/2026 17:00:00","BZN|NL","Without Sequence","255.08","",""
"05/03/2026 17:00:00 - 05/03/2026 17:15:00","BZN|NL","Without Sequence","230.09","",""
"05/03/2026 17:15:00 - 05/03/2026 17:30:00","BZN|NL","Without Sequence","202.27","",""
"05/03/2026 17:30:00 - 05/03/2026 17:45:00","BZN|NL","Without Sequence","182.07","",""
"05/03/2026 17:45:00 - 05/03/2026 18:00:00","BZN|NL","Without Sequence","163.07","",""
"05/03/2026 18:00:00 - 05/03/2026 18:15:00","BZN|NL","Without Sequence","201.97","",""
"05/03/2026 18:15:00 - 05/03/2026 18:30:00","BZN|NL","Without Sequence","168.12","",""
"05/03/2026 18:30:00 - 05/03/2026 18:45:00","BZN|NL","Without Sequence","155.34","",""
"05/03/2026 18:45:00 - 05/03/2026 19:00:00","BZN|NL","Without Sequence","144.98","",""
"05/03/2026 19:00:00 - 05/03/2026 19:15:00","BZN|NL","Without Sequence","149.72","",""
"05/03/2026 19:15:00 - 05/03/2026 19:30:00","BZN|NL","Without Sequence","137.29","",""
"05/03/2026 19:30:00 - 05/03/2026 19:45:00","BZN|NL","Without Sequence","130.38","",""
"05/03/2026 19:45:00 - 05/03/2026 20:00:00","BZN|NL","Without Sequence","122.73","",""
"05/03/2026 20:00:00 - 05/03/2026 20:15:00","BZN|NL","Without Sequence","145.90","",""
"05/03/2026 20:15:00 - 05/03/2026 20:30:00","BZN|NL","Without Sequence","138.09","",""
"05/03/2026 20:30:00 - 05/03/2026 20:45:00","BZN|NL","Without Sequence","126.68","",""
"05/03/2026 20:45:00 - 05/03/2026 21:00:00","BZN|NL","Without Sequence","111.69","",""
"05/03/2026 21:00:00 - 05/03/2026 21:15:00","BZN|NL","Without Sequence","136.58","",""
"05/03/2026 21:15:00 - 05/03/2026 21:30:00","BZN|NL","Without Sequence","130.34","",""
"05/03/2026 21:30:00 - 05/03/2026 21:45:00","BZN|NL","Without Sequence","128.27","",""
"05/03/2026 21:45:00 - 05/03/2026 22:00:00","BZN|NL","Without Sequence","125.38","",""
"05/03/2026 22:00:00 - 05/03/2026 22:15:00","BZN|NL","Without Sequence","142.17","",""
"05/03/2026 22:15:00 - 05/03/2026 22:30:00","BZN|NL","Without Sequence","121.79","",""
"05/03/2026 22:30:00 - 05/03/2026 22:45:00","BZN|NL","Without Sequence","118.33","",""
"05/03/2026 22:45:00 - 05/03/2026 23:00:00","BZN|NL","Without Sequence","110.13","",""
"05/03/2026 23:00:00 - 05/03/2026 23:15:00","BZN|NL","Without Sequence","99.74","",""
"05/03/2026 23:15:00 - 05/03/2026 23:30:00","BZN|NL","Without Sequence","104.49","",""
"05/03/2026 23:30:00 - 05/03/2026 23:45:00","BZN|NL","Without Sequence","104.44","",""
"05/03/2026 23:45:00 - 06/03/2026 00:00:00","BZN|NL","Without Sequence","100.10","",""
"06/03/2026 00:00:00 - 06/03/2026 00:15:00","BZN|NL","Without Sequence","107.79","",""
"06/03/2026 00:15:00 - 06/03/2026 00:30:00","BZN|NL","Without Sequence","105.85","",""
"06/03/2026 00:30:00 - 06/03/2026 00:45:00","BZN|NL","Without Sequence","106.92","",""
"06/03/2026 00:45:00 - 06/03/2026 01:00:00","BZN|NL","Without Sequence","105.00","",""
"06/03/2026 01:00:00 - 06/03/2026 01:15:00","BZN|NL","Without Sequence","109.38","",""
"06/03/2026 01:15:00 - 06/03/2026 01:30:00","BZN|NL","Without Sequence","108.04","",""
"06/03/2026 01:30:00 - 06/03/2026 01:45:00","BZN|NL","Without Sequence","108.57","",""
"06/03/2026 01:45:00 - 06/03/2026 02:00:00","BZN|NL","Without Sequence","108.10","",""
"06/03/2026 02:00:00 - 06/03/2026 02:15:00","BZN|NL","Without Sequence","108.83","",""
"06/03/2026 02:15:00 - 06/03/2026 02:30:00","BZN|NL","Without Sequence","108.90","",""
"06/03/2026 02:30:00 - 06/03/2026 02:45:00","BZN|NL","Without Sequence","109.54","",""
"06/03/2026 02:45:00 - 06/03/2026 03:00:00","BZN|NL","Without Sequence","110.83","",""
"06/03/2026 03:00:00 - 06/03/2026 03:15:00","BZN|NL","Without Sequence","110.74","",""
"06/03/2026 03:15:00 - 06/03/2026 03:30:00","BZN|NL","Without Sequence","109.97","",""
"06/03/2026 03:30:00 - 06/03/2026 03:45:00","BZN|NL","Without Sequence","118.00","",""
"06/03/2026 03:45:00 - 06/03/2026 04:00:00","BZN|NL","Without Sequence","123.29","",""
"06/03/2026 04:00:00 - 06/03/2026 04:15:00","BZN|NL","Without Sequence","106.25","",""
"06/03/2026 04:15:00 - 06/03/2026 04:30:00","BZN|NL","Without Sequence","113.72","",""
"06/03/2026 04:30:00 - 06/03/2026 04:45:00","BZN|NL","Without Sequence","123.35","",""
"06/03/2026 04:45:00 - 06/03/2026 05:00:00","BZN|NL","Without Sequence","137.96","",""
"06/03/2026 05:00:00 - 06/03/2026 05:15:00","BZN|NL","Without Sequence","115.52","",""
"06/03/2026 05:15:00 - 06/03/2026 05:30:00","BZN|NL","Without Sequence","133.72","",""
"06/03/2026 05:30:00 - 06/03/2026 05:45:00","BZN|NL","Without Sequence","148.56","",""
"06/03/2026 05:45:00 - 06/03/2026 06:00:00","BZN|NL","Without Sequence","193.43","",""
"06/03/2026 06:00:00 - 06/03/2026 06:15:00","BZN|NL","Without Sequence","199.96","",""
"06/03/2026 06:15:00 - 06/03/2026 06:30:00","BZN|NL","Without Sequence","195.18","",""
"06/03/2026 06:30:00 - 06/03/2026 06:45:00","BZN|NL","Without Sequence","172.97","",""
"06/03/2026 06:45:00 - 06/03/2026 07:00:00","BZN|NL","Without Sequence","133.49","",""
"06/03/2026 07:00:00 - 06/03/2026 07:15:00","BZN|NL","Without Sequence","180.82","",""
"06/03/2026 07:15:00 - 06/03/2026 07:30:00","BZN|NL","Without Sequence","147.74","",""
"06/03/2026 07:30:00 - 06/03/2026 07:45:00","BZN|NL","Without Sequence","120.36","",""
"06/03/2026 07:45:00 - 06/03/2026 08:00:00","BZN|NL","Without Sequence","98.80","",""
"06/03/2026 08:00:00 - 06/03/2026 08:15:00","BZN|NL","Without Sequence","143.86","",""
"06/03/2026 08:15:00 - 06/03/2026 08:30:00","BZN|NL","Without Sequence","108.61","",""
"06/03/2026 08:30:00 - 06/03/2026 08:45:00","BZN|NL","Without Sequence","103.17","",""
"06/03/2026 08:45:00 - 06/03/2026 09:00:00","BZN|NL","Without Sequence","93.91","",""
"06/03/2026 09:00:00 - 06/03/2026 09:15:00","BZN|NL","Without Sequence","111.98","",""
"06/03/2026 09:15:00 - 06/03/2026 09:30:00","BZN|NL","Without Sequence","100.69","",""
"06/03/2026 09:30:00 - 06/03/2026 09:45:00","BZN|NL","Without Sequence","96.14","",""
"06/03/2026 09:45:00 - 06/03/2026 10:00:00","BZN|NL","Without Sequence","77.19","",""
"06/03/2026 10:00:00 - 06/03/2026 10:15:00","BZN|NL","Without Sequence","90.30","",""
"06/03/2026 10:15:00 - 06/03/2026 10:30:00","BZN|NL","Without Sequence","72.77","",""
"06/03/2026 10:30:00 - 06/03/2026 10:45:00","BZN|NL","Without Sequence","68.06","",""
"06/03/2026 10:45:00 - 06/03/2026 11:00:00","BZN|NL","Without Sequence","54.59","",""
"06/03/2026 11:00:00 - 06/03/2026 11:15:00","BZN|NL","Without Sequence","68.02","",""
"06/03/2026 11:15:00 - 06/03/2026 11:30:00","BZN|NL","Without Sequence","53.23","",""
"06/03/2026 11:30:00 - 06/03/2026 11:45:00","BZN|NL","Without Sequence","55.96","",""
"06/03/2026 11:45:00 - 06/03/2026 12:00:00","BZN|NL","Without Sequence","50.61","",""
"06/03/2026 12:00:00 - 06/03/2026 12:15:00","BZN|NL","Without Sequence","50.68","",""
"06/03/2026 12:15:00 - 06/03/2026 12:30:00","BZN|NL","Without Sequence","49.69","",""
"06/03/2026 12:30:00 - 06/03/2026 12:45:00","BZN|NL","Without Sequence","49.02","",""
"06/03/2026 12:45:00 - 06/03/2026 13:00:00","BZN|NL","Without Sequence","54.94","",""
"06/03/2026 13:00:00 - 06/03/2026 13:15:00","BZN|NL","Without Sequence","48.04","",""
"06/03/2026 13:15:00 - 06/03/2026 13:30:00","BZN|NL","Without Sequence","67.05","",""
"06/03/2026 13:30:00 - 06/03/2026 13:45:00","BZN|NL","Without Sequence","84.76","",""
"06/03/2026 13:45:00 - 06/03/2026 14:00:00","BZN|NL","Without Sequence","98.92","",""
"06/03/2026 14:00:00 - 06/03/2026 14:15:00","BZN|NL","Without Sequence","85.46","",""
"06/03/2026 14:15:00 - 06/03/2026 14:30:00","BZN|NL","Without Sequence","101.70","",""
"06/03/2026 14:30:00 - 06/03/2026 14:45:00","BZN|NL","Without Sequence","99.83","",""
"06/03/2026 14:45:00 - 06/03/2026 15:00:00","BZN|NL","Without Sequence","126.24","",""
"06/03/2026 15:00:00 - 06/03/2026 15:15:00","BZN|NL","Without Sequence","88.86","",""
"06/03/2026 15:15:00 - 06/03/2026 15:30:00","BZN|NL","Without Sequence","114.67","",""
"06/03/2026 15:30:00 - 06/03/2026 15:45:00","BZN|NL","Without Sequence","133.47","",""
"06/03/2026 15:45:00 - 06/03/2026 16:00:00","BZN|NL","Without Sequence","162.71","",""
"06/03/2026 16:00:00 - 06/03/2026 16:15:00","BZN|NL","Without Sequence","115.48","",""
"06/03/2026 16:15:00 - 06/03/2026 16:30:00","BZN|NL","Without Sequence","153.93","",""
"06/03/2026 16:30:00 - 06/03/2026 16:45:00","BZN|NL","Without Sequence","187.67","",""
"06/03/2026 16:45:00 - 06/03/2026 17:00:00","BZN|NL","Without Sequence","248.91","",""
"06/03/2026 17:00:00 - 06/03/2026 17:15:00","BZN|NL","Without Sequence","218.30","",""
"06/03/2026 17:15:00 - 06/03/2026 17:30:00","BZN|NL","Without Sequence","235.82","",""
"06/03/2026 17:30:00 - 06/03/2026 17:45:00","BZN|NL","Without Sequence","228.70","",""
"06/03/2026 17:45:00 - 06/03/2026 18:00:00","BZN|NL","Without Sequence","215.10","",""
"06/03/2026 18:00:00 - 06/03/2026 18:15:00","BZN|NL","Without Sequence","238.11","",""
"06/03/2026 18:15:00 - 06/03/2026 18:30:00","BZN|NL","Without Sequence","181.53","",""
"06/03/2026 18:30:00 - 06/03/2026 18:45:00","BZN|NL","Without Sequence","166.22","",""
"06/03/2026 18:45:00 - 06/03/2026 19:00:00","BZN|NL","Without Sequence","160.66","",""
"06/03/2026 19:00:00 - 06/03/2026 19:15:00","BZN|NL","Without Sequence","161.98","",""
"06/03/2026 19:15:00 - 06/03/2026 19:30:00","BZN|NL","Without Sequence","152.83","",""
"06/03/2026 19:30:00 - 06/03/2026 19:45:00","BZN|NL","Without Sequence","146.80","",""
"06/03/2026 19:45:00 - 06/03/2026 20:00:00","BZN|NL","Without Sequence","125.57","",""
"06/03/2026 20:00:00 - 06/03/2026 20:15:00","BZN|NL","Without Sequence","143.41","",""
"06/03/2026 20:15:00 - 06/03/2026 20:30:00","BZN|NL","Without Sequence","138.29","",""
"06/03/2026 20:30:00 - 06/03/2026 20:45:00","BZN|NL","Without Sequence","125.37","",""
"06/03/2026 20:45:00 - 06/03/2026 21:00:00","BZN|NL","Without Sequence","114.74","",""
"06/03/2026 21:00:00 - 06/03/2026 21:15:00","BZN|NL","Without Sequence","129.72","",""
"06/03/2026 21:15:00 - 06/03/2026 21:30:00","BZN|NL","Without Sequence","121.98","",""
"06/03/2026 21:30:00 - 06/03/2026 21:45:00","BZN|NL","Without Sequence","121.79","",""
"06/03/2026 21:45:00 - 06/03/2026 22:00:00","BZN|NL","Without Sequence","115.99","",""
"06/03/2026 22:00:00 - 06/03/2026 22:15:00","BZN|NL","Without Sequence","130.17","",""
"06/03/2026 22:15:00 - 06/03/2026 22:30:00","BZN|NL","Without Sequence","120.99","",""
"06/03/2026 22:30:00 - 06/03/2026 22:45:00","BZN|NL","Without Sequence","119.51","",""
"06/03/2026 22:45:00 - 06/03/2026 23:00:00","BZN|NL","Without Sequence","109.33","",""
"06/03/2026 23:00:00 - 06/03/2026 23:15:00","BZN|NL","Without Sequence","135.23","",""
"06/03/2026 23:15:00 - 06/03/2026 23:30:00","BZN|NL","Without Sequence","130.62","",""
"06/03/2026 23:30:00 - 06/03/2026 23:45:00","BZN|NL","Without Sequence","126.02","",""
"06/03/2026 23:45:00 - 07/03/2026 00:00:00","BZN|NL","Without Sequence","122.88","",""
"07/03/2026 00:00:00 - 07/03/2026 00:15:00","BZN|NL","Without Sequence","129.38","",""
"07/03/2026 00:15:00 - 07/03/2026 00:30:00","BZN|NL","Without Sequence","123.79","",""
"07/03/2026 00:30:00 - 07/03/2026 00:45:00","BZN|NL","Without Sequence","121.57","",""
"07/03/2026 00:45:00 - 07/03/2026 01:00:00","BZN|NL","Without Sequence","118.43","",""
"07/03/2026 01:00:00 - 07/03/2026 01:15:00","BZN|NL","Without Sequence","121.82","",""
"07/03/2026 01:15:00 - 07/03/2026 01:30:00","BZN|NL","Without Sequence","118.75","",""
"07/03/2026 01:30:00 - 07/03/2026 01:45:00","BZN|NL","Without Sequence","116.33","",""
"07/03/2026 01:45:00 - 07/03/2026 02:00:00","BZN|NL","Without Sequence","115.27","",""
"07/03/2026 02:00:00 - 07/03/2026 02:15:00","BZN|NL","Without Sequence","117.70","",""
"07/03/2026 02:15:00 - 07/03/2026 02:30:00","BZN|NL","Without Sequence","116.06","",""
"07/03/2026 02:30:00 - 07/03/2026 02:45:00","BZN|NL","Without Sequence","114.67","",""
"07/03/2026 02:45:00 - 07/03/2026 03:00:00","BZN|NL","Without Sequence","113.88","",""
"07/03/2026 03:00:00 - 07/03/2026 03:15:00","BZN|NL","Without Sequence","113.97","",""
"07/03/2026 03:15:00 - 07/03/2026 03:30:00","BZN|NL","Without Sequence","114.98","",""
"07/03/2026 03:30:00 - 07/03/2026 03:45:00","BZN|NL","Without Sequence","115.32","",""
"07/03/2026 03:45:00 - 07/03/2026 04:00:00","BZN|NL","Without Sequence","117.85","",""
"07/03/2026 04:00:00 - 07/03/2026 04:15:00","BZN|NL","Without Sequence","115.54","",""
"07/03/2026 04:15:00 - 07/03/2026 04:30:00","BZN|NL","Without Sequence","119.18","",""
"07/03/2026 04:30:00 - 07/03/2026 04:45:00","BZN|NL","Without Sequence","120.50","",""
"07/03/2026 04:45:00 - 07/03/2026 05:00:00","BZN|NL","Without Sequence","124.93","",""
"07/03/2026 05:00:00 - 07/03/2026 05:15:00","BZN|NL","Without Sequence","121.91","",""
"07/03/2026 05:15:00 - 07/03/2026 05:30:00","BZN|NL","Without Sequence","128.98","",""
"07/03/2026 05:30:00 - 07/03/2026 05:45:00","BZN|NL","Without Sequence","131.19","",""
"07/03/2026 05:45:00 - 07/03/2026 06:00:00","BZN|NL","Without Sequence","122.24","",""
"07/03/2026 06:00:00 - 07/03/2026 06:15:00","BZN|NL","Without Sequence","137.23","",""
"07/03/2026 06:15:00 - 07/03/2026 06:30:00","BZN|NL","Without Sequence","129.79","",""
"07/03/2026 06:30:00 - 07/03/2026 06:45:00","BZN|NL","Without Sequence","123.50","",""
"07/03/2026 06:45:00 - 07/03/2026 07:00:00","BZN|NL","Without Sequence","103.04","",""
"07/03/2026 07:00:00 - 07/03/2026 07:15:00","BZN|NL","Without Sequence","135.98","",""
"07/03/2026 07:15:00 - 07/03/2026 07:30:00","BZN|NL","Without Sequence","122.10","",""
"07/03/2026 07:30:00 - 07/03/2026 07:45:00","BZN|NL","Without Sequence","103.79","",""
"07/03/2026 07:45:00 - 07/03/2026 08:00:00","BZN|NL","Without Sequence","86.64","",""
"07/03/2026 08:00:00 - 07/03/2026 08:15:00","BZN|NL","Without Sequence","129.97","",""
"07/03/2026 08:15:00 - 07/03/2026 08:30:00","BZN|NL","Without Sequence","109.40","",""
"07/03/2026 08:30:00 - 07/03/2026 08:45:00","BZN|NL","Without Sequence","96.46","",""
"07/03/2026 08:45:00 - 07/03/2026 09:00:00","BZN|NL","Without Sequence","80.53","",""
"07/03/2026 09:00:00 - 07/03/2026 09:15:00","BZN|NL","Without Sequence","104.38","",""
"07/03/2026 09:15:00 - 07/03/2026 09:30:00","BZN|NL","Without Sequence","86.25","",""
"07/03/2026 09:30:00 - 07/03/2026 09:45:00","BZN|NL","Without Sequence","75.73","",""
"07/03/2026 09:45:00 - 07/03/2026 10:00:00","BZN|NL","Without Sequence","40.28","",""
"07/03/2026 10:00:00 - 07/03/2026 10:15:00","BZN|NL","Without Sequence","59.00","",""
"07/03/2026 10:15:00 - 07/03/2026 10:30:00","BZN|NL","Without Sequence","30.42","",""
"07/03/2026 10:30:00 - 07/03/2026 10:45:00","BZN|NL","Without Sequence","21.91","",""
"07/03/2026 10:45:00 - 07/03/2026 11:00:00","BZN|NL","Without Sequence","20.27","",""
"07/03/2026 11:00:00 - 07/03/2026 11:15:00","BZN|NL","Without Sequence","20.53","",""
"07/03/2026 11:15:00 - 07/03/2026 11:30:00","BZN|NL","Without Sequence","16.38","",""
"07/03/2026 11:30:00 - 07/03/2026 11:45:00","BZN|NL","Without Sequence","12.31","",""
"07/03/2026 11:45:00 - 07/03/2026 12:00:00","BZN|NL","Without Sequence","9.14","",""
"07/03/2026 12:00:00 - 07/03/2026 12:15:00","BZN|NL","Without Sequence","5.59","",""
"07/03/2026 12:15:00 - 07/03/2026 12:30:00","BZN|NL","Without Sequence","0.64","",""
"07/03/2026 12:30:00 - 07/03/2026 12:45:00","BZN|NL","Without Sequence","0.00","",""
"07/03/2026 12:45:00 - 07/03/2026 13:00:00","BZN|NL","Without Sequence","0.09","",""
"07/03/2026 13:00:00 - 07/03/2026 13:15:00","BZN|NL","Without Sequence","3.05","",""
"07/03/2026 13:15:00 - 07/03/2026 13:30:00","BZN|NL","Without Sequence","13.59","",""
"07/03/2026 13:30:00 - 07/03/2026 13:45:00","BZN|NL","Without Sequence","23.12","",""
"07/03/2026 13:45:00 - 07/03/2026 14:00:00","BZN|NL","Without Sequence","34.25","",""
"07/03/2026 14:00:00 - 07/03/2026 14:15:00","BZN|NL","Without Sequence","34.97","",""
"07/03/2026 14:15:00 - 07/03/2026 14:30:00","BZN|NL","Without Sequence","71.10","",""
"07/03/2026 14:30:00 - 07/03/2026 14:45:00","BZN|NL","Without Sequence","87.60","",""
"07/03/2026 14:45:00 - 07/03/2026 15:00:00","BZN|NL","Without Sequence","113.88","",""
"07/03/2026 15:00:00 - 07/03/2026 15:15:00","BZN|NL","Without Sequence","75.66","",""
"07/03/2026 15:15:00 - 07/03/2026 15:30:00","BZN|NL","Without Sequence","105.14","",""
"07/03/2026 15:30:00 - 07/03/2026 15:45:00","BZN|NL","Without Sequence","132.63","",""
"07/03/2026 15:45:00 - 07/03/2026 16:00:00","BZN|NL","Without Sequence","151.12","",""
"07/03/2026 16:00:00 - 07/03/2026 16:15:00","BZN|NL","Without Sequence","104.80","",""
"07/03/2026 16:15:00 - 07/03/2026 16:30:00","BZN|NL","Without Sequence","120.73","",""
"07/03/2026 16:30:00 - 07/03/2026 16:45:00","BZN|NL","Without Sequence","137.96","",""
"07/03/2026 16:45:00 - 07/03/2026 17:00:00","BZN|NL","Without Sequence","189.19","",""
"07/03/2026 17:00:00 - 07/03/2026 17:15:00","BZN|NL","Without Sequence","162.95","",""
"07/03/2026 17:15:00 - 07/03/2026 17:30:00","BZN|NL","Without Sequence","175.57","",""
"07/03/2026 17:30:00 - 07/03/2026 17:45:00","BZN|NL","Without Sequence","193.95","",""
"07/03/2026 17:45:00 - 07/03/2026 18:00:00","BZN|NL","Without Sequence","184.34","",""
"07/03/2026 18:00:00 - 07/03/2026 18:15:00","BZN|NL","Without Sequence","188.11","",""
"07/03/2026 18:15:00 - 07/03/2026 18:30:00","BZN|NL","Without Sequence","171.64","",""
"07/03/2026 18:30:00 - 07/03/2026 18:45:00","BZN|NL","Without Sequence","164.16","",""
"07/03/2026 18:45:00 - 07/03/2026 19:00:00","BZN|NL","Without Sequence","148.90","",""
"07/03/2026 19:00:00 - 07/03/2026 19:15:00","BZN|NL","Without Sequence","155.74","",""
"07/03/2026 19:15:00 - 07/03/2026 19:30:00","BZN|NL","Without Sequence","150.01","",""
"07/03/2026 19:30:00 - 07/03/2026 19:45:00","BZN|NL","Without Sequence","143.57","",""
"07/03/2026 19:45:00 - 07/03/2026 20:00:00","BZN|NL","Without Sequence","135.39","",""
"07/03/2026 20:00:00 - 07/03/2026 20:15:00","BZN|NL","Without Sequence","141.20","",""
"07/03/2026 20:15:00 - 07/03/2026 20:30:00","BZN|NL","Without Sequence","133.18","",""
"07/03/2026 20:30:00 - 07/03/2026 20:45:00","BZN|NL","Without Sequence","128.45","",""
"07/03/2026 20:45:00 - 07/03/2026 21:00:00","BZN|NL","Without Sequence","122.68","",""
"07/03/2026 21:00:00 - 07/03/2026 21:15:00","BZN|NL","Without Sequence","136.49","",""
"07/03/2026 21:15:00 - 07/03/2026 21:30:00","BZN|NL","Without Sequence","128.52","",""
"07/03/2026 21:30:00 - 07/03/2026 21:45:00","BZN|NL","Without Sequence","126.79","",""
"07/03/2026 21:45:00 - 07/03/2026 22:00:00","BZN|NL","Without Sequence","125.54","",""
"07/03/2026 22:00:00 - 07/03/2026 22:15:00","BZN|NL","Without Sequence","138.18","",""
"07/03/2026 22:15:00 - 07/03/2026 22:30:00","BZN|NL","Without Sequence","125.78","",""
"07/03/2026 22:30:00 - 07/03/2026 22:45:00","BZN|NL","Without Sequence","122.17","",""
"07/03/2026 22:45:00 - 07/03/2026 23:00:00","BZN|NL","Without Sequence","116.84","",""
"07/03/2026 23:00:00 - 07/03/2026 23:15:00","BZN|NL","Without Sequence","141.85","",""
"07/03/2026 23:15:00 - 07/03/2026 23:30:00","BZN|NL","Without Sequence","133.56","",""
"07/03/2026 23:30:00 - 07/03/2026 23:45:00","BZN|NL","Without Sequence","128.59","",""
"07/03/2026 23:45:00 - 08/03/2026 00:00:00","BZN|NL","Without Sequence","125.19","",""
"08/03/2026 00:00:00 - 08/03/2026 00:15:00","BZN|NL","Without Sequence","134.66","",""
"08/03/2026 00:15:00 - 08/03/2026 00:30:00","BZN|NL","Without Sequence","130.46","",""
"08/03/2026 00:30:00 - 08/03/2026 00:45:00","BZN|NL","Without Sequence","125.68","",""
"08/03/2026 00:45:00 - 08/03/2026 01:00:00","BZN|NL","Without Sequence","122.61","",""
"08/03/2026 01:00:00 - 08/03/2026 01:15:00","BZN|NL","Without Sequence","128.97","",""
"08/03/2026 01:15:00 - 08/03/2026 01:30:00","BZN|NL","Without Sequence","128.26","",""
"08/03/2026 01:30:00 - 08/03/2026 01:45:00","BZN|NL","Without Sequence","125.16","",""
"08/03/2026 01:45:00 - 08/03/2026 02:00:00","BZN|NL","Without Sequence","122.57","",""
"08/03/2026 02:00:00 - 08/03/2026 02:15:00","BZN|NL","Without Sequence","126.89","",""
"08/03/2026 02:15:00 - 08/03/2026 02:30:00","BZN|NL","Without Sequence","124.44","",""
"08/03/2026 02:30:00 - 08/03/2026 02:45:00","BZN|NL","Without Sequence","124.70","",""
"08/03/2026 02:45:00 - 08/03/2026 03:00:00","BZN|NL","Without Sequence","122.07","",""
"08/03/2026 03:00:00 - 08/03/2026 03:15:00","BZN|NL","Without Sequence","123.54","",""
"08/03/2026 03:15:00 - 08/03/2026 03:30:00","BZN|NL","Without Sequence","122.64","",""
"08/03/2026 03:30:00 - 08/03/2026 03:45:00","BZN|NL","Without Sequence","123.07","",""
"08/03/2026 03:45:00 - 08/03/2026 04:00:00","BZN|NL","Without Sequence","123.68","",""
"08/03/2026 04:00:00 - 08/03/2026 04:15:00","BZN|NL","Without Sequence","124.00","",""
"08/03/2026 04:15:00 - 08/03/2026 04:30:00","BZN|NL","Without Sequence","122.00","",""
"08/03/2026 04:30:00 - 08/03/2026 04:45:00","BZN|NL","Without Sequence","124.38","",""
"08/03/2026 04:45:00 - 08/03/2026 05:00:00","BZN|NL","Without Sequence","125.27","",""
"08/03/2026 05:00:00 - 08/03/2026 05:15:00","BZN|NL","Without Sequence","124.43","",""
"08/03/2026 05:15:00 - 08/03/2026 05:30:00","BZN|NL","Without Sequence","128.74","",""
"08/03/2026 05:30:00 - 08/03/2026 05:45:00","BZN|NL","Without Sequence","127.57","",""
"08/03/2026 05:45:00 - 08/03/2026 06:00:00","BZN|NL","Without Sequence","125.10","",""
"08/03/2026 06:00:00 - 08/03/2026 06:15:00","BZN|NL","Without Sequence","135.26","",""
"08/03/2026 06:15:00 - 08/03/2026 06:30:00","BZN|NL","Without Sequence","125.18","",""
"08/03/2026 06:30:00 - 08/03/2026 06:45:00","BZN|NL","Without Sequence","108.41","",""
"08/03/2026 06:45:00 - 08/03/2026 07:00:00","BZN|NL","Without Sequence","91.77","",""
"08/03/2026 07:00:00 - 08/03/2026 07:15:00","BZN|NL","Without Sequence","132.12","",""
"08/03/2026 07:15:00 - 08/03/2026 07:30:00","BZN|NL","Without Sequence","113.13","",""
"08/03/2026 07:30:00 - 08/03/2026 07:45:00","BZN|NL","Without Sequence","112.89","",""
"08/03/2026 07:45:00 - 08/03/2026 08:00:00","BZN|NL","Without Sequence","101.45","",""
"08/03/2026 08:00:00 - 08/03/2026 08:15:00","BZN|NL","Without Sequence","127.58","",""
"08/03/2026 08:15:00 - 08/03/2026 08:30:00","BZN|NL","Without Sequence","114.77","",""
"08/03/2026 08:30:00 - 08/03/2026 08:45:00","BZN|NL","Without Sequence","110.62","",""
"08/03/2026 08:45:00 - 08/03/2026 09:00:00","BZN|NL","Without Sequence","90.34","",""
"08/03/2026 09:00:00 - 08/03/2026 09:15:00","BZN|NL","Without Sequence","109.10","",""
"08/03/2026 09:15:00 - 08/03/2026 09:30:00","BZN|NL","Without Sequence","97.11","",""
"08/03/2026 09:30:00 - 08/03/2026 09:45:00","BZN|NL","Without Sequence","93.15","",""
"08/03/2026 09:45:00 - 08/03/2026 10:00:00","BZN|NL","Without Sequence","80.00","",""
"08/03/2026 10:00:00 - 08/03/2026 10:15:00","BZN|NL","Without Sequence","34.58","",""
"08/03/2026 10:15:00 - 08/03/2026 10:30:00","BZN|NL","Without Sequence","23.78","",""
"08/03/2026 10:30:00 - 08/03/2026 10:45:00","BZN|NL","Without Sequence","17.25","",""
"08/03/2026 10:45:00 - 08/03/2026 11:00:00","BZN|NL","Without Sequence","10.43","",""
"08/03/2026 11:00:00 - 08/03/2026 11:15:00","BZN|NL","Without Sequence","14.96","",""
"08/03/2026 11:15:00 - 08/03/2026 11:30:00","BZN|NL","Without Sequence","11.05","",""
"08/03/2026 11:30:00 - 08/03/2026 11:45:00","BZN|NL","Without Sequence","11.15","",""
"08/03/2026 11:45:00 - 08/03/2026 12:00:00","BZN|NL","Without Sequence","1.96","",""
"08/03/2026 12:00:00 - 08/03/2026 12:15:00","BZN|NL","Without Sequence","0.05","",""
"08/03/2026 12:15:00 - 08/03/2026 12:30:00","BZN|NL","Without Sequence","0.00","",""
"08/03/2026 12:30:00 - 08/03/2026 12:45:00","BZN|NL","Without Sequence","-0.01","",""
"08/03/2026 12:45:00 - 08/03/2026 13:00:00","BZN|NL","Without Sequence","0.00","",""
"08/03/2026 13:00:00 - 08/03/2026 13:15:00","BZN|NL","Without Sequence","0.00","",""
"08/03/2026 13:15:00 - 08/03/2026 13:30:00","BZN|NL","Without Sequence","0.00","",""
"08/03/2026 13:30:00 - 08/03/2026 13:45:00","BZN|NL","Without Sequence","7.70","",""
"08/03/2026 13:45:00 - 08/03/2026 14:00:00","BZN|NL","Without Sequence","18.46","",""
"08/03/2026 14:00:00 - 08/03/2026 14:15:00","BZN|NL","Without Sequence","15.57","",""
"08/03/2026 14:15:00 - 08/03/2026 14:30:00","BZN|NL","Without Sequence","37.55","",""
"08/03/2026 14:30:00 - 08/03/2026 14:45:00","BZN|NL","Without Sequence","77.12","",""
"08/03/2026 14:45:00 - 08/03/2026 15:00:00","BZN|NL","Without Sequence","103.56","",""
"08/03/2026 15:00:00 - 08/03/2026 15:15:00","BZN|NL","Without Sequence","64.81","",""
"08/03/2026 15:15:00 - 08/03/2026 15:30:00","BZN|NL","Without Sequence","98.92","",""
"08/03/2026 15:30:00 - 08/03/2026 15:45:00","BZN|NL","Without Sequence","123.54","",""
"08/03/2026 15:45:00 - 08/03/2026 16:00:00","BZN|NL","Without Sequence","140.95","",""
"08/03/2026 16:00:00 - 08/03/2026 16:15:00","BZN|NL","Without Sequence","114.37","",""
"08/03/2026 16:15:00 - 08/03/2026 16:30:00","BZN|NL","Without Sequence","130.05","",""
"08/03/2026 16:30:00 - 08/03/2026 16:45:00","BZN|NL","Without Sequence","141.91","",""
"08/03/2026 16:45:00 - 08/03/2026 17:00:00","BZN|NL","Without Sequence","205.12","",""
"08/03/2026 17:00:00 - 08/03/2026 17:15:00","BZN|NL","Without Sequence","161.30","",""
"08/03/2026 17:15:00 - 08/03/2026 17:30:00","BZN|NL","Without Sequence","174.00","",""
"08/03/2026 17:30:00 - 08/03/2026 17:45:00","BZN|NL","Without Sequence","165.41","",""
"08/03/2026 17:45:00 - 08/03/2026 18:00:00","BZN|NL","Without Sequence","170.79","",""
"08/03/2026 18:00:00 - 08/03/2026 18:15:00","BZN|NL","Without Sequence","160.20","",""
"08/03/2026 18:15:00 - 08/03/2026 18:30:00","BZN|NL","Without Sequence","150.87","",""
"08/03/2026 18:30:00 - 08/03/2026 18:45:00","BZN|NL","Without Sequence","155.14","",""
"08/03/2026 18:45:00 - 08/03/2026 19:00:00","BZN|NL","Without Sequence","150.00","",""
"08/03/2026 19:00:00 - 08/03/2026 19:15:00","BZN|NL","Without Sequence","169.09","",""
"08/03/2026 19:15:00 - 08/03/2026 19:30:00","BZN|NL","Without Sequence","156.61","",""
"08/03/2026 19:30:00 - 08/03/2026 19:45:00","BZN|NL","Without Sequence","145.31","",""
"08/03/2026 19:45:00 - 08/03/2026 20:00:00","BZN|NL","Without Sequence","129.01","",""
"08/03/2026 20:00:00 - 08/03/2026 20:15:00","BZN|NL","Without Sequence","138.53","",""
"08/03/2026 20:15:00 - 08/03/2026 20:30:00","BZN|NL","Without Sequence","131.48","",""
"08/03/2026 20:30:00 - 08/03/2026 20:45:00","BZN|NL","Without Sequence","125.40","",""
"08/03/2026 20:45:00 - 08/03/2026 21:00:00","BZN|NL","Without Sequence","117.09","",""
"08/03/2026 21:00:00 - 08/03/2026 21:15:00","BZN|NL","Without Sequence","132.27","",""
"08/03/2026 21:15:00 - 08/03/2026 21:30:00","BZN|NL","Without Sequence","121.51","",""
"08/03/2026 21:30:00 - 08/03/2026 21:45:00","BZN|NL","Without Sequence","121.10","",""
"08/03/2026 21:45:00 - 08/03/2026 22:00:00","BZN|NL","Without Sequence","130.10","",""
"08/03/2026 22:00:00 - 08/03/2026 22:15:00","BZN|NL","Without Sequence","140.10","",""
"08/03/2026 22:15:00 - 08/03/2026 22:30:00","BZN|NL","Without Sequence","132.90","",""
"08/03/2026 22:30:00 - 08/03/2026 22:45:00","BZN|NL","Without Sequence","130.92","",""
"08/03/2026 22:45:00 - 08/03/2026 23:00:00","BZN|NL","Without Sequence","120.10","",""
"08/03/2026 23:00:00 - 08/03/2026 23:15:00","BZN|NL","Without Sequence","122.72","",""
"08/03/2026 23:15:00 - 08/03/2026 23:30:00","BZN|NL","Without Sequence","115.03","",""
"08/03/2026 23:30:00 - 08/03/2026 23:45:00","BZN|NL","Without Sequence","113.26","",""
"08/03/2026 23:45:00 - 09/03/2026 00:00:00","BZN|NL","Without Sequence","107.97","",""
"09/03/2026 00:00:00 - 09/03/2026 00:15:00","BZN|NL","Without Sequence","111.96","",""
"09/03/2026 00:15:00 - 09/03/2026 00:30:00","BZN|NL","Without Sequence","110.02","",""
"09/03/2026 00:30:00 - 09/03/2026 00:45:00","BZN|NL","Without Sequence","109.39","",""
"09/03/2026 00:45:00 - 09/03/2026 01:00:00","BZN|NL","Without Sequence","108.07","",""
"09/03/2026 01:00:00 - 09/03/2026 01:15:00","BZN|NL","Without Sequence","109.77","",""
"09/03/2026 01:15:00 - 09/03/2026 01:30:00","BZN|NL","Without Sequence","107.82","",""
"09/03/2026 01:30:00 - 09/03/2026 01:45:00","BZN|NL","Without Sequence","109.87","",""
"09/03/2026 01:45:00 - 09/03/2026 02:00:00","BZN|NL","Without Sequence","109.96","",""
"09/03/2026 02:00:00 - 09/03/2026 02:15:00","BZN|NL","Without Sequence","110.03","",""
"09/03/2026 02:15:00 - 09/03/2026 02:30:00","BZN|NL","Without Sequence","110.41","",""
"09/03/2026 02:30:00 - 09/03/2026 02:45:00","BZN|NL","Without Sequence","110.40","",""
"09/03/2026 02:45:00 - 09/03/2026 03:00:00","BZN|NL","Without Sequence","111.12","",""
"09/03/2026 03:00:00 - 09/03/2026 03:15:00","BZN|NL","Without Sequence","113.00","",""
"09/03/2026 03:15:00 - 09/03/2026 03:30:00","BZN|NL","Without Sequence","112.60","",""
"09/03/2026 03:30:00 - 09/03/2026 03:45:00","BZN|NL","Without Sequence","116.12","",""
"09/03/2026 03:45:00 - 09/03/2026 04:00:00","BZN|NL","Without Sequence","121.14","",""
"09/03/2026 04:00:00 - 09/03/2026 04:15:00","BZN|NL","Without Sequence","110.99","",""
"09/03/2026 04:15:00 - 09/03/2026 04:30:00","BZN|NL","Without Sequence","122.32","",""
"09/03/2026 04:30:00 - 09/03/2026 04:45:00","BZN|NL","Without Sequence","137.30","",""
"09/03/2026 04:45:00 - 09/03/2026 05:00:00","BZN|NL","Without Sequence","162.78","",""
"09/03/2026 05:00:00 - 09/03/2026 05:15:00","BZN|NL","Without Sequence","140.92","",""
"09/03/2026 05:15:00 - 09/03/2026 05:30:00","BZN|NL","Without Sequence","146.57","",""
"09/03/2026 05:30:00 - 09/03/2026 05:45:00","BZN|NL","Without Sequence","170.16","",""
"09/03/2026 05:45:00 - 09/03/2026 06:00:00","BZN|NL","Without Sequence","177.25","",""
"09/03/2026 06:00:00 - 09/03/2026 06:15:00","BZN|NL","Without Sequence","222.46","",""
"09/03/2026 06:15:00 - 09/03/2026 06:30:00","BZN|NL","Without Sequence","221.84","",""
"09/03/2026 06:30:00 - 09/03/2026 06:45:00","BZN|NL","Without Sequence","180.47","",""
"09/03/2026 06:45:00 - 09/03/2026 07:00:00","BZN|NL","Without Sequence","150.00","",""
"09/03/2026 07:00:00 - 09/03/2026 07:15:00","BZN|NL","Without Sequence","245.77","",""
"09/03/2026 07:15:00 - 09/03/2026 07:30:00","BZN|NL","Without Sequence","159.16","",""
"09/03/2026 07:30:00 - 09/03/2026 07:45:00","BZN|NL","Without Sequence","155.61","",""
"09/03/2026 07:45:00 - 09/03/2026 08:00:00","BZN|NL","Without Sequence","124.97","",""
"09/03/2026 08:00:00 - 09/03/2026 08:15:00","BZN|NL","Without Sequence","164.87","",""
"09/03/2026 08:15:00 - 09/03/2026 08:30:00","BZN|NL","Without Sequence","142.22","",""
"09/03/2026 08:30:00 - 09/03/2026 08:45:00","BZN|NL","Without Sequence","134.35","",""
"09/03/2026 08:45:00 - 09/03/2026 09:00:00","BZN|NL","Without Sequence","109.39","",""
"09/03/2026 09:00:00 - 09/03/2026 09:15:00","BZN|NL","Without Sequence","130.70","",""
"09/03/2026 09:15:00 - 09/03/2026 09:30:00","BZN|NL","Without Sequence","120.14","",""
"09/03/2026 09:30:00 - 09/03/2026 09:45:00","BZN|NL","Without Sequence","107.63","",""
"09/03/2026 09:45:00 - 09/03/2026 10:00:00","BZN|NL","Without Sequence","100.24","",""
"09/03/2026 10:00:00 - 09/03/2026 10:15:00","BZN|NL","Without Sequence","100.87","",""
"09/03/2026 10:15:00 - 09/03/2026 10:30:00","BZN|NL","Without Sequence","97.18","",""
"09/03/2026 10:30:00 - 09/03/2026 10:45:00","BZN|NL","Without Sequence","91.49","",""
"09/03/2026 10:45:00 - 09/03/2026 11:00:00","BZN|NL","Without Sequence","78.21","",""
"09/03/2026 11:00:00 - 09/03/2026 11:15:00","BZN|NL","Without Sequence","76.19","",""
"09/03/2026 11:15:00 - 09/03/2026 11:30:00","BZN|NL","Without Sequence","74.28","",""
"09/03/2026 11:30:00 - 09/03/2026 11:45:00","BZN|NL","Without Sequence","73.65","",""
"09/03/2026 11:45:00 - 09/03/2026 12:00:00","BZN|NL","Without Sequence","72.31","",""
"09/03/2026 12:00:00 - 09/03/2026 12:15:00","BZN|NL","Without Sequence","69.89","",""
"09/03/2026 12:15:00 - 09/03/2026 12:30:00","BZN|NL","Without Sequence","70.80","",""
"09/03/2026 12:30:00 - 09/03/2026 12:45:00","BZN|NL","Without Sequence","72.73","",""
"09/03/2026 12:45:00 - 09/03/2026 13:00:00","BZN|NL","Without Sequence","76.49","",""
"09/03/2026 13:00:00 - 09/03/2026 13:15:00","BZN|NL","Without Sequence","72.42","",""
"09/03/2026 13:15:00 - 09/03/2026 13:30:00","BZN|NL","Without Sequence","81.23","",""
"09/03/2026 13:30:00 - 09/03/2026 13:45:00","BZN|NL","Without Sequence","85.90","",""
"09/03/2026 13:45:00 - 09/03/2026 14:00:00","BZN|NL","Without Sequence","95.48","",""
"09/03/2026 14:00:00 - 09/03/2026 14:15:00","BZN|NL","Without Sequence","91.33","",""
"09/03/2026 14:15:00 - 09/03/2026 14:30:00","BZN|NL","Without Sequence","101.41","",""
"09/03/2026 14:30:00 - 09/03/2026 14:45:00","BZN|NL","Without Sequence","113.64","",""
"09/03/2026 14:45:00 - 09/03/2026 15:00:00","BZN|NL","Without Sequence","137.99","",""
"09/03/2026 15:00:00 - 09/03/2026 15:15:00","BZN|NL","Without Sequence","100.48","",""
"09/03/2026 15:15:00 - 09/03/2026 15:30:00","BZN|NL","Without Sequence","131.61","",""
"09/03/2026 15:30:00 - 09/03/2026 15:45:00","BZN|NL","Without Sequence","144.55","",""
"09/03/2026 15:45:00 - 09/03/2026 16:00:00","BZN|NL","Without Sequence","176.17","",""
"09/03/2026 16:00:00 - 09/03/2026 16:15:00","BZN|NL","Without Sequence","127.14","",""
"09/03/2026 16:15:00 - 09/03/2026 16:30:00","BZN|NL","Without Sequence","161.82","",""
"09/03/2026 16:30:00 - 09/03/2026 16:45:00","BZN|NL","Without Sequence","199.53","",""
"09/03/2026 16:45:00 - 09/03/2026 17:00:00","BZN|NL","Without Sequence","259.61","",""
"09/03/2026 17:00:00 - 09/03/2026 17:15:00","BZN|NL","Without Sequence","223.39","",""
"09/03/2026 17:15:00 - 09/03/2026 17:30:00","BZN|NL","Without Sequence","246.65","",""
"09/03/2026 17:30:00 - 09/03/2026 17:45:00","BZN|NL","Without Sequence","250.10","",""
"09/03/2026 17:45:00 - 09/03/2026 18:00:00","BZN|NL","Without Sequence","250.10","",""
"09/03/2026 18:00:00 - 09/03/2026 18:15:00","BZN|NL","Without Sequence","247.90","",""
"09/03/2026 18:15:00 - 09/03/2026 18:30:00","BZN|NL","Without Sequence","218.08","",""
"09/03/2026 18:30:00 - 09/03/2026 18:45:00","BZN|NL","Without Sequence","217.77","",""
"09/03/2026 18:45:00 - 09/03/2026 19:00:00","BZN|NL","Without Sequence","205.65","",""
"09/03/2026 19:00:00 - 09/03/2026 19:15:00","BZN|NL","Without Sequence","217.77","",""
"09/03/2026 19:15:00 - 09/03/2026 19:30:00","BZN|NL","Without Sequence","195.18","",""
"09/03/2026 19:30:00 - 09/03/2026 19:45:00","BZN|NL","Without Sequence","160.56","",""
"09/03/2026 19:45:00 - 09/03/2026 20:00:00","BZN|NL","Without Sequence","146.49","",""
"09/03/2026 20:00:00 - 09/03/2026 20:15:00","BZN|NL","Without Sequence","170.63","",""
"09/03/2026 20:15:00 - 09/03/2026 20:30:00","BZN|NL","Without Sequence","157.45","",""
"09/03/2026 20:30:00 - 09/03/2026 20:45:00","BZN|NL","Without Sequence","144.85","",""
"09/03/2026 20:45:00 - 09/03/2026 21:00:00","BZN|NL","Without Sequence","135.15","",""
"09/03/2026 21:00:00 - 09/03/2026 21:15:00","BZN|NL","Without Sequence","155.40","",""
"09/03/2026 21:15:00 - 09/03/2026 21:30:00","BZN|NL","Without Sequence","145.45","",""
"09/03/2026 21:30:00 - 09/03/2026 21:45:00","BZN|NL","Without Sequence","144.86","",""
"09/03/2026 21:45:00 - 09/03/2026 22:00:00","BZN|NL","Without Sequence","130.63","",""
"09/03/2026 22:00:00 - 09/03/2026 22:15:00","BZN|NL","Without Sequence","139.82","",""
"09/03/2026 22:15:00 - 09/03/2026 22:30:00","BZN|NL","Without Sequence","134.85","",""
"09/03/2026 22:30:00 - 09/03/2026 22:45:00","BZN|NL","Without Sequence","128.83","",""
"09/03/2026 22:45:00 - 09/03/2026 23:00:00","BZN|NL","Without Sequence","131.73","",""
"09/03/2026 23:00:00 - 09/03/2026 23:15:00","BZN|NL","Without Sequence","151.81","",""
"09/03/2026 23:15:00 - 09/03/2026 23:30:00","BZN|NL","Without Sequence","140.10","",""
"09/03/2026 23:30:00 - 09/03/2026 23:45:00","BZN|NL","Without Sequence","136.98","",""
"09/03/2026 23:45:00 - 10/03/2026 00:00:00","BZN|NL","Without Sequence","130.77","",""
"10/03/2026 00:00:00 - 10/03/2026 00:15:00","BZN|NL","Without Sequence","136.45","",""
"10/03/2026 00:15:00 - 10/03/2026 00:30:00","BZN|NL","Without Sequence","130.27","",""
"10/03/2026 00:30:00 - 10/03/2026 00:45:00","BZN|NL","Without Sequence","128.79","",""
"10/03/2026 00:45:00 - 10/03/2026 01:00:00","BZN|NL","Without Sequence","128.21","",""
"10/03/2026 01:00:00 - 10/03/2026 01:15:00","BZN|NL","Without Sequence","129.78","",""
"10/03/2026 01:15:00 - 10/03/2026 01:30:00","BZN|NL","Without Sequence","128.23","",""
"10/03/2026 01:30:00 - 10/03/2026 01:45:00","BZN|NL","Without Sequence","127.85","",""
"10/03/2026 01:45:00 - 10/03/2026 02:00:00","BZN|NL","Without Sequence","125.60","",""
"10/03/2026 02:00:00 - 10/03/2026 02:15:00","BZN|NL","Without Sequence","124.77","",""
"10/03/2026 02:15:00 - 10/03/2026 02:30:00","BZN|NL","Without Sequence","124.45","",""
"10/03/2026 02:30:00 - 10/03/2026 02:45:00","BZN|NL","Without Sequence","125.37","",""
"10/03/2026 02:45:00 - 10/03/2026 03:00:00","BZN|NL","Without Sequence","127.99","",""
"10/03/2026 03:00:00 - 10/03/2026 03:15:00","BZN|NL","Without Sequence","122.11","",""
"10/03/2026 03:15:00 - 10/03/2026 03:30:00","BZN|NL","Without Sequence","124.25","",""
"10/03/2026 03:30:00 - 10/03/2026 03:45:00","BZN|NL","Without Sequence","128.56","",""
"10/03/2026 03:45:00 - 10/03/2026 04:00:00","BZN|NL","Without Sequence","132.78","",""
"10/03/2026 04:00:00 - 10/03/2026 04:15:00","BZN|NL","Without Sequence","125.97","",""
"10/03/2026 04:15:00 - 10/03/2026 04:30:00","BZN|NL","Without Sequence","132.07","",""
"10/03/2026 04:30:00 - 10/03/2026 04:45:00","BZN|NL","Without Sequence","140.53","",""
"10/03/2026 04:45:00 - 10/03/2026 05:00:00","BZN|NL","Without Sequence","155.62","",""
"10/03/2026 05:00:00 - 10/03/2026 05:15:00","BZN|NL","Without Sequence","139.13","",""
"10/03/2026 05:15:00 - 10/03/2026 05:30:00","BZN|NL","Without Sequence","163.61","",""
"10/03/2026 05:30:00 - 10/03/2026 05:45:00","BZN|NL","Without Sequence","171.27","",""
"10/03/2026 05:45:00 - 10/03/2026 06:00:00","BZN|NL","Without Sequence","187.05","",""
"10/03/2026 06:00:00 - 10/03/2026 06:15:00","BZN|NL","Without Sequence","192.18","",""
"10/03/2026 06:15:00 - 10/03/2026 06:30:00","BZN|NL","Without Sequence","199.92","",""
"10/03/2026 06:30:00 - 10/03/2026 06:45:00","BZN|NL","Without Sequence","174.03","",""
"10/03/2026 06:45:00 - 10/03/2026 07:00:00","BZN|NL","Without Sequence","152.52","",""
"10/03/2026 07:00:00 - 10/03/2026 07:15:00","BZN|NL","Without Sequence","236.20","",""
"10/03/2026 07:15:00 - 10/03/2026 07:30:00","BZN|NL","Without Sequence","179.67","",""
"10/03/2026 07:30:00 - 10/03/2026 07:45:00","BZN|NL","Without Sequence","159.00","",""
"10/03/2026 07:45:00 - 10/03/2026 08:00:00","BZN|NL","Without Sequence","138.30","",""
"10/03/2026 08:00:00 - 10/03/2026 08:15:00","BZN|NL","Without Sequence","197.32","",""
"10/03/2026 08:15:00 - 10/03/2026 08:30:00","BZN|NL","Without Sequence","149.96","",""
"10/03/2026 08:30:00 - 10/03/2026 08:45:00","BZN|NL","Without Sequence","134.85","",""
"10/03/2026 08:45:00 - 10/03/2026 09:00:00","BZN|NL","Without Sequence","122.87","",""
"10/03/2026 09:00:00 - 10/03/2026 09:15:00","BZN|NL","Without Sequence","168.21","",""
"10/03/2026 09:15:00 - 10/03/2026 09:30:00","BZN|NL","Without Sequence","125.93","",""
"10/03/2026 09:30:00 - 10/03/2026 09:45:00","BZN|NL","Without Sequence","126.16","",""
"10/03/2026 09:45:00 - 10/03/2026 10:00:00","BZN|NL","Without Sequence","119.63","",""
"10/03/2026 10:00:00 - 10/03/2026 10:15:00","BZN|NL","Without Sequence","138.63","",""
"10/03/2026 10:15:00 - 10/03/2026 10:30:00","BZN|NL","Without Sequence","130.71","",""
"10/03/2026 10:30:00 - 10/03/2026 10:45:00","BZN|NL","Without Sequence","118.29","",""
"10/03/2026 10:45:00 - 10/03/2026 11:00:00","BZN|NL","Without Sequence","109.64","",""
"10/03/2026 11:00:00 - 10/03/2026 11:15:00","BZN|NL","Without Sequence","122.47","",""
"10/03/2026 11:15:00 - 10/03/2026 11:30:00","BZN|NL","Without Sequence","116.51","",""
"10/03/2026 11:30:00 - 10/03/2026 11:45:00","BZN|NL","Without Sequence","116.23","",""
"10/03/2026 11:45:00 - 10/03/2026 12:00:00","BZN|NL","Without Sequence","115.63","",""
"10/03/2026 12:00:00 - 10/03/2026 12:15:00","BZN|NL","Without Sequence","115.14","",""
"10/03/2026 12:15:00 - 10/03/2026 12:30:00","BZN|NL","Without Sequence","114.99","",""
"10/03/2026 12:30:00 - 10/03/2026 12:45:00","BZN|NL","Without Sequence","108.40","",""
"10/03/2026 12:45:00 - 10/03/2026 13:00:00","BZN|NL","Without Sequence","113.08","",""
"10/03/2026 13:00:00 - 10/03/2026 13:15:00","BZN|NL","Without Sequence","115.02","",""
"10/03/2026 13:15:00 - 10/03/2026 13:30:00","BZN|NL","Without Sequence","115.88","",""
"10/03/2026 13:30:00 - 10/03/2026 13:45:00","BZN|NL","Without Sequence","109.02","",""
"10/03/2026 13:45:00 - 10/03/2026 14:00:00","BZN|NL","Without Sequence","130.00","",""
"10/03/2026 14:00:00 - 10/03/2026 14:15:00","BZN|NL","Without Sequence","115.97","",""
"10/03/2026 14:15:00 - 10/03/2026 14:30:00","BZN|NL","Without Sequence","114.98","",""
"10/03/2026 14:30:00 - 10/03/2026 14:45:00","BZN|NL","Without Sequence","116.27","",""
"10/03/2026 14:45:00 - 10/03/2026 15:00:00","BZN|NL","Without Sequence","150.67","",""
"10/03/2026 15:00:00 - 10/03/2026 15:15:00","BZN|NL","Without Sequence","107.76","",""
"10/03/2026 15:15:00 - 10/03/2026 15:30:00","BZN|NL","Without Sequence","138.49","",""
"10/03/2026 15:30:00 - 10/03/2026 15:45:00","BZN|NL","Without Sequence","154.15","",""
"10/03/2026 15:45:00 - 10/03/2026 16:00:00","BZN|NL","Without Sequence","182.76","",""
"10/03/2026 16:00:00 - 10/03/2026 16:15:00","BZN|NL","Without Sequence","134.50","",""
"10/03/2026 16:15:00 - 10/03/2026 16:30:00","BZN|NL","Without Sequence","162.70","",""
"10/03/2026 16:30:00 - 10/03/2026 16:45:00","BZN|NL","Without Sequence","194.75","",""
"10/03/2026 16:45:00 - 10/03/2026 17:00:00","BZN|NL","Without Sequence","242.91","",""
"10/03/2026 17:00:00 - 10/03/2026 17:15:00","BZN|NL","Without Sequence","188.84","",""
"10/03/2026 17:15:00 - 10/03/2026 17:30:00","BZN|NL","Without Sequence","212.20","",""
"10/03/2026 17:30:00 - 10/03/2026 17:45:00","BZN|NL","Without Sequence","215.96","",""
"10/03/2026 17:45:00 - 10/03/2026 18:00:00","BZN|NL","Without Sequence","211.00","",""
"10/03/2026 18:00:00 - 10/03/2026 18:15:00","BZN|NL","Without Sequence","233.26","",""
"10/03/2026 18:15:00 - 10/03/2026 18:30:00","BZN|NL","Without Sequence","204.30","",""
"10/03/2026 18:30:00 - 10/03/2026 18:45:00","BZN|NL","Without Sequence","195.06","",""
"10/03/2026 18:45:00 - 10/03/2026 19:00:00","BZN|NL","Without Sequence","167.02","",""
"10/03/2026 19:00:00 - 10/03/2026 19:15:00","BZN|NL","Without Sequence","175.59","",""
"10/03/2026 19:15:00 - 10/03/2026 19:30:00","BZN|NL","Without Sequence","155.73","",""
"10/03/2026 19:30:00 - 10/03/2026 19:45:00","BZN|NL","Without Sequence","149.91","",""
"10/03/2026 19:45:00 - 10/03/2026 20:00:00","BZN|NL","Without Sequence","150.91","",""
"10/03/2026 20:00:00 - 10/03/2026 20:15:00","BZN|NL","Without Sequence","154.71","",""
"10/03/2026 20:15:00 - 10/03/2026 20:30:00","BZN|NL","Without Sequence","149.93","",""
"10/03/2026 20:30:00 - 10/03/2026 20:45:00","BZN|NL","Without Sequence","138.79","",""
"10/03/2026 20:45:00 - 10/03/2026 21:00:00","BZN|NL","Without Sequence","117.81","",""
"10/03/2026 21:00:00 - 10/03/2026 21:15:00","BZN|NL","Without Sequence","140.66","",""
"10/03/2026 21:15:00 - 10/03/2026 21:30:00","BZN|NL","Without Sequence","130.15","",""
"10/03/2026 21:30:00 - 10/03/2026 21:45:00","BZN|NL","Without Sequence","119.54","",""
"10/03/2026 21:45:00 - 10/03/2026 22:00:00","BZN|NL","Without Sequence","105.65","",""
"10/03/2026 22:00:00 - 10/03/2026 22:15:00","BZN|NL","Without Sequence","117.76","",""
"10/03/2026 22:15:00 - 10/03/2026 22:30:00","BZN|NL","Without Sequence","102.14","",""
"10/03/2026 22:30:00 - 10/03/2026 22:45:00","BZN|NL","Without Sequence","95.52","",""
"10/03/2026 22:45:00 - 10/03/2026 23:00:00","BZN|NL","Without Sequence","76.28","",""
"10/03/2026 23:00:00 - 10/03/2026 23:15:00","BZN|NL","Without Sequence","84.23","",""
"10/03/2026 23:15:00 - 10/03/2026 23:30:00","BZN|NL","Without Sequence","80.13","",""
"10/03/2026 23:30:00 - 10/03/2026 23:45:00","BZN|NL","Without Sequence","74.46","",""
"10/03/2026 23:45:00 - 11/03/2026 00:00:00","BZN|NL","Without Sequence","61.57","",""
"11/03/2026 00:00:00 - 11/03/2026 00:15:00","BZN|NL","Without Sequence","77.98","",""
"11/03/2026 00:15:00 - 11/03/2026 00:30:00","BZN|NL","Without Sequence","68.19","",""
"11/03/2026 00:30:00 - 11/03/2026 00:45:00","BZN|NL","Without Sequence","66.02","",""
"11/03/2026 00:45:00 - 11/03/2026 01:00:00","BZN|NL","Without Sequence","54.00","",""
"11/03/2026 01:00:00 - 11/03/2026 01:15:00","BZN|NL","Without Sequence","64.77","",""
"11/03/2026 01:15:00 - 11/03/2026 01:30:00","BZN|NL","Without Sequence","61.44","",""
"11/03/2026 01:30:00 - 11/03/2026 01:45:00","BZN|NL","Without Sequence","58.16","",""
"11/03/2026 01:45:00 - 11/03/2026 02:00:00","BZN|NL","Without Sequence","55.55","",""
"11/03/2026 02:00:00 - 11/03/2026 02:15:00","BZN|NL","Without Sequence","59.92","",""
"11/03/2026 02:15:00 - 11/03/2026 02:30:00","BZN|NL","Without Sequence","57.93","",""
"11/03/2026 02:30:00 - 11/03/2026 02:45:00","BZN|NL","Without Sequence","55.25","",""
"11/03/2026 02:45:00 - 11/03/2026 03:00:00","BZN|NL","Without Sequence","53.50","",""
"11/03/2026 03:00:00 - 11/03/2026 03:15:00","BZN|NL","Without Sequence","50.42","",""
"11/03/2026 03:15:00 - 11/03/2026 03:30:00","BZN|NL","Without Sequence","46.13","",""
"11/03/2026 03:30:00 - 11/03/2026 03:45:00","BZN|NL","Without Sequence","47.11","",""
"11/03/2026 03:45:00 - 11/03/2026 04:00:00","BZN|NL","Without Sequence","52.96","",""
"11/03/2026 04:00:00 - 11/03/2026 04:15:00","BZN|NL","Without Sequence","52.90","",""
"11/03/2026 04:15:00 - 11/03/2026 04:30:00","BZN|NL","Without Sequence","52.77","",""
"11/03/2026 04:30:00 - 11/03/2026 04:45:00","BZN|NL","Without Sequence","59.73","",""
"11/03/2026 04:45:00 - 11/03/2026 05:00:00","BZN|NL","Without Sequence","65.41","",""
"11/03/2026 05:00:00 - 11/03/2026 05:15:00","BZN|NL","Without Sequence","56.97","",""
"11/03/2026 05:15:00 - 11/03/2026 05:30:00","BZN|NL","Without Sequence","67.92","",""
"11/03/2026 05:30:00 - 11/03/2026 05:45:00","BZN|NL","Without Sequence","79.59","",""
"11/03/2026 05:45:00 - 11/03/2026 06:00:00","BZN|NL","Without Sequence","73.52","",""
"11/03/2026 06:00:00 - 11/03/2026 06:15:00","BZN|NL","Without Sequence","87.48","",""
"11/03/2026 06:15:00 - 11/03/2026 06:30:00","BZN|NL","Without Sequence","82.94","",""
"11/03/2026 06:30:00 - 11/03/2026 06:45:00","BZN|NL","Without Sequence","78.49","",""
"11/03/2026 06:45:00 - 11/03/2026 07:00:00","BZN|NL","Without Sequence","62.89","",""
"11/03/2026 07:00:00 - 11/03/2026 07:15:00","BZN|NL","Without Sequence","89.85","",""
"11/03/2026 07:15:00 - 11/03/2026 07:30:00","BZN|NL","Without Sequence","78.70","",""
"11/03/2026 07:30:00 - 11/03/2026 07:45:00","BZN|NL","Without Sequence","74.89","",""
"11/03/2026 07:45:00 - 11/03/2026 08:00:00","BZN|NL","Without Sequence","59.50","",""
"11/03/2026 08:00:00 - 11/03/2026 08:15:00","BZN|NL","Without Sequence","81.71","",""
"11/03/2026 08:15:00 - 11/03/2026 08:30:00","BZN|NL","Without Sequence","72.15","",""
"11/03/2026 08:30:00 - 11/03/2026 08:45:00","BZN|NL","Without Sequence","73.45","",""
"11/03/2026 08:45:00 - 11/03/2026 09:00:00","BZN|NL","Without Sequence","68.36","",""
"11/03/2026 09:00:00 - 11/03/2026 09:15:00","BZN|NL","Without Sequence","56.65","",""
"11/03/2026 09:15:00 - 11/03/2026 09:30:00","BZN|NL","Without Sequence","35.63","",""
"11/03/2026 09:30:00 - 11/03/2026 09:45:00","BZN|NL","Without Sequence","59.75","",""
"11/03/2026 09:45:00 - 11/03/2026 10:00:00","BZN|NL","Without Sequence","56.37","",""
"11/03/2026 10:00:00 - 11/03/2026 10:15:00","BZN|NL","Without Sequence","38.47","",""
"11/03/2026 10:15:00 - 11/03/2026 10:30:00","BZN|NL","Without Sequence","40.10","",""
"11/03/2026 10:30:00 - 11/03/2026 10:45:00","BZN|NL","Without Sequence","54.27","",""
"11/03/2026 10:45:00 - 11/03/2026 11:00:00","BZN|NL","Without Sequence","50.00","",""
"11/03/2026 11:00:00 - 11/03/2026 11:15:00","BZN|NL","Without Sequence","47.03","",""
"11/03/2026 11:15:00 - 11/03/2026 11:30:00","BZN|NL","Without Sequence","34.99","",""
"11/03/2026 11:30:00 - 11/03/2026 11:45:00","BZN|NL","Without Sequence","35.47","",""
"11/03/2026 11:45:00 - 11/03/2026 12:00:00","BZN|NL","Without Sequence","26.57","",""
"11/03/2026 12:00:00 - 11/03/2026 12:15:00","BZN|NL","Without Sequence","62.48","",""
"11/03/2026 12:15:00 - 11/03/2026 12:30:00","BZN|NL","Without Sequence","38.30","",""
"11/03/2026 12:30:00 - 11/03/2026 12:45:00","BZN|NL","Without Sequence","26.64","",""
"11/03/2026 12:45:00 - 11/03/2026 13:00:00","BZN|NL","Without Sequence","30.10","",""
"11/03/2026 13:00:00 - 11/03/2026 13:15:00","BZN|NL","Without Sequence","24.34","",""
"11/03/2026 13:15:00 - 11/03/2026 13:30:00","BZN|NL","Without Sequence","34.27","",""
"11/03/2026 13:30:00 - 11/03/2026 13:45:00","BZN|NL","Without Sequence","48.91","",""
"11/03/2026 13:45:00 - 11/03/2026 14:00:00","BZN|NL","Without Sequence","74.66","",""
"11/03/2026 14:00:00 - 11/03/2026 14:15:00","BZN|NL","Without Sequence","50.37","",""
"11/03/2026 14:15:00 - 11/03/2026 14:30:00","BZN|NL","Without Sequence","69.13","",""
"11/03/2026 14:30:00 - 11/03/2026 14:45:00","BZN|NL","Without Sequence","85.66","",""
"11/03/2026 14:45:00 - 11/03/2026 15:00:00","BZN|NL","Without Sequence","105.58","",""
"11/03/2026 15:00:00 - 11/03/2026 15:15:00","BZN|NL","Without Sequence","69.92","",""
"11/03/2026 15:15:00 - 11/03/2026 15:30:00","BZN|NL","Without Sequence","93.71","",""
"11/03/2026 15:30:00 - 11/03/2026 15:45:00","BZN|NL","Without Sequence","111.03","",""
"11/03/2026 15:45:00 - 11/03/2026 16:00:00","BZN|NL","Without Sequence","122.14","",""
"11/03/2026 16:00:00 - 11/03/2026 16:15:00","BZN|NL","Without Sequence","101.63","",""
"11/03/2026 16:15:00 - 11/03/2026 16:30:00","BZN|NL","Without Sequence","122.82","",""
"11/03/2026 16:30:00 - 11/03/2026 16:45:00","BZN|NL","Without Sequence","126.33","",""
"11/03/2026 16:45:00 - 11/03/2026 17:00:00","BZN|NL","Without Sequence","150.82","",""
"11/03/2026 17:00:00 - 11/03/2026 17:15:00","BZN|NL","Without Sequence","131.83","",""
"11/03/2026 17:15:00 - 11/03/2026 17:30:00","BZN|NL","Without Sequence","143.62","",""
"11/03/2026 17:30:00 - 11/03/2026 17:45:00","BZN|NL","Without Sequence","155.33","",""
"11/03/2026 17:45:00 - 11/03/2026 18:00:00","BZN|NL","Without Sequence","169.02","",""
"11/03/2026 18:00:00 - 11/03/2026 18:15:00","BZN|NL","Without Sequence","155.55","",""
"11/03/2026 18:15:00 - 11/03/2026 18:30:00","BZN|NL","Without Sequence","160.18","",""
"11/03/2026 18:30:00 - 11/03/2026 18:45:00","BZN|NL","Without Sequence","160.34","",""
"11/03/2026 18:45:00 - 11/03/2026 19:00:00","BZN|NL","Without Sequence","153.15","",""
"11/03/2026 19:00:00 - 11/03/2026 19:15:00","BZN|NL","Without Sequence","150.66","",""
"11/03/2026 19:15:00 - 11/03/2026 19:30:00","BZN|NL","Without Sequence","137.22","",""
"11/03/2026 19:30:00 - 11/03/2026 19:45:00","BZN|NL","Without Sequence","124.03","",""
"11/03/2026 19:45:00 - 11/03/2026 20:00:00","BZN|NL","Without Sequence","121.10","",""
"11/03/2026 20:00:00 - 11/03/2026 20:15:00","BZN|NL","Without Sequence","123.88","",""
"11/03/2026 20:15:00 - 11/03/2026 20:30:00","BZN|NL","Without Sequence","121.80","",""
"11/03/2026 20:30:00 - 11/03/2026 20:45:00","BZN|NL","Without Sequence","116.84","",""
"11/03/2026 20:45:00 - 11/03/2026 21:00:00","BZN|NL","Without Sequence","113.48","",""
"11/03/2026 21:00:00 - 11/03/2026 21:15:00","BZN|NL","Without Sequence","116.60","",""
"11/03/2026 21:15:00 - 11/03/2026 21:30:00","BZN|NL","Without Sequence","115.78","",""
"11/03/2026 21:30:00 - 11/03/2026 21:45:00","BZN|NL","Without Sequence","120.60","",""
"11/03/2026 21:45:00 - 11/03/2026 22:00:00","BZN|NL","Without Sequence","112.28","",""
"11/03/2026 22:00:00 - 11/03/2026 22:15:00","BZN|NL","Without Sequence","121.87","",""
"11/03/2026 22:15:00 - 11/03/2026 22:30:00","BZN|NL","Without Sequence","102.62","",""
"11/03/2026 22:30:00 - 11/03/2026 22:45:00","BZN|NL","Without Sequence","100.10","",""
"11/03/2026 22:45:00 - 11/03/2026 23:00:00","BZN|NL","Without Sequence","91.98","",""
"11/03/2026 23:00:00 - 11/03/2026 23:15:00","BZN|NL","Without Sequence","110.83","",""
"11/03/2026 23:15:00 - 11/03/2026 23:30:00","BZN|NL","Without Sequence","102.44","",""
"11/03/2026 23:30:00 - 11/03/2026 23:45:00","BZN|NL","Without Sequence","97.93","",""
"11/03/2026 23:45:00 - 12/03/2026 00:00:00","BZN|NL","Without Sequence","88.48","",""
"12/03/2026 00:00:00 - 12/03/2026 00:15:00","BZN|NL","Without Sequence","100.59","",""
"12/03/2026 00:15:00 - 12/03/2026 00:30:00","BZN|NL","Without Sequence","90.83","",""
"12/03/2026 00:30:00 - 12/03/2026 00:45:00","BZN|NL","Without Sequence","91.31","",""
"12/03/2026 00:45:00 - 12/03/2026 01:00:00","BZN|NL","Without Sequence","87.37","",""
"12/03/2026 01:00:00 - 12/03/2026 01:15:00","BZN|NL","Without Sequence","90.28","",""
"12/03/2026 01:15:00 - 12/03/2026 01:30:00","BZN|NL","Without Sequence","85.25","",""
"12/03/2026 01:30:00 - 12/03/2026 01:45:00","BZN|NL","Without Sequence","89.44","",""
"12/03/2026 01:45:00 - 12/03/2026 02:00:00","BZN|NL","Without Sequence","88.83","",""
"12/03/2026 02:00:00 - 12/03/2026 02:15:00","BZN|NL","Without Sequence","89.57","",""
"12/03/2026 02:15:00 - 12/03/2026 02:30:00","BZN|NL","Without Sequence","87.38","",""
"12/03/2026 02:30:00 - 12/03/2026 02:45:00","BZN|NL","Without Sequence","85.76","",""
"12/03/2026 02:45:00 - 12/03/2026 03:00:00","BZN|NL","Without Sequence","84.13","",""
"12/03/2026 03:00:00 - 12/03/2026 03:15:00","BZN|NL","Without Sequence","91.29","",""
"12/03/2026 03:15:00 - 12/03/2026 03:30:00","BZN|NL","Without Sequence","86.85","",""
"12/03/2026 03:30:00 - 12/03/2026 03:45:00","BZN|NL","Without Sequence","86.94","",""
"12/03/2026 03:45:00 - 12/03/2026 04:00:00","BZN|NL","Without Sequence","88.32","",""
"12/03/2026 04:00:00 - 12/03/2026 04:15:00","BZN|NL","Without Sequence","90.54","",""
"12/03/2026 04:15:00 - 12/03/2026 04:30:00","BZN|NL","Without Sequence","87.45","",""
"12/03/2026 04:30:00 - 12/03/2026 04:45:00","BZN|NL","Without Sequence","99.94","",""
"12/03/2026 04:45:00 - 12/03/2026 05:00:00","BZN|NL","Without Sequence","111.96","",""
"12/03/2026 05:00:00 - 12/03/2026 05:15:00","BZN|NL","Without Sequence","106.09","",""
"12/03/2026 05:15:00 - 12/03/2026 05:30:00","BZN|NL","Without Sequence","121.08","",""
"12/03/2026 05:30:00 - 12/03/2026 05:45:00","BZN|NL","Without Sequence","135.57","",""
"12/03/2026 05:45:00 - 12/03/2026 06:00:00","BZN|NL","Without Sequence","142.56","",""
"12/03/2026 06:00:00 - 12/03/2026 06:15:00","BZN|NL","Without Sequence","140.87","",""
"12/03/2026 06:15:00 - 12/03/2026 06:30:00","BZN|NL","Without Sequence","139.09","",""
"12/03/2026 06:30:00 - 12/03/2026 06:45:00","BZN|NL","Without Sequence","136.30","",""
"12/03/2026 06:45:00 - 12/03/2026 07:00:00","BZN|NL","Without Sequence","113.08","",""
"12/03/2026 07:00:00 - 12/03/2026 07:15:00","BZN|NL","Without Sequence","133.50","",""
"12/03/2026 07:15:00 - 12/03/2026 07:30:00","BZN|NL","Without Sequence","109.16","",""
"12/03/2026 07:30:00 - 12/03/2026 07:45:00","BZN|NL","Without Sequence","100.48","",""
"12/03/2026 07:45:00 - 12/03/2026 08:00:00","BZN|NL","Without Sequence","73.76","",""
"12/03/2026 08:00:00 - 12/03/2026 08:15:00","BZN|NL","Without Sequence","112.02","",""
"12/03/2026 08:15:00 - 12/03/2026 08:30:00","BZN|NL","Without Sequence","85.78","",""
"12/03/2026 08:30:00 - 12/03/2026 08:45:00","BZN|NL","Without Sequence","61.97","",""
"12/03/2026 08:45:00 - 12/03/2026 09:00:00","BZN|NL","Without Sequence","46.18","",""
"12/03/2026 09:00:00 - 12/03/2026 09:15:00","BZN|NL","Without Sequence","67.23","",""
"12/03/2026 09:15:00 - 12/03/2026 09:30:00","BZN|NL","Without Sequence","26.06","",""
"12/03/2026 09:30:00 - 12/03/2026 09:45:00","BZN|NL","Without Sequence","7.60","",""
"12/03/2026 09:45:00 - 12/03/2026 10:00:00","BZN|NL","Without Sequence","1.20","",""
"12/03/2026 10:00:00 - 12/03/2026 10:15:00","BZN|NL","Without Sequence","3.25","",""
"12/03/2026 10:15:00 - 12/03/2026 10:30:00","BZN|NL","Without Sequence","0.00","",""
"12/03/2026 10:30:00 - 12/03/2026 10:45:00","BZN|NL","Without Sequence","-0.01","",""
"12/03/2026 10:45:00 - 12/03/2026 11:00:00","BZN|NL","Without Sequence","-0.19","",""
"12/03/2026 11:00:00 - 12/03/2026 11:15:00","BZN|NL","Without Sequence","-0.02","",""
"12/03/2026 11:15:00 - 12/03/2026 11:30:00","BZN|NL","Without Sequence","-0.35","",""
"12/03/2026 11:30:00 - 12/03/2026 11:45:00","BZN|NL","Without Sequence","-0.27","",""
"12/03/2026 11:45:00 - 12/03/2026 12:00:00","BZN|NL","Without Sequence","-0.42","",""
"12/03/2026 12:00:00 - 12/03/2026 12:15:00","BZN|NL","Without Sequence","-0.14","",""
"12/03/2026 12:15:00 - 12/03/2026 12:30:00","BZN|NL","Without Sequence","0.00","",""
"12/03/2026 12:30:00 - 12/03/2026 12:45:00","BZN|NL","Without Sequence","0.00","",""
"12/03/2026 12:45:00 - 12/03/2026 13:00:00","BZN|NL","Without Sequence","0.10","",""
"12/03/2026 13:00:00 - 12/03/2026 13:15:00","BZN|NL","Without Sequence","-0.11","",""
"12/03/2026 13:15:00 - 12/03/2026 13:30:00","BZN|NL","Without Sequence","1.12","",""
"12/03/2026 13:30:00 - 12/03/2026 13:45:00","BZN|NL","Without Sequence","0.07","",""
"12/03/2026 13:45:00 - 12/03/2026 14:00:00","BZN|NL","Without Sequence","2.51","",""
"12/03/2026 14:00:00 - 12/03/2026 14:15:00","BZN|NL","Without Sequence","0.50","",""
"12/03/2026 14:15:00 - 12/03/2026 14:30:00","BZN|NL","Without Sequence","0.92","",""
"12/03/2026 14:30:00 - 12/03/2026 14:45:00","BZN|NL","Without Sequence","5.59","",""
"12/03/2026 14:45:00 - 12/03/2026 15:00:00","BZN|NL","Without Sequence","9.86","",""
"12/03/2026 15:00:00 - 12/03/2026 15:15:00","BZN|NL","Without Sequence","11.37","",""
"12/03/2026 15:15:00 - 12/03/2026 15:30:00","BZN|NL","Without Sequence","33.25","",""
"12/03/2026 15:30:00 - 12/03/2026 15:45:00","BZN|NL","Without Sequence","57.35","",""
"12/03/2026 15:45:00 - 12/03/2026 16:00:00","BZN|NL","Without Sequence","98.03","",""
"12/03/2026 16:00:00 - 12/03/2026 16:15:00","BZN|NL","Without Sequence","61.58","",""
"12/03/2026 16:15:00 - 12/03/2026 16:30:00","BZN|NL","Without Sequence","84.01","",""
"12/03/2026 16:30:00 - 12/03/2026 16:45:00","BZN|NL","Without Sequence","99.20","",""
"12/03/2026 16:45:00 - 12/03/2026 17:00:00","BZN|NL","Without Sequence","149.22","",""
"12/03/2026 17:00:00 - 12/03/2026 17:15:00","BZN|NL","Without Sequence","111.50","",""
"12/03/2026 17:15:00 - 12/03/2026 17:30:00","BZN|NL","Without Sequence","115.35","",""
"12/03/2026 17:30:00 - 12/03/2026 17:45:00","BZN|NL","Without Sequence","113.18","",""
"12/03/2026 17:45:00 - 12/03/2026 18:00:00","BZN|NL","Without Sequence","113.45","",""
"12/03/2026 18:00:00 - 12/03/2026 18:15:00","BZN|NL","Without Sequence","122.27","",""
"12/03/2026 18:15:00 - 12/03/2026 18:30:00","BZN|NL","Without Sequence","114.77","",""
"12/03/2026 18:30:00 - 12/03/2026 18:45:00","BZN|NL","Without Sequence","104.40","",""
"12/03/2026 18:45:00 - 12/03/2026 19:00:00","BZN|NL","Without Sequence","98.56","",""
"12/03/2026 19:00:00 - 12/03/2026 19:15:00","BZN|NL","Without Sequence","102.82","",""
"12/03/2026 19:15:00 - 12/03/2026 19:30:00","BZN|NL","Without Sequence","90.03","",""
"12/03/2026 19:30:00 - 12/03/2026 19:45:00","BZN|NL","Without Sequence","84.98","",""
"12/03/2026 19:45:00 - 12/03/2026 20:00:00","BZN|NL","Without Sequence","80.47","",""
"12/03/2026 20:00:00 - 12/03/2026 20:15:00","BZN|NL","Without Sequence","82.46","",""
"12/03/2026 20:15:00 - 12/03/2026 20:30:00","BZN|NL","Without Sequence","83.05","",""
"12/03/2026 20:30:00 - 12/03/2026 20:45:00","BZN|NL","Without Sequence","71.59","",""
"12/03/2026 20:45:00 - 12/03/2026 21:00:00","BZN|NL","Without Sequence","59.40","",""
"12/03/2026 21:00:00 - 12/03/2026 21:15:00","BZN|NL","Without Sequence","82.84","",""
"12/03/2026 21:15:00 - 12/03/2026 21:30:00","BZN|NL","Without Sequence","67.07","",""
"12/03/2026 21:30:00 - 12/03/2026 21:45:00","BZN|NL","Without Sequence","61.76","",""
"12/03/2026 21:45:00 - 12/03/2026 22:00:00","BZN|NL","Without Sequence","43.02","",""
"12/03/2026 22:00:00 - 12/03/2026 22:15:00","BZN|NL","Without Sequence","28.57","",""
"12/03/2026 22:15:00 - 12/03/2026 22:30:00","BZN|NL","Without Sequence","19.88","",""
"12/03/2026 22:30:00 - 12/03/2026 22:45:00","BZN|NL","Without Sequence","19.69","",""
"12/03/2026 22:45:00 - 12/03/2026 23:00:00","BZN|NL","Without Sequence","12.04","",""
"12/03/2026 23:00:00 - 12/03/2026 23:15:00","BZN|NL","Without Sequence","10.87","",""
"12/03/2026 23:15:00 - 12/03/2026 23:30:00","BZN|NL","Without Sequence","10.00","",""
"12/03/2026 23:30:00 - 12/03/2026 23:45:00","BZN|NL","Without Sequence","5.07","",""
"12/03/2026 23:45:00 - 13/03/2026 00:00:00","BZN|NL","Without Sequence","3.48","",""
"13/03/2026 00:00:00 - 13/03/2026 00:15:00","BZN|NL","Without Sequence","7.33","",""
"13/03/2026 00:15:00 - 13/03/2026 00:30:00","BZN|NL","Without Sequence","4.54","",""
"13/03/2026 00:30:00 - 13/03/2026 00:45:00","BZN|NL","Without Sequence","3.38","",""
"13/03/2026 00:45:00 - 13/03/2026 01:00:00","BZN|NL","Without Sequence","4.50","",""
"13/03/2026 01:00:00 - 13/03/2026 01:15:00","BZN|NL","Without Sequence","5.30","",""
"13/03/2026 01:15:00 - 13/03/2026 01:30:00","BZN|NL","Without Sequence","2.81","",""
"13/03/2026 01:30:00 - 13/03/2026 01:45:00","BZN|NL","Without Sequence","2.72","",""
"13/03/2026 01:45:00 - 13/03/2026 02:00:00","BZN|NL","Without Sequence","2.53","",""
"13/03/2026 02:00:00 - 13/03/2026 02:15:00","BZN|NL","Without Sequence","2.48","",""
"13/03/2026 02:15:00 - 13/03/2026 02:30:00","BZN|NL","Without Sequence","1.77","",""
"13/03/2026 02:30:00 - 13/03/2026 02:45:00","BZN|NL","Without Sequence","0.68","",""
"13/03/2026 02:45:00 - 13/03/2026 03:00:00","BZN|NL","Without Sequence","0.24","",""
"13/03/2026 03:00:00 - 13/03/2026 03:15:00","BZN|NL","Without Sequence","2.14","",""
"13/03/2026 03:15:00 - 13/03/2026 03:30:00","BZN|NL","Without Sequence","1.46","",""
"13/03/2026 03:30:00 - 13/03/2026 03:45:00","BZN|NL","Without Sequence","2.06","",""
"13/03/2026 03:45:00 - 13/03/2026 04:00:00","BZN|NL","Without Sequence","2.21","",""
"13/03/2026 04:00:00 - 13/03/2026 04:15:00","BZN|NL","Without Sequence","1.61","",""
"13/03/2026 04:15:00 - 13/03/2026 04:30:00","BZN|NL","Without Sequence","1.63","",""
"13/03/2026 04:30:00 - 13/03/2026 04:45:00","BZN|NL","Without Sequence","4.09","",""
"13/03/2026 04:45:00 - 13/03/2026 05:00:00","BZN|NL","Without Sequence","4.30","",""
"13/03/2026 05:00:00 - 13/03/2026 05:15:00","BZN|NL","Without Sequence","7.94","",""
"13/03/2026 05:15:00 - 13/03/2026 05:30:00","BZN|NL","Without Sequence","13.67","",""
"13/03/2026 05:30:00 - 13/03/2026 05:45:00","BZN|NL","Without Sequence","15.37","",""
"13/03/2026 05:45:00 - 13/03/2026 06:00:00","BZN|NL","Without Sequence","15.72","",""
"13/03/2026 06:00:00 - 13/03/2026 06:15:00","BZN|NL","Without Sequence","26.81","",""
"13/03/2026 06:15:00 - 13/03/2026 06:30:00","BZN|NL","Without Sequence","33.44","",""
"13/03/2026 06:30:00 - 13/03/2026 06:45:00","BZN|NL","Without Sequence","35.45","",""
"13/03/2026 06:45:00 - 13/03/2026 07:00:00","BZN|NL","Without Sequence","68.30","",""
"13/03/2026 07:00:00 - 13/03/2026 07:15:00","BZN|NL","Without Sequence","95.68","",""
"13/03/2026 07:15:00 - 13/03/2026 07:30:00","BZN|NL","Without Sequence","98.55","",""
"13/03/2026 07:30:00 - 13/03/2026 07:45:00","BZN|NL","Without Sequence","107.99","",""
"13/03/2026 07:45:00 - 13/03/2026 08:00:00","BZN|NL","Without Sequence","80.00","",""
"13/03/2026 08:00:00 - 13/03/2026 08:15:00","BZN|NL","Without Sequence","98.83","",""
"13/03/2026 08:15:00 - 13/03/2026 08:30:00","BZN|NL","Without Sequence","92.30","",""
"13/03/2026 08:30:00 - 13/03/2026 08:45:00","BZN|NL","Without Sequence","92.29","",""
"13/03/2026 08:45:00 - 13/03/2026 09:00:00","BZN|NL","Without Sequence","92.18","",""
"13/03/2026 09:00:00 - 13/03/2026 09:15:00","BZN|NL","Without Sequence","90.43","",""
"13/03/2026 09:15:00 - 13/03/2026 09:30:00","BZN|NL","Without Sequence","80.81","",""
"13/03/2026 09:30:00 - 13/03/2026 09:45:00","BZN|NL","Without Sequence","96.31","",""
"13/03/2026 09:45:00 - 13/03/2026 10:00:00","BZN|NL","Without Sequence","88.56","",""
"13/03/2026 10:00:00 - 13/03/2026 10:15:00","BZN|NL","Without Sequence","85.81","",""
"13/03/2026 10:15:00 - 13/03/2026 10:30:00","BZN|NL","Without Sequence","79.16","",""
"13/03/2026 10:30:00 - 13/03/2026 10:45:00","BZN|NL","Without Sequence","78.12","",""
"13/03/2026 10:45:00 - 13/03/2026 11:00:00","BZN|NL","Without Sequence","58.11","",""
"13/03/2026 11:00:00 - 13/03/2026 11:15:00","BZN|NL","Without Sequence","83.50","",""
"13/03/2026 11:15:00 - 13/03/2026 11:30:00","BZN|NL","Without Sequence","62.27","",""
"13/03/2026 11:30:00 - 13/03/2026 11:45:00","BZN|NL","Without Sequence","60.86","",""
"13/03/2026 11:45:00 - 13/03/2026 12:00:00","BZN|NL","Without Sequence","61.38","",""
"13/03/2026 12:00:00 - 13/03/2026 12:15:00","BZN|NL","Without Sequence","72.50","",""
"13/03/2026 12:15:00 - 13/03/2026 12:30:00","BZN|NL","Without Sequence","54.59","",""
"13/03/2026 12:30:00 - 13/03/2026 12:45:00","BZN|NL","Without Sequence","45.61","",""
"13/03/2026 12:45:00 - 13/03/2026 13:00:00","BZN|NL","Without Sequence","47.30","",""
"13/03/2026 13:00:00 - 13/03/2026 13:15:00","BZN|NL","Without Sequence","56.60","",""
"13/03/2026 13:15:00 - 13/03/2026 13:30:00","BZN|NL","Without Sequence","60.38","",""
"13/03/2026 13:30:00 - 13/03/2026 13:45:00","BZN|NL","Without Sequence","65.69","",""
"13/03/2026 13:45:00 - 13/03/2026 14:00:00","BZN|NL","Without Sequence","74.93","",""
"13/03/2026 14:00:00 - 13/03/2026 14:15:00","BZN|NL","Without Sequence","64.78","",""
"13/03/2026 14:15:00 - 13/03/2026 14:30:00","BZN|NL","Without Sequence","73.67","",""
"13/03/2026 14:30:00 - 13/03/2026 14:45:00","BZN|NL","Without Sequence","72.21","",""
"13/03/2026 14:45:00 - 13/03/2026 15:00:00","BZN|NL","Without Sequence","116.80","",""
"13/03/2026 15:00:00 - 13/03/2026 15:15:00","BZN|NL","Without Sequence","56.02","",""
"13/03/2026 15:15:00 - 13/03/2026 15:30:00","BZN|NL","Without Sequence","101.83","",""
"13/03/2026 15:30:00 - 13/03/2026 15:45:00","BZN|NL","Without Sequence","128.81","",""
"13/03/2026 15:45:00 - 13/03/2026 16:00:00","BZN|NL","Without Sequence","152.66","",""
"13/03/2026 16:00:00 - 13/03/2026 16:15:00","BZN|NL","Without Sequence","107.24","",""
"13/03/2026 16:15:00 - 13/03/2026 16:30:00","BZN|NL","Without Sequence","122.19","",""
"13/03/2026 16:30:00 - 13/03/2026 16:45:00","BZN|NL","Without Sequence","143.14","",""
"13/03/2026 16:45:00 - 13/03/2026 17:00:00","BZN|NL","Without Sequence","163.47","",""
"13/03/2026 17:00:00 - 13/03/2026 17:15:00","BZN|NL","Without Sequence","124.88","",""
"13/03/2026 17:15:00 - 13/03/2026 17:30:00","BZN|NL","Without Sequence","147.48","",""
"13/03/2026 17:30:00 - 13/03/2026 17:45:00","BZN|NL","Without Sequence","159.89","",""
"13/03/2026 17:45:00 - 13/03/2026 18:00:00","BZN|NL","Without Sequence","176.12","",""
"13/03/2026 18:00:00 - 13/03/2026 18:15:00","BZN|NL","Without Sequence","172.11","",""
"13/03/2026 18:15:00 - 13/03/2026 18:30:00","BZN|NL","Without Sequence","172.28","",""
"13/03/2026 18:30:00 - 13/03/2026 18:45:00","BZN|NL","Without Sequence","165.34","",""
"13/03/2026 18:45:00 - 13/03/2026 19:00:00","BZN|NL","Without Sequence","148.68","",""
"13/03/2026 19:00:00 - 13/03/2026 19:15:00","BZN|NL","Without Sequence","164.09","",""
"13/03/2026 19:15:00 - 13/03/2026 19:30:00","BZN|NL","Without Sequence","148.56","",""
"13/03/2026 19:30:00 - 13/03/2026 19:45:00","BZN|NL","Without Sequence","132.43","",""
"13/03/2026 19:45:00 - 13/03/2026 20:00:00","BZN|NL","Without Sequence","124.03","",""
"13/03/2026 20:00:00 - 13/03/2026 20:15:00","BZN|NL","Without Sequence","143.46","",""
"13/03/2026 20:15:00 - 13/03/2026 20:30:00","BZN|NL","Without Sequence","130.44","",""
"13/03/2026 20:30:00 - 13/03/2026 20:45:00","BZN|NL","Without Sequence","119.73","",""
"13/03/2026 20:45:00 - 13/03/2026 21:00:00","BZN|NL","Without Sequence","116.10","",""
"13/03/2026 21:00:00 - 13/03/2026 21:15:00","BZN|NL","Without Sequence","131.67","",""
"13/03/2026 21:15:00 - 13/03/2026 21:30:00","BZN|NL","Without Sequence","123.42","",""
"13/03/2026 21:30:00 - 13/03/2026 21:45:00","BZN|NL","Without Sequence","124.50","",""
"13/03/2026 21:45:00 - 13/03/2026 22:00:00","BZN|NL","Without Sequence","117.07","",""
"13/03/2026 22:00:00 - 13/03/2026 22:15:00","BZN|NL","Without Sequence","133.69","",""
"13/03/2026 22:15:00 - 13/03/2026 22:30:00","BZN|NL","Without Sequence","113.23","",""
"13/03/2026 22:30:00 - 13/03/2026 22:45:00","BZN|NL","Without Sequence","113.24","",""
"13/03/2026 22:45:00 - 13/03/2026 23:00:00","BZN|NL","Without Sequence","103.35","",""
"13/03/2026 23:00:00 - 13/03/2026 23:15:00","BZN|NL","Without Sequence","130.70","",""
"13/03/2026 23:15:00 - 13/03/2026 23:30:00","BZN|NL","Without Sequence","130.70","",""
"13/03/2026 23:30:00 - 13/03/2026 23:45:00","BZN|NL","Without Sequence","130.70","",""
"13/03/2026 23:45:00 - 14/03/2026 00:00:00","BZN|NL","Without Sequence","130.70","",""
"14/03/2026 00:00:00 - 14/03/2026 00:15:00","BZN|NL","Without Sequence","127.50","",""
"14/03/2026 00:15:00 - 14/03/2026 00:30:00","BZN|NL","Without Sequence","127.50","",""
"14/03/2026 00:30:00 - 14/03/2026 00:45:00","BZN|NL","Without Sequence","127.50","",""
"14/03/2026 00:45:00 - 14/03/2026 01:00:00","BZN|NL","Without Sequence","127.50","",""
"14/03/2026 01:00:00 - 14/03/2026 01:15:00","BZN|NL","Without Sequence","117.14","",""
"14/03/2026 01:15:00 - 14/03/2026 01:30:00","BZN|NL","Without Sequence","117.14","",""
"14/03/2026 01:30:00 - 14/03/2026 01:45:00","BZN|NL","Without Sequence","117.14","",""
"14/03/2026 01:45:00 - 14/03/2026 02:00:00","BZN|NL","Without Sequence","117.14","",""
"14/03/2026 02:00:00 - 14/03/2026 02:15:00","BZN|NL","Without Sequence","122.01","",""
"14/03/2026 02:15:00 - 14/03/2026 02:30:00","BZN|NL","Without Sequence","122.01","",""
"14/03/2026 02:30:00 - 14/03/2026 02:45:00","BZN|NL","Without Sequence","122.01","",""
"14/03/2026 02:45:00 - 14/03/2026 03:00:00","BZN|NL","Without Sequence","122.01","",""
"14/03/2026 03:00:00 - 14/03/2026 03:15:00","BZN|NL","Without Sequence","116.12","",""
"14/03/2026 03:15:00 - 14/03/2026 03:30:00","BZN|NL","Without Sequence","116.12","",""
"14/03/2026 03:30:00 - 14/03/2026 03:45:00","BZN|NL","Without Sequence","116.12","",""
"14/03/2026 03:45:00 - 14/03/2026 04:00:00","BZN|NL","Without Sequence","116.12","",""
"14/03/2026 04:00:00 - 14/03/2026 04:15:00","BZN|NL","Without Sequence","112.70","",""
"14/03/2026 04:15:00 - 14/03/2026 04:30:00","BZN|NL","Without Sequence","112.70","",""
"14/03/2026 04:30:00 - 14/03/2026 04:45:00","BZN|NL","Without Sequence","112.70","",""
"14/03/2026 04:45:00 - 14/03/2026 05:00:00","BZN|NL","Without Sequence","112.70","",""
"14/03/2026 05:00:00 - 14/03/2026 05:15:00","BZN|NL","Without Sequence","111.69","",""
"14/03/2026 05:15:00 - 14/03/2026 05:30:00","BZN|NL","Without Sequence","111.69","",""
"14/03/2026 05:30:00 - 14/03/2026 05:45:00","BZN|NL","Without Sequence","111.69","",""
"14/03/2026 05:45:00 - 14/03/2026 06:00:00","BZN|NL","Without Sequence","111.69","",""
"14/03/2026 06:00:00 - 14/03/2026 06:15:00","BZN|NL","Without Sequence","119.61","",""
"14/03/2026 06:15:00 - 14/03/2026 06:30:00","BZN|NL","Without Sequence","119.61","",""
"14/03/2026 06:30:00 - 14/03/2026 06:45:00","BZN|NL","Without Sequence","119.61","",""
"14/03/2026 06:45:00 - 14/03/2026 07:00:00","BZN|NL","Without Sequence","119.61","",""
"14/03/2026 07:00:00 - 14/03/2026 07:15:00","BZN|NL","Without Sequence","135.06","",""
"14/03/2026 07:15:00 - 14/03/2026 07:30:00","BZN|NL","Without Sequence","135.06","",""
"14/03/2026 07:30:00 - 14/03/2026 07:45:00","BZN|NL","Without Sequence","135.06","",""
"14/03/2026 07:45:00 - 14/03/2026 08:00:00","BZN|NL","Without Sequence","135.06","",""
"14/03/2026 08:00:00 - 14/03/2026 08:15:00","BZN|NL","Without Sequence","120.90","",""
"14/03/2026 08:15:00 - 14/03/2026 08:30:00","BZN|NL","Without Sequence","120.90","",""
"14/03/2026 08:30:00 - 14/03/2026 08:45:00","BZN|NL","Without Sequence","120.90","",""
"14/03/2026 08:45:00 - 14/03/2026 09:00:00","BZN|NL","Without Sequence","120.90","",""
"14/03/2026 09:00:00 - 14/03/2026 09:15:00","BZN|NL","Without Sequence","111.11","",""
"14/03/2026 09:15:00 - 14/03/2026 09:30:00","BZN|NL","Without Sequence","111.11","",""
"14/03/2026 09:30:00 - 14/03/2026 09:45:00","BZN|NL","Without Sequence","111.11","",""
"14/03/2026 09:45:00 - 14/03/2026 10:00:00","BZN|NL","Without Sequence","111.11","",""
"14/03/2026 10:00:00 - 14/03/2026 10:15:00","BZN|NL","Without Sequence","104.61","",""
"14/03/2026 10:15:00 - 14/03/2026 10:30:00","BZN|NL","Without Sequence","104.61","",""
"14/03/2026 10:30:00 - 14/03/2026 10:45:00","BZN|NL","Without Sequence","104.61","",""
"14/03/2026 10:45:00 - 14/03/2026 11:00:00","BZN|NL","Without Sequence","104.61","",""
"14/03/2026 11:00:00 - 14/03/2026 11:15:00","BZN|NL","Without Sequence","106.95","",""
"14/03/2026 11:15:00 - 14/03/2026 11:30:00","BZN|NL","Without Sequence","106.95","",""
"14/03/2026 11:30:00 - 14/03/2026 11:45:00","BZN|NL","Without Sequence","106.95","",""
"14/03/2026 11:45:00 - 14/03/2026 12:00:00","BZN|NL","Without Sequence","106.95","",""
"14/03/2026 12:00:00 - 14/03/2026 12:15:00","BZN|NL","Without Sequence","102.81","",""
"14/03/2026 12:15:00 - 14/03/2026 12:30:00","BZN|NL","Without Sequence","102.81","",""
"14/03/2026 12:30:00 - 14/03/2026 12:45:00","BZN|NL","Without Sequence","102.81","",""
"14/03/2026 12:45:00 - 14/03/2026 13:00:00","BZN|NL","Without Sequence","102.81","",""
"14/03/2026 13:00:00 - 14/03/2026 13:15:00","BZN|NL","Without Sequence","105.37","",""
"14/03/2026 13:15:00 - 14/03/2026 13:30:00","BZN|NL","Without Sequence","105.37","",""
"14/03/2026 13:30:00 - 14/03/2026 13:45:00","BZN|NL","Without Sequence","105.37","",""
"14/03/2026 13:45:00 - 14/03/2026 14:00:00","BZN|NL","Without Sequence","105.37","",""
"14/03/2026 14:00:00 - 14/03/2026 14:15:00","BZN|NL","Without Sequence","109.92","",""
"14/03/2026 14:15:00 - 14/03/2026 14:30:00","BZN|NL","Without Sequence","109.92","",""
"14/03/2026 14:30:00 - 14/03/2026 14:45:00","BZN|NL","Without Sequence","109.92","",""
"14/03/2026 14:45:00 - 14/03/2026 15:00:00","BZN|NL","Without Sequence","109.92","",""
"14/03/2026 15:00:00 - 14/03/2026 15:15:00","BZN|NL","Without Sequence","121.85","",""
"14/03/2026 15:15:00 - 14/03/2026 15:30:00","BZN|NL","Without Sequence","121.85","",""
"14/03/2026 15:30:00 - 14/03/2026 15:45:00","BZN|NL","Without Sequence","121.85","",""
"14/03/2026 15:45:00 - 14/03/2026 16:00:00","BZN|NL","Without Sequence","121.85","",""
"14/03/2026 16:00:00 - 14/03/2026 16:15:00","BZN|NL","Without Sequence","134.24","",""
"14/03/2026 16:15:00 - 14/03/2026 16:30:00","BZN|NL","Without Sequence","134.24","",""
"14/03/2026 16:30:00 - 14/03/2026 16:45:00","BZN|NL","Without Sequence","134.24","",""
"14/03/2026 16:45:00 - 14/03/2026 17:00:00","BZN|NL","Without Sequence","134.24","",""
"14/03/2026 17:00:00 - 14/03/2026 17:15:00","BZN|NL","Without Sequence","161.10","",""
"14/03/2026 17:15:00 - 14/03/2026 17:30:00","BZN|NL","Without Sequence","161.10","",""
"14/03/2026 17:30:00 - 14/03/2026 17:45:00","BZN|NL","Without Sequence","161.10","",""
"14/03/2026 17:45:00 - 14/03/2026 18:00:00","BZN|NL","Without Sequence","161.10","",""
"14/03/2026 18:00:00 - 14/03/2026 18:15:00","BZN|NL","Without Sequence","169.84","",""
"14/03/2026 18:15:00 - 14/03/2026 18:30:00","BZN|NL","Without Sequence","169.84","",""
"14/03/2026 18:30:00 - 14/03/2026 18:45:00","BZN|NL","Without Sequence","169.84","",""
"14/03/2026 18:45:00 - 14/03/2026 19:00:00","BZN|NL","Without Sequence","169.84","",""
"14/03/2026 19:00:00 - 14/03/2026 19:15:00","BZN|NL","Without Sequence","150.27","",""
"14/03/2026 19:15:00 - 14/03/2026 19:30:00","BZN|NL","Without Sequence","150.27","",""
"14/03/2026 19:30:00 - 14/03/2026 19:45:00","BZN|NL","Without Sequence","150.27","",""
"14/03/2026 19:45:00 - 14/03/2026 20:00:00","BZN|NL","Without Sequence","150.27","",""
"14/03/2026 20:00:00 - 14/03/2026 20:15:00","BZN|NL","Without Sequence","137.45","",""
"14/03/2026 20:15:00 - 14/03/2026 20:30:00","BZN|NL","Without Sequence","137.45","",""
"14/03/2026 20:30:00 - 14/03/2026 20:45:00","BZN|NL","Without Sequence","137.45","",""
"14/03/2026 20:45:00 - 14/03/2026 21:00:00","BZN|NL","Without Sequence","137.45","",""
"14/03/2026 21:00:00 - 14/03/2026 21:15:00","BZN|NL","Without Sequence","135.24","",""
"14/03/2026 21:15:00 - 14/03/2026 21:30:00","BZN|NL","Without Sequence","135.24","",""
"14/03/2026 21:30:00 - 14/03/2026 21:45:00","BZN|NL","Without Sequence","135.24","",""
"14/03/2026 21:45:00 - 14/03/2026 22:00:00","BZN|NL","Without Sequence","135.24","",""
"14/03/2026 22:00:00 - 14/03/2026 22:15:00","BZN|NL","Without Sequence","128.05","",""
"14/03/2026 22:15:00 - 14/03/2026 22:30:00","BZN|NL","Without Sequence","128.05","",""
"14/03/2026 22:30:00 - 14/03/2026 22:45:00","BZN|NL","Without Sequence","128.05","",""
"14/03/2026 22:45:00 - 14/03/2026 23:00:00","BZN|NL","Without Sequence","128.05","",""
"14/03/2026 23:00:00 - 14/03/2026 23:15:00","BZN|NL","Without Sequence","147.17","",""
"14/03/2026 23:15:00 - 14/03/2026 23:30:00","BZN|NL","Without Sequence","147.66","",""
"14/03/2026 23:30:00 - 14/03/2026 23:45:00","BZN|NL","Without Sequence","139.78","",""
"14/03/2026 23:45:00 - 15/03/2026 00:00:00","BZN|NL","Without Sequence","127.07","",""
"15/03/2026 00:00:00 - 15/03/2026 00:15:00","BZN|NL","Without Sequence","146.45","",""
"15/03/2026 00:15:00 - 15/03/2026 00:30:00","BZN|NL","Without Sequence","138.01","",""
"15/03/2026 00:30:00 - 15/03/2026 00:45:00","BZN|NL","Without Sequence","135.10","",""
"15/03/2026 00:45:00 - 15/03/2026 01:00:00","BZN|NL","Without Sequence","127.23","",""
"15/03/2026 01:00:00 - 15/03/2026 01:15:00","BZN|NL","Without Sequence","135.80","",""
"15/03/2026 01:15:00 - 15/03/2026 01:30:00","BZN|NL","Without Sequence","128.53","",""
"15/03/2026 01:30:00 - 15/03/2026 01:45:00","BZN|NL","Without Sequence","120.29","",""
"15/03/2026 01:45:00 - 15/03/2026 02:00:00","BZN|NL","Without Sequence","119.17","",""
"15/03/2026 02:00:00 - 15/03/2026 02:15:00","BZN|NL","Without Sequence","120.09","",""
"15/03/2026 02:15:00 - 15/03/2026 02:30:00","BZN|NL","Without Sequence","120.45","",""
"15/03/2026 02:30:00 - 15/03/2026 02:45:00","BZN|NL","Without Sequence","123.85","",""
"15/03/2026 02:45:00 - 15/03/2026 03:00:00","BZN|NL","Without Sequence","125.85","",""
"15/03/2026 03:00:00 - 15/03/2026 03:15:00","BZN|NL","Without Sequence","120.00","",""
"15/03/2026 03:15:00 - 15/03/2026 03:30:00","BZN|NL","Without Sequence","120.45","",""
"15/03/2026 03:30:00 - 15/03/2026 03:45:00","BZN|NL","Without Sequence","120.47","",""
"15/03/2026 03:45:00 - 15/03/2026 04:00:00","BZN|NL","Without Sequence","122.97","",""
"15/03/2026 04:00:00 - 15/03/2026 04:15:00","BZN|NL","Without Sequence","118.03","",""
"15/03/2026 04:15:00 - 15/03/2026 04:30:00","BZN|NL","Without Sequence","120.02","",""
"15/03/2026 04:30:00 - 15/03/2026 04:45:00","BZN|NL","Without Sequence","124.02","",""
"15/03/2026 04:45:00 - 15/03/2026 05:00:00","BZN|NL","Without Sequence","127.73","",""
"15/03/2026 05:00:00 - 15/03/2026 05:15:00","BZN|NL","Without Sequence","118.46","",""
"15/03/2026 05:15:00 - 15/03/2026 05:30:00","BZN|NL","Without Sequence","122.97","",""
"15/03/2026 05:30:00 - 15/03/2026 05:45:00","BZN|NL","Without Sequence","123.74","",""
"15/03/2026 05:45:00 - 15/03/2026 06:00:00","BZN|NL","Without Sequence","119.76","",""
"15/03/2026 06:00:00 - 15/03/2026 06:15:00","BZN|NL","Without Sequence","127.80","",""
"15/03/2026 06:15:00 - 15/03/2026 06:30:00","BZN|NL","Without Sequence","117.60","",""
"15/03/2026 06:30:00 - 15/03/2026 06:45:00","BZN|NL","Without Sequence","117.61","",""
"15/03/2026 06:45:00 - 15/03/2026 07:00:00","BZN|NL","Without Sequence","104.11","",""
"15/03/2026 07:00:00 - 15/03/2026 07:15:00","BZN|NL","Without Sequence","139.51","",""
"15/03/2026 07:15:00 - 15/03/2026 07:30:00","BZN|NL","Without Sequence","114.39","",""
"15/03/2026 07:30:00 - 15/03/2026 07:45:00","BZN|NL","Without Sequence","100.00","",""
"15/03/2026 07:45:00 - 15/03/2026 08:00:00","BZN|NL","Without Sequence","81.68","",""
"15/03/2026 08:00:00 - 15/03/2026 08:15:00","BZN|NL","Without Sequence","102.59","",""
"15/03/2026 08:15:00 - 15/03/2026 08:30:00","BZN|NL","Without Sequence","91.57","",""
"15/03/2026 08:30:00 - 15/03/2026 08:45:00","BZN|NL","Without Sequence","81.84","",""
"15/03/2026 08:45:00 - 15/03/2026 09:00:00","BZN|NL","Without Sequence","76.74","",""
"15/03/2026 09:00:00 - 15/03/2026 09:15:00","BZN|NL","Without Sequence","84.19","",""
"15/03/2026 09:15:00 - 15/03/2026 09:30:00","BZN|NL","Without Sequence","77.74","",""
"15/03/2026 09:30:00 - 15/03/2026 09:45:00","BZN|NL","Without Sequence","75.16","",""
"15/03/2026 09:45:00 - 15/03/2026 10:00:00","BZN|NL","Without Sequence","65.10","",""
"15/03/2026 10:00:00 - 15/03/2026 10:15:00","BZN|NL","Without Sequence","79.62","",""
"15/03/2026 10:15:00 - 15/03/2026 10:30:00","BZN|NL","Without Sequence","73.01","",""
"15/03/2026 10:30:00 - 15/03/2026 10:45:00","BZN|NL","Without Sequence","58.45","",""
"15/03/2026 10:45:00 - 15/03/2026 11:00:00","BZN|NL","Without Sequence","44.02","",""
"15/03/2026 11:00:00 - 15/03/2026 11:15:00","BZN|NL","Without Sequence","67.22","",""
"15/03/2026 11:15:00 - 15/03/2026 11:30:00","BZN|NL","Without Sequence","50.77","",""
"15/03/2026 11:30:00 - 15/03/2026 11:45:00","BZN|NL","Without Sequence","38.26","",""
"15/03/2026 11:45:00 - 15/03/2026 12:00:00","BZN|NL","Without Sequence","30.99","",""
"15/03/2026 12:00:00 - 15/03/2026 12:15:00","BZN|NL","Without Sequence","40.44","",""
"15/03/2026 12:15:00 - 15/03/2026 12:30:00","BZN|NL","Without Sequence","35.43","",""
"15/03/2026 12:30:00 - 15/03/2026 12:45:00","BZN|NL","Without Sequence","27.15","",""
"15/03/2026 12:45:00 - 15/03/2026 13:00:00","BZN|NL","Without Sequence","24.40","",""
"15/03/2026 13:00:00 - 15/03/2026 13:15:00","BZN|NL","Without Sequence","22.29","",""
"15/03/2026 13:15:00 - 15/03/2026 13:30:00","BZN|NL","Without Sequence","27.01","",""
"15/03/2026 13:30:00 - 15/03/2026 13:45:00","BZN|NL","Without Sequence","34.53","",""
"15/03/2026 13:45:00 - 15/03/2026 14:00:00","BZN|NL","Without Sequence","44.54","",""
"15/03/2026 14:00:00 - 15/03/2026 14:15:00","BZN|NL","Without Sequence","42.30","",""
"15/03/2026 14:15:00 - 15/03/2026 14:30:00","BZN|NL","Without Sequence","44.62","",""
"15/03/2026 14:30:00 - 15/03/2026 14:45:00","BZN|NL","Without Sequence","56.48","",""
"15/03/2026 14:45:00 - 15/03/2026 15:00:00","BZN|NL","Without Sequence","71.49","",""
"15/03/2026 15:00:00 - 15/03/2026 15:15:00","BZN|NL","Without Sequence","47.20","",""
"15/03/2026 15:15:00 - 15/03/2026 15:30:00","BZN|NL","Without Sequence","72.30","",""
"15/03/2026 15:30:00 - 15/03/2026 15:45:00","BZN|NL","Without Sequence","85.68","",""
"15/03/2026 15:45:00 - 15/03/2026 16:00:00","BZN|NL","Without Sequence","105.01","",""
"15/03/2026 16:00:00 - 15/03/2026 16:15:00","BZN|NL","Without Sequence","88.79","",""
"15/03/2026 16:15:00 - 15/03/2026 16:30:00","BZN|NL","Without Sequence","110.31","",""
"15/03/2026 16:30:00 - 15/03/2026 16:45:00","BZN|NL","Without Sequence","123.69","",""
"15/03/2026 16:45:00 - 15/03/2026 17:00:00","BZN|NL","Without Sequence","138.56","",""
"15/03/2026 17:00:00 - 15/03/2026 17:15:00","BZN|NL","Without Sequence","132.19","",""
"15/03/2026 17:15:00 - 15/03/2026 17:30:00","BZN|NL","Without Sequence","133.93","",""
"15/03/2026 17:30:00 - 15/03/2026 17:45:00","BZN|NL","Without Sequence","147.68","",""
"15/03/2026 17:45:00 - 15/03/2026 18:00:00","BZN|NL","Without Sequence","149.63","",""
"15/03/2026 18:00:00 - 15/03/2026 18:15:00","BZN|NL","Without Sequence","147.00","",""
"15/03/2026 18:15:00 - 15/03/2026 18:30:00","BZN|NL","Without Sequence","134.95","",""
"15/03/2026 18:30:00 - 15/03/2026 18:45:00","BZN|NL","Without Sequence","125.01","",""
"15/03/2026 18:45:00 - 15/03/2026 19:00:00","BZN|NL","Without Sequence","116.25","",""
"15/03/2026 19:00:00 - 15/03/2026 19:15:00","BZN|NL","Without Sequence","116.31","",""
"15/03/2026 19:15:00 - 15/03/2026 19:30:00","BZN|NL","Without Sequence","108.89","",""
"15/03/2026 19:30:00 - 15/03/2026 19:45:00","BZN|NL","Without Sequence","109.09","",""
"15/03/2026 19:45:00 - 15/03/2026 20:00:00","BZN|NL","Without Sequence","86.04","",""
"15/03/2026 20:00:00 - 15/03/2026 20:15:00","BZN|NL","Without Sequence","104.07","",""
"15/03/2026 20:15:00 - 15/03/2026 20:30:00","BZN|NL","Without Sequence","87.53","",""
"15/03/2026 20:30:00 - 15/03/2026 20:45:00","BZN|NL","Without Sequence","87.84","",""
"15/03/2026 20:45:00 - 15/03/2026 21:00:00","BZN|NL","Without Sequence","73.28","",""
"15/03/2026 21:00:00 - 15/03/2026 21:15:00","BZN|NL","Without Sequence","86.84","",""
"15/03/2026 21:15:00 - 15/03/2026 21:30:00","BZN|NL","Without Sequence","83.84","",""
"15/03/2026 21:30:00 - 15/03/2026 21:45:00","BZN|NL","Without Sequence","81.56","",""
"15/03/2026 21:45:00 - 15/03/2026 22:00:00","BZN|NL","Without Sequence","71.99","",""
"15/03/2026 22:00:00 - 15/03/2026 22:15:00","BZN|NL","Without Sequence","78.51","",""
"15/03/2026 22:15:00 - 15/03/2026 22:30:00","BZN|NL","Without Sequence","65.46","",""
"15/03/2026 22:30:00 - 15/03/2026 22:45:00","BZN|NL","Without Sequence","63.60","",""
"15/03/2026 22:45:00 - 15/03/2026 23:00:00","BZN|NL","Without Sequence","40.39","",""
"15/03/2026 23:00:00 - 15/03/2026 23:15:00","BZN|NL","Without Sequence","60.51","",""
"15/03/2026 23:15:00 - 15/03/2026 23:30:00","BZN|NL","Without Sequence","40.40","",""
"15/03/2026 23:30:00 - 15/03/2026 23:45:00","BZN|NL","Without Sequence","20.08","",""
"15/03/2026 23:45:00 - 16/03/2026 00:00:00","BZN|NL","Without Sequence","11.56","",""
"16/03/2026 00:00:00 - 16/03/2026 00:15:00","BZN|NL","Without Sequence","35.49","",""
"16/03/2026 00:15:00 - 16/03/2026 00:30:00","BZN|NL","Without Sequence","22.97","",""
"16/03/2026 00:30:00 - 16/03/2026 00:45:00","BZN|NL","Without Sequence","16.81","",""
"16/03/2026 00:45:00 - 16/03/2026 01:00:00","BZN|NL","Without Sequence","16.95","",""
"16/03/2026 01:00:00 - 16/03/2026 01:15:00","BZN|NL","Without Sequence","23.22","",""
"16/03/2026 01:15:00 - 16/03/2026 01:30:00","BZN|NL","Without Sequence","17.58","",""
"16/03/2026 01:30:00 - 16/03/2026 01:45:00","BZN|NL","Without Sequence","14.24","",""
"16/03/2026 01:45:00 - 16/03/2026 02:00:00","BZN|NL","Without Sequence","11.38","",""
"16/03/2026 02:00:00 - 16/03/2026 02:15:00","BZN|NL","Without Sequence","12.44","",""
"16/03/2026 02:15:00 - 16/03/2026 02:30:00","BZN|NL","Without Sequence","10.92","",""
"16/03/2026 02:30:00 - 16/03/2026 02:45:00","BZN|NL","Without Sequence","15.27","",""
"16/03/2026 02:45:00 - 16/03/2026 03:00:00","BZN|NL","Without Sequence","16.41","",""
"16/03/2026 03:00:00 - 16/03/2026 03:15:00","BZN|NL","Without Sequence","12.30","",""
"16/03/2026 03:15:00 - 16/03/2026 03:30:00","BZN|NL","Without Sequence","15.13","",""
"16/03/2026 03:30:00 - 16/03/2026 03:45:00","BZN|NL","Without Sequence","20.16","",""
"16/03/2026 03:45:00 - 16/03/2026 04:00:00","BZN|NL","Without Sequence","25.63","",""
"16/03/2026 04:00:00 - 16/03/2026 04:15:00","BZN|NL","Without Sequence","23.27","",""
"16/03/2026 04:15:00 - 16/03/2026 04:30:00","BZN|NL","Without Sequence","34.14","",""
"16/03/2026 04:30:00 - 16/03/2026 04:45:00","BZN|NL","Without Sequence","45.45","",""
"16/03/2026 04:45:00 - 16/03/2026 05:00:00","BZN|NL","Without Sequence","60.02","",""
"16/03/2026 05:00:00 - 16/03/2026 05:15:00","BZN|NL","Without Sequence","40.70","",""
"16/03/2026 05:15:00 - 16/03/2026 05:30:00","BZN|NL","Without Sequence","66.34","",""
"16/03/2026 05:30:00 - 16/03/2026 05:45:00","BZN|NL","Without Sequence","85.13","",""
"16/03/2026 05:45:00 - 16/03/2026 06:00:00","BZN|NL","Without Sequence","87.83","",""
"16/03/2026 06:00:00 - 16/03/2026 06:15:00","BZN|NL","Without Sequence","100.51","",""
"16/03/2026 06:15:00 - 16/03/2026 06:30:00","BZN|NL","Without Sequence","98.67","",""
"16/03/2026 06:30:00 - 16/03/2026 06:45:00","BZN|NL","Without Sequence","98.34","",""
"16/03/2026 06:45:00 - 16/03/2026 07:00:00","BZN|NL","Without Sequence","92.18","",""
"16/03/2026 07:00:00 - 16/03/2026 07:15:00","BZN|NL","Without Sequence","118.48","",""
"16/03/2026 07:15:00 - 16/03/2026 07:30:00","BZN|NL","Without Sequence","100.00","",""
"16/03/2026 07:30:00 - 16/03/2026 07:45:00","BZN|NL","Without Sequence","89.39","",""
"16/03/2026 07:45:00 - 16/03/2026 08:00:00","BZN|NL","Without Sequence","76.85","",""
"16/03/2026 08:00:00 - 16/03/2026 08:15:00","BZN|NL","Without Sequence","99.64","",""
"16/03/2026 08:15:00 - 16/03/2026 08:30:00","BZN|NL","Without Sequence","82.83","",""
"16/03/2026 08:30:00 - 16/03/2026 08:45:00","BZN|NL","Without Sequence","64.00","",""
"16/03/2026 08:45:00 - 16/03/2026 09:00:00","BZN|NL","Without Sequence","45.56","",""
"16/03/2026 09:00:00 - 16/03/2026 09:15:00","BZN|NL","Without Sequence","62.39","",""
"16/03/2026 09:15:00 - 16/03/2026 09:30:00","BZN|NL","Without Sequence","51.87","",""
"16/03/2026 09:30:00 - 16/03/2026 09:45:00","BZN|NL","Without Sequence","35.77","",""
"16/03/2026 09:45:00 - 16/03/2026 10:00:00","BZN|NL","Without Sequence","19.97","",""
"16/03/2026 10:00:00 - 16/03/2026 10:15:00","BZN|NL","Without Sequence","22.49","",""
"16/03/2026 10:15:00 - 16/03/2026 10:30:00","BZN|NL","Without Sequence","15.62","",""
"16/03/2026 10:30:00 - 16/03/2026 10:45:00","BZN|NL","Without Sequence","14.36","",""
"16/03/2026 10:45:00 - 16/03/2026 11:00:00","BZN|NL","Without Sequence","16.96","",""
"16/03/2026 11:00:00 - 16/03/2026 11:15:00","BZN|NL","Without Sequence","15.26","",""
"16/03/2026 11:15:00 - 16/03/2026 11:30:00","BZN|NL","Without Sequence","11.49","",""
"16/03/2026 11:30:00 - 16/03/2026 11:45:00","BZN|NL","Without Sequence","12.65","",""
"16/03/2026 11:45:00 - 16/03/2026 12:00:00","BZN|NL","Without Sequence","12.18","",""
"16/03/2026 12:00:00 - 16/03/2026 12:15:00","BZN|NL","Without Sequence","10.69","",""
"16/03/2026 12:15:00 - 16/03/2026 12:30:00","BZN|NL","Without Sequence","11.87","",""
"16/03/2026 12:30:00 - 16/03/2026 12:45:00","BZN|NL","Without Sequence","16.91","",""
"16/03/2026 12:45:00 - 16/03/2026 13:00:00","BZN|NL","Without Sequence","24.54","",""
"16/03/2026 13:00:00 - 16/03/2026 13:15:00","BZN|NL","Without Sequence","18.47","",""
"16/03/2026 13:15:00 - 16/03/2026 13:30:00","BZN|NL","Without Sequence","28.52","",""
"16/03/2026 13:30:00 - 16/03/2026 13:45:00","BZN|NL","Without Sequence","51.79","",""
"16/03/2026 13:45:00 - 16/03/2026 14:00:00","BZN|NL","Without Sequence","58.56","",""
"16/03/2026 14:00:00 - 16/03/2026 14:15:00","BZN|NL","Without Sequence","27.24","",""
"16/03/2026 14:15:00 - 16/03/2026 14:30:00","BZN|NL","Without Sequence","39.35","",""
"16/03/2026 14:30:00 - 16/03/2026 14:45:00","BZN|NL","Without Sequence","70.86","",""
"16/03/2026 14:45:00 - 16/03/2026 15:00:00","BZN|NL","Without Sequence","105.86","",""
"16/03/2026 15:00:00 - 16/03/2026 15:15:00","BZN|NL","Without Sequence","53.72","",""
"16/03/2026 15:15:00 - 16/03/2026 15:30:00","BZN|NL","Without Sequence","87.99","",""
"16/03/2026 15:30:00 - 16/03/2026 15:45:00","BZN|NL","Without Sequence","130.87","",""
"16/03/2026 15:45:00 - 16/03/2026 16:00:00","BZN|NL","Without Sequence","153.80","",""
"16/03/2026 16:00:00 - 16/03/2026 16:15:00","BZN|NL","Without Sequence","96.61","",""
"16/03/2026 16:15:00 - 16/03/2026 16:30:00","BZN|NL","Without Sequence","121.88","",""
"16/03/2026 16:30:00 - 16/03/2026 16:45:00","BZN|NL","Without Sequence","145.10","",""
"16/03/2026 16:45:00 - 16/03/2026 17:00:00","BZN|NL","Without Sequence","175.06","",""
"16/03/2026 17:00:00 - 16/03/2026 17:15:00","BZN|NL","Without Sequence","145.82","",""
"16/03/2026 17:15:00 - 16/03/2026 17:30:00","BZN|NL","Without Sequence","157.94","",""
"16/03/2026 17:30:00 - 16/03/2026 17:45:00","BZN|NL","Without Sequence","174.10","",""
"16/03/2026 17:45:00 - 16/03/2026 18:00:00","BZN|NL","Without Sequence","185.10","",""
"16/03/2026 18:00:00 - 16/03/2026 18:15:00","BZN|NL","Without Sequence","179.85","",""
"16/03/2026 18:15:00 - 16/03/2026 18:30:00","BZN|NL","Without Sequence","180.01","",""
"16/03/2026 18:30:00 - 16/03/2026 18:45:00","BZN|NL","Without Sequence","180.00","",""
"16/03/2026 18:45:00 - 16/03/2026 19:00:00","BZN|NL","Without Sequence","179.91","",""
"16/03/2026 19:00:00 - 16/03/2026 19:15:00","BZN|NL","Without Sequence","182.49","",""
"16/03/2026 19:15:00 - 16/03/2026 19:30:00","BZN|NL","Without Sequence","163.22","",""
"16/03/2026 19:30:00 - 16/03/2026 19:45:00","BZN|NL","Without Sequence","143.60","",""
"16/03/2026 19:45:00 - 16/03/2026 20:00:00","BZN|NL","Without Sequence","129.97","",""
"16/03/2026 20:00:00 - 16/03/2026 20:15:00","BZN|NL","Without Sequence","142.55","",""
"16/03/2026 20:15:00 - 16/03/2026 20:30:00","BZN|NL","Without Sequence","128.34","",""
"16/03/2026 20:30:00 - 16/03/2026 20:45:00","BZN|NL","Without Sequence","120.54","",""
"16/03/2026 20:45:00 - 16/03/2026 21:00:00","BZN|NL","Without Sequence","111.66","",""
"16/03/2026 21:00:00 - 16/03/2026 21:15:00","BZN|NL","Without Sequence","130.48","",""
"16/03/2026 21:15:00 - 16/03/2026 21:30:00","BZN|NL","Without Sequence","124.29","",""
"16/03/2026 21:30:00 - 16/03/2026 21:45:00","BZN|NL","Without Sequence","123.91","",""
"16/03/2026 21:45:00 - 16/03/2026 22:00:00","BZN|NL","Without Sequence","109.32","",""
"16/03/2026 22:00:00 - 16/03/2026 22:15:00","BZN|NL","Without Sequence","111.67","",""
"16/03/2026 22:15:00 - 16/03/2026 22:30:00","BZN|NL","Without Sequence","102.81","",""
"16/03/2026 22:30:00 - 16/03/2026 22:45:00","BZN|NL","Without Sequence","95.00","",""
"16/03/2026 22:45:00 - 16/03/2026 23:00:00","BZN|NL","Without Sequence","88.35","",""
"16/03/2026 23:00:00 - 16/03/2026 23:15:00","BZN|NL","Without Sequence","132.74","",""
"16/03/2026 23:15:00 - 16/03/2026 23:30:00","BZN|NL","Without Sequence","113.40","",""
"16/03/2026 23:30:00 - 16/03/2026 23:45:00","BZN|NL","Without Sequence","105.54","",""
"16/03/2026 23:45:00 - 17/03/2026 00:00:00","BZN|NL","Without Sequence","101.22","",""
"17/03/2026 00:00:00 - 17/03/2026 00:15:00","BZN|NL","Without Sequence","106.31","",""
"17/03/2026 00:15:00 - 17/03/2026 00:30:00","BZN|NL","Without Sequence","105.31","",""
"17/03/2026 00:30:00 - 17/03/2026 00:45:00","BZN|NL","Without Sequence","106.04","",""
"17/03/2026 00:45:00 - 17/03/2026 01:00:00","BZN|NL","Without Sequence","101.54","",""
"17/03/2026 01:00:00 - 17/03/2026 01:15:00","BZN|NL","Without Sequence","107.47","",""
"17/03/2026 01:15:00 - 17/03/2026 01:30:00","BZN|NL","Without Sequence","107.30","",""
"17/03/2026 01:30:00 - 17/03/2026 01:45:00","BZN|NL","Without Sequence","103.93","",""
"17/03/2026 01:45:00 - 17/03/2026 02:00:00","BZN|NL","Without Sequence","102.12","",""
"17/03/2026 02:00:00 - 17/03/2026 02:15:00","BZN|NL","Without Sequence","104.84","",""
"17/03/2026 02:15:00 - 17/03/2026 02:30:00","BZN|NL","Without Sequence","102.79","",""
"17/03/2026 02:30:00 - 17/03/2026 02:45:00","BZN|NL","Without Sequence","104.37","",""
"17/03/2026 02:45:00 - 17/03/2026 03:00:00","BZN|NL","Without Sequence","104.30","",""
"17/03/2026 03:00:00 - 17/03/2026 03:15:00","BZN|NL","Without Sequence","109.82","",""
"17/03/2026 03:15:00 - 17/03/2026 03:30:00","BZN|NL","Without Sequence","106.98","",""
"17/03/2026 03:30:00 - 17/03/2026 03:45:00","BZN|NL","Without Sequence","106.63","",""
"17/03/2026 03:45:00 - 17/03/2026 04:00:00","BZN|NL","Without Sequence","109.85","",""
"17/03/2026 04:00:00 - 17/03/2026 04:15:00","BZN|NL","Without Sequence","105.08","",""
"17/03/2026 04:15:00 - 17/03/2026 04:30:00","BZN|NL","Without Sequence","104.56","",""
"17/03/2026 04:30:00 - 17/03/2026 04:45:00","BZN|NL","Without Sequence","119.72","",""
"17/03/2026 04:45:00 - 17/03/2026 05:00:00","BZN|NL","Without Sequence","138.20","",""
"17/03/2026 05:00:00 - 17/03/2026 05:15:00","BZN|NL","Without Sequence","123.56","",""
"17/03/2026 05:15:00 - 17/03/2026 05:30:00","BZN|NL","Without Sequence","137.77","",""
"17/03/2026 05:30:00 - 17/03/2026 05:45:00","BZN|NL","Without Sequence","149.75","",""
"17/03/2026 05:45:00 - 17/03/2026 06:00:00","BZN|NL","Without Sequence","162.35","",""
"17/03/2026 06:00:00 - 17/03/2026 06:15:00","BZN|NL","Without Sequence","173.62","",""
"17/03/2026 06:15:00 - 17/03/2026 06:30:00","BZN|NL","Without Sequence","169.81","",""
"17/03/2026 06:30:00 - 17/03/2026 06:45:00","BZN|NL","Without Sequence","174.01","",""
"17/03/2026 06:45:00 - 17/03/2026 07:00:00","BZN|NL","Without Sequence","147.20","",""
"17/03/2026 07:00:00 - 17/03/2026 07:15:00","BZN|NL","Without Sequence","192.66","",""
"17/03/2026 07:15:00 - 17/03/2026 07:30:00","BZN|NL","Without Sequence","160.13","",""
"17/03/2026 07:30:00 - 17/03/2026 07:45:00","BZN|NL","Without Sequence","140.11","",""
"17/03/2026 07:45:00 - 17/03/2026 08:00:00","BZN|NL","Without Sequence","113.71","",""
"17/03/2026 08:00:00 - 17/03/2026 08:15:00","BZN|NL","Without Sequence","149.95","",""
"17/03/2026 08:15:00 - 17/03/2026 08:30:00","BZN|NL","Without Sequence","124.94","",""
"17/03/2026 08:30:00 - 17/03/2026 08:45:00","BZN|NL","Without Sequence","106.81","",""
"17/03/2026 08:45:00 - 17/03/2026 09:00:00","BZN|NL","Without Sequence","101.04","",""
"17/03/2026 09:00:00 - 17/03/2026 09:15:00","BZN|NL","Without Sequence","125.76","",""
"17/03/2026 09:15:00 - 17/03/2026 09:30:00","BZN|NL","Without Sequence","98.92","",""
"17/03/2026 09:30:00 - 17/03/2026 09:45:00","BZN|NL","Without Sequence","97.31","",""
"17/03/2026 09:45:00 - 17/03/2026 10:00:00","BZN|NL","Without Sequence","89.10","",""
"17/03/2026 10:00:00 - 17/03/2026 10:15:00","BZN|NL","Without Sequence","96.83","",""
"17/03/2026 10:15:00 - 17/03/2026 10:30:00","BZN|NL","Without Sequence","86.40","",""
"17/03/2026 10:30:00 - 17/03/2026 10:45:00","BZN|NL","Without Sequence","85.11","",""
"17/03/2026 10:45:00 - 17/03/2026 11:00:00","BZN|NL","Without Sequence","89.69","",""
"17/03/2026 11:00:00 - 17/03/2026 11:15:00","BZN|NL","Without Sequence","82.89","",""
"17/03/2026 11:15:00 - 17/03/2026 11:30:00","BZN|NL","Without Sequence","82.85","",""
"17/03/2026 11:30:00 - 17/03/2026 11:45:00","BZN|NL","Without Sequence","82.87","",""
"17/03/2026 11:45:00 - 17/03/2026 12:00:00","BZN|NL","Without Sequence","82.53","",""
"17/03/2026 12:00:00 - 17/03/2026 12:15:00","BZN|NL","Without Sequence","84.12","",""
"17/03/2026 12:15:00 - 17/03/2026 12:30:00","BZN|NL","Without Sequence","84.22","",""
"17/03/2026 12:30:00 - 17/03/2026 12:45:00","BZN|NL","Without Sequence","83.24","",""
"17/03/2026 12:45:00 - 17/03/2026 13:00:00","BZN|NL","Without Sequence","84.09","",""
"17/03/2026 13:00:00 - 17/03/2026 13:15:00","BZN|NL","Without Sequence","84.67","",""
"17/03/2026 13:15:00 - 17/03/2026 13:30:00","BZN|NL","Without Sequence","87.86","",""
"17/03/2026 13:30:00 - 17/03/2026 13:45:00","BZN|NL","Without Sequence","86.44","",""
"17/03/2026 13:45:00 - 17/03/2026 14:00:00","BZN|NL","Without Sequence","89.20","",""
"17/03/2026 14:00:00 - 17/03/2026 14:15:00","BZN|NL","Without Sequence","87.75","",""
"17/03/2026 14:15:00 - 17/03/2026 14:30:00","BZN|NL","Without Sequence","92.92","",""
"17/03/2026 14:30:00 - 17/03/2026 14:45:00","BZN|NL","Without Sequence","101.99","",""
"17/03/2026 14:45:00 - 17/03/2026 15:00:00","BZN|NL","Without Sequence","113.27","",""
"17/03/2026 15:00:00 - 17/03/2026 15:15:00","BZN|NL","Without Sequence","99.24","",""
"17/03/2026 15:15:00 - 17/03/2026 15:30:00","BZN|NL","Without Sequence","110.54","",""
"17/03/2026 15:30:00 - 17/03/2026 15:45:00","BZN|NL","Without Sequence","121.23","",""
"17/03/2026 15:45:00 - 17/03/2026 16:00:00","BZN|NL","Without Sequence","140.22","",""
"17/03/2026 16:00:00 - 17/03/2026 16:15:00","BZN|NL","Without Sequence","111.06","",""
"17/03/2026 16:15:00 - 17/03/2026 16:30:00","BZN|NL","Without Sequence","133.02","",""
"17/03/2026 16:30:00 - 17/03/2026 16:45:00","BZN|NL","Without Sequence","148.98","",""
"17/03/2026 16:45:00 - 17/03/2026 17:00:00","BZN|NL","Without Sequence","204.45","",""
"17/03/2026 17:00:00 - 17/03/2026 17:15:00","BZN|NL","Without Sequence","182.39","",""
"17/03/2026 17:15:00 - 17/03/2026 17:30:00","BZN|NL","Without Sequence","217.07","",""
"17/03/2026 17:30:00 - 17/03/2026 17:45:00","BZN|NL","Without Sequence","222.63","",""
"17/03/2026 17:45:00 - 17/03/2026 18:00:00","BZN|NL","Without Sequence","213.82","",""
"17/03/2026 18:00:00 - 17/03/2026 18:15:00","BZN|NL","Without Sequence","209.88","",""
"17/03/2026 18:15:00 - 17/03/2026 18:30:00","BZN|NL","Without Sequence","179.92","",""
"17/03/2026 18:30:00 - 17/03/2026 18:45:00","BZN|NL","Without Sequence","147.86","",""
"17/03/2026 18:45:00 - 17/03/2026 19:00:00","BZN|NL","Without Sequence","144.01","",""
"17/03/2026 19:00:00 - 17/03/2026 19:15:00","BZN|NL","Without Sequence","160.51","",""
"17/03/2026 19:15:00 - 17/03/2026 19:30:00","BZN|NL","Without Sequence","144.65","",""
"17/03/2026 19:30:00 - 17/03/2026 19:45:00","BZN|NL","Without Sequence","135.36","",""
"17/03/2026 19:45:00 - 17/03/2026 20:00:00","BZN|NL","Without Sequence","127.47","",""
"17/03/2026 20:00:00 - 17/03/2026 20:15:00","BZN|NL","Without Sequence","139.59","",""
"17/03/2026 20:15:00 - 17/03/2026 20:30:00","BZN|NL","Without Sequence","129.43","",""
"17/03/2026 20:30:00 - 17/03/2026 20:45:00","BZN|NL","Without Sequence","118.76","",""
"17/03/2026 20:45:00 - 17/03/2026 21:00:00","BZN|NL","Without Sequence","102.58","",""
"17/03/2026 21:00:00 - 17/03/2026 21:15:00","BZN|NL","Without Sequence","129.17","",""
"17/03/2026 21:15:00 - 17/03/2026 21:30:00","BZN|NL","Without Sequence","119.28","",""
"17/03/2026 21:30:00 - 17/03/2026 21:45:00","BZN|NL","Without Sequence","105.70","",""
"17/03/2026 21:45:00 - 17/03/2026 22:00:00","BZN|NL","Without Sequence","98.25","",""
"17/03/2026 22:00:00 - 17/03/2026 22:15:00","BZN|NL","Without Sequence","121.30","",""
"17/03/2026 22:15:00 - 17/03/2026 22:30:00","BZN|NL","Without Sequence","104.23","",""
"17/03/2026 22:30:00 - 17/03/2026 22:45:00","BZN|NL","Without Sequence","104.43","",""
"17/03/2026 22:45:00 - 17/03/2026 23:00:00","BZN|NL","Without Sequence","96.37","",""
"17/03/2026 23:00:00 - 17/03/2026 23:15:00","BZN|NL","Without Sequence","120.58","",""
"17/03/2026 23:15:00 - 17/03/2026 23:30:00","BZN|NL","Without Sequence","106.73","",""
"17/03/2026 23:30:00 - 17/03/2026 23:45:00","BZN|NL","Without Sequence","104.90","",""
"17/03/2026 23:45:00 - 18/03/2026 00:00:00","BZN|NL","Without Sequence","95.30","",""
"18/03/2026 00:00:00 - 18/03/2026 00:15:00","BZN|NL","Without Sequence","113.58","",""
"18/03/2026 00:15:00 - 18/03/2026 00:30:00","BZN|NL","Without Sequence","104.90","",""
"18/03/2026 00:30:00 - 18/03/2026 00:45:00","BZN|NL","Without Sequence","98.35","",""
"18/03/2026 00:45:00 - 18/03/2026 01:00:00","BZN|NL","Without Sequence","101.16","",""
"18/03/2026 01:00:00 - 18/03/2026 01:15:00","BZN|NL","Without Sequence","106.31","",""
"18/03/2026 01:15:00 - 18/03/2026 01:30:00","BZN|NL","Without Sequence","106.34","",""
"18/03/2026 01:30:00 - 18/03/2026 01:45:00","BZN|NL","Without Sequence","103.49","",""
"18/03/2026 01:45:00 - 18/03/2026 02:00:00","BZN|NL","Without Sequence","102.60","",""
"18/03/2026 02:00:00 - 18/03/2026 02:15:00","BZN|NL","Without Sequence","107.72","",""
"18/03/2026 02:15:00 - 18/03/2026 02:30:00","BZN|NL","Without Sequence","104.42","",""
"18/03/2026 02:30:00 - 18/03/2026 02:45:00","BZN|NL","Without Sequence","105.04","",""
"18/03/2026 02:45:00 - 18/03/2026 03:00:00","BZN|NL","Without Sequence","105.34","",""
"18/03/2026 03:00:00 - 18/03/2026 03:15:00","BZN|NL","Without Sequence","103.55","",""
"18/03/2026 03:15:00 - 18/03/2026 03:30:00","BZN|NL","Without Sequence","109.14","",""
"18/03/2026 03:30:00 - 18/03/2026 03:45:00","BZN|NL","Without Sequence","114.50","",""
"18/03/2026 03:45:00 - 18/03/2026 04:00:00","BZN|NL","Without Sequence","118.41","",""
"18/03/2026 04:00:00 - 18/03/2026 04:15:00","BZN|NL","Without Sequence","99.48","",""
"18/03/2026 04:15:00 - 18/03/2026 04:30:00","BZN|NL","Without Sequence","104.83","",""
"18/03/2026 04:30:00 - 18/03/2026 04:45:00","BZN|NL","Without Sequence","124.10","",""
"18/03/2026 04:45:00 - 18/03/2026 05:00:00","BZN|NL","Without Sequence","159.99","",""
"18/03/2026 05:00:00 - 18/03/2026 05:15:00","BZN|NL","Without Sequence","106.28","",""
"18/03/2026 05:15:00 - 18/03/2026 05:30:00","BZN|NL","Without Sequence","130.68","",""
"18/03/2026 05:30:00 - 18/03/2026 05:45:00","BZN|NL","Without Sequence","137.42","",""
"18/03/2026 05:45:00 - 18/03/2026 06:00:00","BZN|NL","Without Sequence","142.28","",""
"18/03/2026 06:00:00 - 18/03/2026 06:15:00","BZN|NL","Without Sequence","150.20","",""
"18/03/2026 06:15:00 - 18/03/2026 06:30:00","BZN|NL","Without Sequence","158.80","",""
"18/03/2026 06:30:00 - 18/03/2026 06:45:00","BZN|NL","Without Sequence","142.82","",""
"18/03/2026 06:45:00 - 18/03/2026 07:00:00","BZN|NL","Without Sequence","106.91","",""
"18/03/2026 07:00:00 - 18/03/2026 07:15:00","BZN|NL","Without Sequence","131.43","",""
"18/03/2026 07:15:00 - 18/03/2026 07:30:00","BZN|NL","Without Sequence","106.90","",""
"18/03/2026 07:30:00 - 18/03/2026 07:45:00","BZN|NL","Without Sequence","87.69","",""
"18/03/2026 07:45:00 - 18/03/2026 08:00:00","BZN|NL","Without Sequence","73.73","",""
"18/03/2026 08:00:00 - 18/03/2026 08:15:00","BZN|NL","Without Sequence","99.91","",""
"18/03/2026 08:15:00 - 18/03/2026 08:30:00","BZN|NL","Without Sequence","81.06","",""
"18/03/2026 08:30:00 - 18/03/2026 08:45:00","BZN|NL","Without Sequence","57.31","",""
"18/03/2026 08:45:00 - 18/03/2026 09:00:00","BZN|NL","Without Sequence","13.52","",""
"18/03/2026 09:00:00 - 18/03/2026 09:15:00","BZN|NL","Without Sequence","37.56","",""
"18/03/2026 09:15:00 - 18/03/2026 09:30:00","BZN|NL","Without Sequence","3.54","",""
"18/03/2026 09:30:00 - 18/03/2026 09:45:00","BZN|NL","Without Sequence","0.44","",""
"18/03/2026 09:45:00 - 18/03/2026 10:00:00","BZN|NL","Without Sequence","-0.44","",""
"18/03/2026 10:00:00 - 18/03/2026 10:15:00","BZN|NL","Without Sequence","0.22","",""
"18/03/2026 10:15:00 - 18/03/2026 10:30:00","BZN|NL","Without Sequence","-1.35","",""
"18/03/2026 10:30:00 - 18/03/2026 10:45:00","BZN|NL","Without Sequence","-1.62","",""
"18/03/2026 10:45:00 - 18/03/2026 11:00:00","BZN|NL","Without Sequence","-1.74","",""
"18/03/2026 11:00:00 - 18/03/2026 11:15:00","BZN|NL","Without Sequence","-1.57","",""
"18/03/2026 11:15:00 - 18/03/2026 11:30:00","BZN|NL","Without Sequence","-1.91","",""
"18/03/2026 11:30:00 - 18/03/2026 11:45:00","BZN|NL","Without Sequence","-1.83","",""
"18/03/2026 11:45:00 - 18/03/2026 12:00:00","BZN|NL","Without Sequence","-1.89","",""
"18/03/2026 12:00:00 - 18/03/2026 12:15:00","BZN|NL","Without Sequence","-2.28","",""
"18/03/2026 12:15:00 - 18/03/2026 12:30:00","BZN|NL","Without Sequence","-2.08","",""
"18/03/2026 12:30:00 - 18/03/2026 12:45:00","BZN|NL","Without Sequence","-1.92","",""
"18/03/2026 12:45:00 - 18/03/2026 13:00:00","BZN|NL","Without Sequence","-0.46","",""
"18/03/2026 13:00:00 - 18/03/2026 13:15:00","BZN|NL","Without Sequence","-0.73","",""
"18/03/2026 13:15:00 - 18/03/2026 13:30:00","BZN|NL","Without Sequence","0.00","",""
"18/03/2026 13:30:00 - 18/03/2026 13:45:00","BZN|NL","Without Sequence","0.81","",""
"18/03/2026 13:45:00 - 18/03/2026 14:00:00","BZN|NL","Without Sequence","6.25","",""
"18/03/2026 14:00:00 - 18/03/2026 14:15:00","BZN|NL","Without Sequence","2.99","",""
"18/03/2026 14:15:00 - 18/03/2026 14:30:00","BZN|NL","Without Sequence","13.98","",""
"18/03/2026 14:30:00 - 18/03/2026 14:45:00","BZN|NL","Without Sequence","63.12","",""
"18/03/2026 14:45:00 - 18/03/2026 15:00:00","BZN|NL","Without Sequence","88.09","",""
"18/03/2026 15:00:00 - 18/03/2026 15:15:00","BZN|NL","Without Sequence","57.36","",""
"18/03/2026 15:15:00 - 18/03/2026 15:30:00","BZN|NL","Without Sequence","82.26","",""
"18/03/2026 15:30:00 - 18/03/2026 15:45:00","BZN|NL","Without Sequence","109.59","",""
"18/03/2026 15:45:00 - 18/03/2026 16:00:00","BZN|NL","Without Sequence","135.29","",""
"18/03/2026 16:00:00 - 18/03/2026 16:15:00","BZN|NL","Without Sequence","94.68","",""
"18/03/2026 16:15:00 - 18/03/2026 16:30:00","BZN|NL","Without Sequence","127.94","",""
"18/03/2026 16:30:00 - 18/03/2026 16:45:00","BZN|NL","Without Sequence","150.14","",""
"18/03/2026 16:45:00 - 18/03/2026 17:00:00","BZN|NL","Without Sequence","174.19","",""
"18/03/2026 17:00:00 - 18/03/2026 17:15:00","BZN|NL","Without Sequence","154.41","",""
"18/03/2026 17:15:00 - 18/03/2026 17:30:00","BZN|NL","Without Sequence","171.39","",""
"18/03/2026 17:30:00 - 18/03/2026 17:45:00","BZN|NL","Without Sequence","180.92","",""
"18/03/2026 17:45:00 - 18/03/2026 18:00:00","BZN|NL","Without Sequence","178.93","",""
"18/03/2026 18:00:00 - 18/03/2026 18:15:00","BZN|NL","Without Sequence","183.79","",""
"18/03/2026 18:15:00 - 18/03/2026 18:30:00","BZN|NL","Without Sequence","172.97","",""
"18/03/2026 18:30:00 - 18/03/2026 18:45:00","BZN|NL","Without Sequence","159.30","",""
"18/03/2026 18:45:00 - 18/03/2026 19:00:00","BZN|NL","Without Sequence","138.11","",""
"18/03/2026 19:00:00 - 18/03/2026 19:15:00","BZN|NL","Without Sequence","151.73","",""
"18/03/2026 19:15:00 - 18/03/2026 19:30:00","BZN|NL","Without Sequence","139.49","",""
"18/03/2026 19:30:00 - 18/03/2026 19:45:00","BZN|NL","Without Sequence","128.09","",""
"18/03/2026 19:45:00 - 18/03/2026 20:00:00","BZN|NL","Without Sequence","120.33","",""
"18/03/2026 20:00:00 - 18/03/2026 20:15:00","BZN|NL","Without Sequence","130.09","",""
"18/03/2026 20:15:00 - 18/03/2026 20:30:00","BZN|NL","Without Sequence","125.29","",""
"18/03/2026 20:30:00 - 18/03/2026 20:45:00","BZN|NL","Without Sequence","118.28","",""
"18/03/2026 20:45:00 - 18/03/2026 21:00:00","BZN|NL","Without Sequence","104.69","",""
"18/03/2026 21:00:00 - 18/03/2026 21:15:00","BZN|NL","Without Sequence","125.74","",""
"18/03/2026 21:15:00 - 18/03/2026 21:30:00","BZN|NL","Without Sequence","115.17","",""
"18/03/2026 21:30:00 - 18/03/2026 21:45:00","BZN|NL","Without Sequence","109.47","",""
"18/03/2026 21:45:00 - 18/03/2026 22:00:00","BZN|NL","Without Sequence","109.62","",""
"18/03/2026 22:00:00 - 18/03/2026 22:15:00","BZN|NL","Without Sequence","117.09","",""
"18/03/2026 22:15:00 - 18/03/2026 22:30:00","BZN|NL","Without Sequence","106.55","",""
"18/03/2026 22:30:00 - 18/03/2026 22:45:00","BZN|NL","Without Sequence","105.74","",""
"18/03/2026 22:45:00 - 18/03/2026 23:00:00","BZN|NL","Without Sequence","101.21","",""
"18/03/2026 23:00:00 - 18/03/2026 23:15:00","BZN|NL","Without Sequence","108.57","",""
"18/03/2026 23:15:00 - 18/03/2026 23:30:00","BZN|NL","Without Sequence","104.54","",""
"18/03/2026 23:30:00 - 18/03/2026 23:45:00","BZN|NL","Without Sequence","103.31","",""
"18/03/2026 23:45:00 - 19/03/2026 00:00:00","BZN|NL","Without Sequence","102.00","",""
"19/03/2026 00:00:00 - 19/03/2026 00:15:00","BZN|NL","Without Sequence","108.45","",""
"19/03/2026 00:15:00 - 19/03/2026 00:30:00","BZN|NL","Without Sequence","106.96","",""
"19/03/2026 00:30:00 - 19/03/2026 00:45:00","BZN|NL","Without Sequence","108.04","",""
"19/03/2026 00:45:00 - 19/03/2026 01:00:00","BZN|NL","Without Sequence","108.21","",""
"19/03/2026 01:00:00 - 19/03/2026 01:15:00","BZN|NL","Without Sequence","108.72","",""
"19/03/2026 01:15:00 - 19/03/2026 01:30:00","BZN|NL","Without Sequence","107.66","",""
"19/03/2026 01:30:00 - 19/03/2026 01:45:00","BZN|NL","Without Sequence","108.72","",""
"19/03/2026 01:45:00 - 19/03/2026 02:00:00","BZN|NL","Without Sequence","110.15","",""
"19/03/2026 02:00:00 - 19/03/2026 02:15:00","BZN|NL","Without Sequence","105.20","",""
"19/03/2026 02:15:00 - 19/03/2026 02:30:00","BZN|NL","Without Sequence","107.50","",""
"19/03/2026 02:30:00 - 19/03/2026 02:45:00","BZN|NL","Without Sequence","112.41","",""
"19/03/2026 02:45:00 - 19/03/2026 03:00:00","BZN|NL","Without Sequence","115.50","",""
"19/03/2026 03:00:00 - 19/03/2026 03:15:00","BZN|NL","Without Sequence","114.34","",""
"19/03/2026 03:15:00 - 19/03/2026 03:30:00","BZN|NL","Without Sequence","115.77","",""
"19/03/2026 03:30:00 - 19/03/2026 03:45:00","BZN|NL","Without Sequence","117.75","",""
"19/03/2026 03:45:00 - 19/03/2026 04:00:00","BZN|NL","Without Sequence","121.00","",""
"19/03/2026 04:00:00 - 19/03/2026 04:15:00","BZN|NL","Without Sequence","116.38","",""
"19/03/2026 04:15:00 - 19/03/2026 04:30:00","BZN|NL","Without Sequence","121.83","",""
"19/03/2026 04:30:00 - 19/03/2026 04:45:00","BZN|NL","Without Sequence","125.91","",""
"19/03/2026 04:45:00 - 19/03/2026 05:00:00","BZN|NL","Without Sequence","141.44","",""
"19/03/2026 05:00:00 - 19/03/2026 05:15:00","BZN|NL","Without Sequence","121.60","",""
"19/03/2026 05:15:00 - 19/03/2026 05:30:00","BZN|NL","Without Sequence","150.24","",""
"19/03/2026 05:30:00 - 19/03/2026 05:45:00","BZN|NL","Without Sequence","162.70","",""
"19/03/2026 05:45:00 - 19/03/2026 06:00:00","BZN|NL","Without Sequence","168.89","",""
"19/03/2026 06:00:00 - 19/03/2026 06:15:00","BZN|NL","Without Sequence","199.94","",""
"19/03/2026 06:15:00 - 19/03/2026 06:30:00","BZN|NL","Without Sequence","175.51","",""
"19/03/2026 06:30:00 - 19/03/2026 06:45:00","BZN|NL","Without Sequence","150.21","",""
"19/03/2026 06:45:00 - 19/03/2026 07:00:00","BZN|NL","Without Sequence","115.77","",""
"19/03/2026 07:00:00 - 19/03/2026 07:15:00","BZN|NL","Without Sequence","180.00","",""
"19/03/2026 07:15:00 - 19/03/2026 07:30:00","BZN|NL","Without Sequence","150.82","",""
"19/03/2026 07:30:00 - 19/03/2026 07:45:00","BZN|NL","Without Sequence","115.76","",""
"19/03/2026 07:45:00 - 19/03/2026 08:00:00","BZN|NL","Without Sequence","101.61","",""
"19/03/2026 08:00:00 - 19/03/2026 08:15:00","BZN|NL","Without Sequence","117.22","",""
"19/03/2026 08:15:00 - 19/03/2026 08:30:00","BZN|NL","Without Sequence","96.23","",""
"19/03/2026 08:30:00 - 19/03/2026 08:45:00","BZN|NL","Without Sequence","80.34","",""
"19/03/2026 08:45:00 - 19/03/2026 09:00:00","BZN|NL","Without Sequence","53.88","",""
"19/03/2026 09:00:00 - 19/03/2026 09:15:00","BZN|NL","Without Sequence","93.94","",""
"19/03/2026 09:15:00 - 19/03/2026 09:30:00","BZN|NL","Without Sequence","57.56","",""
"19/03/2026 09:30:00 - 19/03/2026 09:45:00","BZN|NL","Without Sequence","35.45","",""
"19/03/2026 09:45:00 - 19/03/2026 10:00:00","BZN|NL","Without Sequence","18.94","",""
"19/03/2026 10:00:00 - 19/03/2026 10:15:00","BZN|NL","Without Sequence","18.06","",""
"19/03/2026 10:15:00 - 19/03/2026 10:30:00","BZN|NL","Without Sequence","8.41","",""
"19/03/2026 10:30:00 - 19/03/2026 10:45:00","BZN|NL","Without Sequence","1.31","",""
"19/03/2026 10:45:00 - 19/03/2026 11:00:00","BZN|NL","Without Sequence","0.22","",""
"19/03/2026 11:00:00 - 19/03/2026 11:15:00","BZN|NL","Without Sequence","0.25","",""
"19/03/2026 11:15:00 - 19/03/2026 11:30:00","BZN|NL","Without Sequence","0.32","",""
"19/03/2026 11:30:00 - 19/03/2026 11:45:00","BZN|NL","Without Sequence","0.42","",""
"19/03/2026 11:45:00 - 19/03/2026 12:00:00","BZN|NL","Without Sequence","0.46","",""
"19/03/2026 12:00:00 - 19/03/2026 12:15:00","BZN|NL","Without Sequence","0.62","",""
"19/03/2026 12:15:00 - 19/03/2026 12:30:00","BZN|NL","Without Sequence","0.80","",""
"19/03/2026 12:30:00 - 19/03/2026 12:45:00","BZN|NL","Without Sequence","2.17","",""
"19/03/2026 12:45:00 - 19/03/2026 13:00:00","BZN|NL","Without Sequence","9.52","",""
"19/03/2026 13:00:00 - 19/03/2026 13:15:00","BZN|NL","Without Sequence","9.37","",""
"19/03/2026 13:15:00 - 19/03/2026 13:30:00","BZN|NL","Without Sequence","25.50","",""
"19/03/2026 13:30:00 - 19/03/2026 13:45:00","BZN|NL","Without Sequence","52.31","",""
"19/03/2026 13:45:00 - 19/03/2026 14:00:00","BZN|NL","Without Sequence","70.54","",""
"19/03/2026 14:00:00 - 19/03/2026 14:15:00","BZN|NL","Without Sequence","38.26","",""
"19/03/2026 14:15:00 - 19/03/2026 14:30:00","BZN|NL","Without Sequence","73.14","",""
"19/03/2026 14:30:00 - 19/03/2026 14:45:00","BZN|NL","Without Sequence","88.30","",""
"19/03/2026 14:45:00 - 19/03/2026 15:00:00","BZN|NL","Without Sequence","107.70","",""
"19/03/2026 15:00:00 - 19/03/2026 15:15:00","BZN|NL","Without Sequence","86.85","",""
"19/03/2026 15:15:00 - 19/03/2026 15:30:00","BZN|NL","Without Sequence","97.95","",""
"19/03/2026 15:30:00 - 19/03/2026 15:45:00","BZN|NL","Without Sequence","110.01","",""
"19/03/2026 15:45:00 - 19/03/2026 16:00:00","BZN|NL","Without Sequence","143.56","",""
"19/03/2026 16:00:00 - 19/03/2026 16:15:00","BZN|NL","Without Sequence","86.11","",""
"19/03/2026 16:15:00 - 19/03/2026 16:30:00","BZN|NL","Without Sequence","122.85","",""
"19/03/2026 16:30:00 - 19/03/2026 16:45:00","BZN|NL","Without Sequence","155.96","",""
"19/03/2026 16:45:00 - 19/03/2026 17:00:00","BZN|NL","Without Sequence","198.20","",""
"19/03/2026 17:00:00 - 19/03/2026 17:15:00","BZN|NL","Without Sequence","165.41","",""
"19/03/2026 17:15:00 - 19/03/2026 17:30:00","BZN|NL","Without Sequence","202.30","",""
"19/03/2026 17:30:00 - 19/03/2026 17:45:00","BZN|NL","Without Sequence","223.21","",""
"19/03/2026 17:45:00 - 19/03/2026 18:00:00","BZN|NL","Without Sequence","236.58","",""
"19/03/2026 18:00:00 - 19/03/2026 18:15:00","BZN|NL","Without Sequence","229.23","",""
"19/03/2026 18:15:00 - 19/03/2026 18:30:00","BZN|NL","Without Sequence","207.45","",""
"19/03/2026 18:30:00 - 19/03/2026 18:45:00","BZN|NL","Without Sequence","191.60","",""
"19/03/2026 18:45:00 - 19/03/2026 19:00:00","BZN|NL","Without Sequence","180.48","",""
"19/03/2026 19:00:00 - 19/03/2026 19:15:00","BZN|NL","Without Sequence","175.31","",""
"19/03/2026 19:15:00 - 19/03/2026 19:30:00","BZN|NL","Without Sequence","156.75","",""
"19/03/2026 19:30:00 - 19/03/2026 19:45:00","BZN|NL","Without Sequence","146.20","",""
"19/03/2026 19:45:00 - 19/03/2026 20:00:00","BZN|NL","Without Sequence","134.63","",""
"19/03/2026 20:00:00 - 19/03/2026 20:15:00","BZN|NL","Without Sequence","148.71","",""
"19/03/2026 20:15:00 - 19/03/2026 20:30:00","BZN|NL","Without Sequence","143.90","",""
"19/03/2026 20:30:00 - 19/03/2026 20:45:00","BZN|NL","Without Sequence","138.56","",""
"19/03/2026 20:45:00 - 19/03/2026 21:00:00","BZN|NL","Without Sequence","125.78","",""
"19/03/2026 21:00:00 - 19/03/2026 21:15:00","BZN|NL","Without Sequence","137.56","",""
"19/03/2026 21:15:00 - 19/03/2026 21:30:00","BZN|NL","Without Sequence","133.22","",""
"19/03/2026 21:30:00 - 19/03/2026 21:45:00","BZN|NL","Without Sequence","125.67","",""
"19/03/2026 21:45:00 - 19/03/2026 22:00:00","BZN|NL","Without Sequence","117.45","",""
"19/03/2026 22:00:00 - 19/03/2026 22:15:00","BZN|NL","Without Sequence","131.31","",""
"19/03/2026 22:15:00 - 19/03/2026 22:30:00","BZN|NL","Without Sequence","122.40","",""
"19/03/2026 22:30:00 - 19/03/2026 22:45:00","BZN|NL","Without Sequence","126.04","",""
"19/03/2026 22:45:00 - 19/03/2026 23:00:00","BZN|NL","Without Sequence","113.14","",""
"19/03/2026 23:00:00 - 19/03/2026 23:15:00","BZN|NL","Without Sequence","150.20","",""
"19/03/2026 23:15:00 - 19/03/2026 23:30:00","BZN|NL","Without Sequence","136.01","",""
"19/03/2026 23:30:00 - 19/03/2026 23:45:00","BZN|NL","Without Sequence","126.26","",""
"19/03/2026 23:45:00 - 20/03/2026 00:00:00","BZN|NL","Without Sequence","121.72","",""
"20/03/2026 00:00:00 - 20/03/2026 00:15:00","BZN|NL","Without Sequence","131.43","",""
"20/03/2026 00:15:00 - 20/03/2026 00:30:00","BZN|NL","Without Sequence","127.75","",""
"20/03/2026 00:30:00 - 20/03/2026 00:45:00","BZN|NL","Without Sequence","128.01","",""
"20/03/2026 00:45:00 - 20/03/2026 01:00:00","BZN|NL","Without Sequence","127.44","",""
"20/03/2026 01:00:00 - 20/03/2026 01:15:00","BZN|NL","Without Sequence","127.89","",""
"20/03/2026 01:15:00 - 20/03/2026 01:30:00","BZN|NL","Without Sequence","124.88","",""
"20/03/2026 01:30:00 - 20/03/2026 01:45:00","BZN|NL","Without Sequence","125.12","",""
"20/03/2026 01:45:00 - 20/03/2026 02:00:00","BZN|NL","Without Sequence","123.32","",""
"20/03/2026 02:00:00 - 20/03/2026 02:15:00","BZN|NL","Without Sequence","126.99","",""
"20/03/2026 02:15:00 - 20/03/2026 02:30:00","BZN|NL","Without Sequence","125.36","",""
"20/03/2026 02:30:00 - 20/03/2026 02:45:00","BZN|NL","Without Sequence","127.58","",""
"20/03/2026 02:45:00 - 20/03/2026 03:00:00","BZN|NL","Without Sequence","131.71","",""
"20/03/2026 03:00:00 - 20/03/2026 03:15:00","BZN|NL","Without Sequence","119.03","",""
"20/03/2026 03:15:00 - 20/03/2026 03:30:00","BZN|NL","Without Sequence","122.72","",""
"20/03/2026 03:30:00 - 20/03/2026 03:45:00","BZN|NL","Without Sequence","125.11","",""
"20/03/2026 03:45:00 - 20/03/2026 04:00:00","BZN|NL","Without Sequence","136.83","",""
"20/03/2026 04:00:00 - 20/03/2026 04:15:00","BZN|NL","Without Sequence","126.02","",""
"20/03/2026 04:15:00 - 20/03/2026 04:30:00","BZN|NL","Without Sequence","133.85","",""
"20/03/2026 04:30:00 - 20/03/2026 04:45:00","BZN|NL","Without Sequence","150.82","",""
"20/03/2026 04:45:00 - 20/03/2026 05:00:00","BZN|NL","Without Sequence","155.95","",""
"20/03/2026 05:00:00 - 20/03/2026 05:15:00","BZN|NL","Without Sequence","149.26","",""
"20/03/2026 05:15:00 - 20/03/2026 05:30:00","BZN|NL","Without Sequence","176.86","",""
"20/03/2026 05:30:00 - 20/03/2026 05:45:00","BZN|NL","Without Sequence","186.42","",""
"20/03/2026 05:45:00 - 20/03/2026 06:00:00","BZN|NL","Without Sequence","191.28","",""
"20/03/2026 06:00:00 - 20/03/2026 06:15:00","BZN|NL","Without Sequence","219.16","",""
"20/03/2026 06:15:00 - 20/03/2026 06:30:00","BZN|NL","Without Sequence","199.13","",""
"20/03/2026 06:30:00 - 20/03/2026 06:45:00","BZN|NL","Without Sequence","183.84","",""
"20/03/2026 06:45:00 - 20/03/2026 07:00:00","BZN|NL","Without Sequence","151.87","",""
"20/03/2026 07:00:00 - 20/03/2026 07:15:00","BZN|NL","Without Sequence","203.55","",""
"20/03/2026 07:15:00 - 20/03/2026 07:30:00","BZN|NL","Without Sequence","161.75","",""
"20/03/2026 07:30:00 - 20/03/2026 07:45:00","BZN|NL","Without Sequence","145.97","",""
"20/03/2026 07:45:00 - 20/03/2026 08:00:00","BZN|NL","Without Sequence","110.99","",""
"20/03/2026 08:00:00 - 20/03/2026 08:15:00","BZN|NL","Without Sequence","161.87","",""
"20/03/2026 08:15:00 - 20/03/2026 08:30:00","BZN|NL","Without Sequence","138.81","",""
"20/03/2026 08:30:00 - 20/03/2026 08:45:00","BZN|NL","Without Sequence","101.99","",""
"20/03/2026 08:45:00 - 20/03/2026 09:00:00","BZN|NL","Without Sequence","98.09","",""
"20/03/2026 09:00:00 - 20/03/2026 09:15:00","BZN|NL","Without Sequence","111.26","",""
"20/03/2026 09:15:00 - 20/03/2026 09:30:00","BZN|NL","Without Sequence","98.49","",""
"20/03/2026 09:30:00 - 20/03/2026 09:45:00","BZN|NL","Without Sequence","81.40","",""
"20/03/2026 09:45:00 - 20/03/2026 10:00:00","BZN|NL","Without Sequence","74.63","",""
"20/03/2026 10:00:00 - 20/03/2026 10:15:00","BZN|NL","Without Sequence","84.11","",""
"20/03/2026 10:15:00 - 20/03/2026 10:30:00","BZN|NL","Without Sequence","74.87","",""
"20/03/2026 10:30:00 - 20/03/2026 10:45:00","BZN|NL","Without Sequence","62.25","",""
"20/03/2026 10:45:00 - 20/03/2026 11:00:00","BZN|NL","Without Sequence","55.09","",""
"20/03/2026 11:00:00 - 20/03/2026 11:15:00","BZN|NL","Without Sequence","63.07","",""
"20/03/2026 11:15:00 - 20/03/2026 11:30:00","BZN|NL","Without Sequence","58.78","",""
"20/03/2026 11:30:00 - 20/03/2026 11:45:00","BZN|NL","Without Sequence","57.91","",""
"20/03/2026 11:45:00 - 20/03/2026 12:00:00","BZN|NL","Without Sequence","52.29","",""
"20/03/2026 12:00:00 - 20/03/2026 12:15:00","BZN|NL","Without Sequence","48.99","",""
"20/03/2026 12:15:00 - 20/03/2026 12:30:00","BZN|NL","Without Sequence","52.10","",""
"20/03/2026 12:30:00 - 20/03/2026 12:45:00","BZN|NL","Without Sequence","60.11","",""
"20/03/2026 12:45:00 - 20/03/2026 13:00:00","BZN|NL","Without Sequence","66.84","",""
"20/03/2026 13:00:00 - 20/03/2026 13:15:00","BZN|NL","Without Sequence","52.20","",""
"20/03/2026 13:15:00 - 20/03/2026 13:30:00","BZN|NL","Without Sequence","70.67","",""
"20/03/2026 13:30:00 - 20/03/2026 13:45:00","BZN|NL","Without Sequence","83.18","",""
"20/03/2026 13:45:00 - 20/03/2026 14:00:00","BZN|NL","Without Sequence","98.48","",""
"20/03/2026 14:00:00 - 20/03/2026 14:15:00","BZN|NL","Without Sequence","87.74","",""
"20/03/2026 14:15:00 - 20/03/2026 14:30:00","BZN|NL","Without Sequence","100.67","",""
"20/03/2026 14:30:00 - 20/03/2026 14:45:00","BZN|NL","Without Sequence","104.05","",""
"20/03/2026 14:45:00 - 20/03/2026 15:00:00","BZN|NL","Without Sequence","117.92","",""
"20/03/2026 15:00:00 - 20/03/2026 15:15:00","BZN|NL","Without Sequence","91.42","",""
"20/03/2026 15:15:00 - 20/03/2026 15:30:00","BZN|NL","Without Sequence","121.65","",""
"20/03/2026 15:30:00 - 20/03/2026 15:45:00","BZN|NL","Without Sequence","138.12","",""
"20/03/2026 15:45:00 - 20/03/2026 16:00:00","BZN|NL","Without Sequence","158.07","",""
"20/03/2026 16:00:00 - 20/03/2026 16:15:00","BZN|NL","Without Sequence","121.06","",""
"20/03/2026 16:15:00 - 20/03/2026 16:30:00","BZN|NL","Without Sequence","145.36","",""
"20/03/2026 16:30:00 - 20/03/2026 16:45:00","BZN|NL","Without Sequence","156.08","",""
"20/03/2026 16:45:00 - 20/03/2026 17:00:00","BZN|NL","Without Sequence","195.06","",""
"20/03/2026 17:00:00 - 20/03/2026 17:15:00","BZN|NL","Without Sequence","156.87","",""
"20/03/2026 17:15:00 - 20/03/2026 17:30:00","BZN|NL","Without Sequence","201.32","",""
"20/03/2026 17:30:00 - 20/03/2026 17:45:00","BZN|NL","Without Sequence","215.00","",""
"20/03/2026 17:45:00 - 20/03/2026 18:00:00","BZN|NL","Without Sequence","207.90","",""
"20/03/2026 18:00:00 - 20/03/2026 18:15:00","BZN|NL","Without Sequence","217.05","",""
"20/03/2026 18:15:00 - 20/03/2026 18:30:00","BZN|NL","Without Sequence","203.04","",""
"20/03/2026 18:30:00 - 20/03/2026 18:45:00","BZN|NL","Without Sequence","199.69","",""
"20/03/2026 18:45:00 - 20/03/2026 19:00:00","BZN|NL","Without Sequence","178.33","",""
"20/03/2026 19:00:00 - 20/03/2026 19:15:00","BZN|NL","Without Sequence","184.14","",""
"20/03/2026 19:15:00 - 20/03/2026 19:30:00","BZN|NL","Without Sequence","168.99","",""
"20/03/2026 19:30:00 - 20/03/2026 19:45:00","BZN|NL","Without Sequence","159.92","",""
"20/03/2026 19:45:00 - 20/03/2026 20:00:00","BZN|NL","Without Sequence","151.33","",""
"20/03/2026 20:00:00 - 20/03/2026 20:15:00","BZN|NL","Without Sequence","161.05","",""
"20/03/2026 20:15:00 - 20/03/2026 20:30:00","BZN|NL","Without Sequence","156.77","",""
"20/03/2026 20:30:00 - 20/03/2026 20:45:00","BZN|NL","Without Sequence","145.91","",""
"20/03/2026 20:45:00 - 20/03/2026 21:00:00","BZN|NL","Without Sequence","135.71","",""
"20/03/2026 21:00:00 - 20/03/2026 21:15:00","BZN|NL","Without Sequence","150.82","",""
"20/03/2026 21:15:00 - 20/03/2026 21:30:00","BZN|NL","Without Sequence","150.79","",""
"20/03/2026 21:30:00 - 20/03/2026 21:45:00","BZN|NL","Without Sequence","135.09","",""
"20/03/2026 21:45:00 - 20/03/2026 22:00:00","BZN|NL","Without Sequence","127.03","",""
"20/03/2026 22:00:00 - 20/03/2026 22:15:00","BZN|NL","Without Sequence","150.12","",""
"20/03/2026 22:15:00 - 20/03/2026 22:30:00","BZN|NL","Without Sequence","142.35","",""
"20/03/2026 22:30:00 - 20/03/2026 22:45:00","BZN|NL","Without Sequence","131.44","",""
"20/03/2026 22:45:00 - 20/03/2026 23:00:00","BZN|NL","Without Sequence","123.94","",""
"20/03/2026 23:00:00 - 20/03/2026 23:15:00","BZN|NL","Without Sequence","139.34","",""
"20/03/2026 23:15:00 - 20/03/2026 23:30:00","BZN|NL","Without Sequence","134.56","",""
"20/03/2026 23:30:00 - 20/03/2026 23:45:00","BZN|NL","Without Sequence","126.67","",""
"20/03/2026 23:45:00 - 21/03/2026 00:00:00","BZN|NL","Without Sequence","123.48","",""
"21/03/2026 00:00:00 - 21/03/2026 00:15:00","BZN|NL","Without Sequence","137.16","",""
"21/03/2026 00:15:00 - 21/03/2026 00:30:00","BZN|NL","Without Sequence","126.79","",""
"21/03/2026 00:30:00 - 21/03/2026 00:45:00","BZN|NL","Without Sequence","126.12","",""
"21/03/2026 00:45:00 - 21/03/2026 01:00:00","BZN|NL","Without Sequence","125.93","",""
"21/03/2026 01:00:00 - 21/03/2026 01:15:00","BZN|NL","Without Sequence","132.31","",""
"21/03/2026 01:15:00 - 21/03/2026 01:30:00","BZN|NL","Without Sequence","125.58","",""
"21/03/2026 01:30:00 - 21/03/2026 01:45:00","BZN|NL","Without Sequence","125.57","",""
"21/03/2026 01:45:00 - 21/03/2026 02:00:00","BZN|NL","Without Sequence","125.70","",""
"21/03/2026 02:00:00 - 21/03/2026 02:15:00","BZN|NL","Without Sequence","125.64","",""
"21/03/2026 02:15:00 - 21/03/2026 02:30:00","BZN|NL","Without Sequence","125.54","",""
"21/03/2026 02:30:00 - 21/03/2026 02:45:00","BZN|NL","Without Sequence","125.59","",""
"21/03/2026 02:45:00 - 21/03/2026 03:00:00","BZN|NL","Without Sequence","125.49","",""
"21/03/2026 03:00:00 - 21/03/2026 03:15:00","BZN|NL","Without Sequence","123.85","",""
"21/03/2026 03:15:00 - 21/03/2026 03:30:00","BZN|NL","Without Sequence","123.02","",""
"21/03/2026 03:30:00 - 21/03/2026 03:45:00","BZN|NL","Without Sequence","123.76","",""
"21/03/2026 03:45:00 - 21/03/2026 04:00:00","BZN|NL","Without Sequence","123.81","",""
"21/03/2026 04:00:00 - 21/03/2026 04:15:00","BZN|NL","Without Sequence","123.30","",""
"21/03/2026 04:15:00 - 21/03/2026 04:30:00","BZN|NL","Without Sequence","123.87","",""
"21/03/2026 04:30:00 - 21/03/2026 04:45:00","BZN|NL","Without Sequence","124.10","",""
"21/03/2026 04:45:00 - 21/03/2026 05:00:00","BZN|NL","Without Sequence","131.02","",""
"21/03/2026 05:00:00 - 21/03/2026 05:15:00","BZN|NL","Without Sequence","128.90","",""
"21/03/2026 05:15:00 - 21/03/2026 05:30:00","BZN|NL","Without Sequence","137.30","",""
"21/03/2026 05:30:00 - 21/03/2026 05:45:00","BZN|NL","Without Sequence","133.78","",""
"21/03/2026 05:45:00 - 21/03/2026 06:00:00","BZN|NL","Without Sequence","133.82","",""
"21/03/2026 06:00:00 - 21/03/2026 06:15:00","BZN|NL","Without Sequence","142.28","",""
"21/03/2026 06:15:00 - 21/03/2026 06:30:00","BZN|NL","Without Sequence","138.67","",""
"21/03/2026 06:30:00 - 21/03/2026 06:45:00","BZN|NL","Without Sequence","131.80","",""
"21/03/2026 06:45:00 - 21/03/2026 07:00:00","BZN|NL","Without Sequence","115.76","",""
"21/03/2026 07:00:00 - 21/03/2026 07:15:00","BZN|NL","Without Sequence","139.59","",""
"21/03/2026 07:15:00 - 21/03/2026 07:30:00","BZN|NL","Without Sequence","129.91","",""
"21/03/2026 07:30:00 - 21/03/2026 07:45:00","BZN|NL","Without Sequence","113.16","",""
"21/03/2026 07:45:00 - 21/03/2026 08:00:00","BZN|NL","Without Sequence","97.96","",""
"21/03/2026 08:00:00 - 21/03/2026 08:15:00","BZN|NL","Without Sequence","100.40","",""
"21/03/2026 08:15:00 - 21/03/2026 08:30:00","BZN|NL","Without Sequence","94.09","",""
"21/03/2026 08:30:00 - 21/03/2026 08:45:00","BZN|NL","Without Sequence","86.37","",""
"21/03/2026 08:45:00 - 21/03/2026 09:00:00","BZN|NL","Without Sequence","81.86","",""
"21/03/2026 09:00:00 - 21/03/2026 09:15:00","BZN|NL","Without Sequence","88.88","",""
"21/03/2026 09:15:00 - 21/03/2026 09:30:00","BZN|NL","Without Sequence","72.22","",""
"21/03/2026 09:30:00 - 21/03/2026 09:45:00","BZN|NL","Without Sequence","60.55","",""
"21/03/2026 09:45:00 - 21/03/2026 10:00:00","BZN|NL","Without Sequence","50.50","",""
"21/03/2026 10:00:00 - 21/03/2026 10:15:00","BZN|NL","Without Sequence","54.90","",""
"21/03/2026 10:15:00 - 21/03/2026 10:30:00","BZN|NL","Without Sequence","41.21","",""
"21/03/2026 10:30:00 - 21/03/2026 10:45:00","BZN|NL","Without Sequence","35.74","",""
"21/03/2026 10:45:00 - 21/03/2026 11:00:00","BZN|NL","Without Sequence","30.27","",""
"21/03/2026 11:00:00 - 21/03/2026 11:15:00","BZN|NL","Without Sequence","30.23","",""
"21/03/2026 11:15:00 - 21/03/2026 11:30:00","BZN|NL","Without Sequence","19.80","",""
"21/03/2026 11:30:00 - 21/03/2026 11:45:00","BZN|NL","Without Sequence","18.58","",""
"21/03/2026 11:45:00 - 21/03/2026 12:00:00","BZN|NL","Without Sequence","18.22","",""
"21/03/2026 12:00:00 - 21/03/2026 12:15:00","BZN|NL","Without Sequence","18.05","",""
"21/03/2026 12:15:00 - 21/03/2026 12:30:00","BZN|NL","Without Sequence","19.17","",""
"21/03/2026 12:30:00 - 21/03/2026 12:45:00","BZN|NL","Without Sequence","21.52","",""
"21/03/2026 12:45:00 - 21/03/2026 13:00:00","BZN|NL","Without Sequence","26.67","",""
"21/03/2026 13:00:00 - 21/03/2026 13:15:00","BZN|NL","Without Sequence","37.23","",""
"21/03/2026 13:15:00 - 21/03/2026 13:30:00","BZN|NL","Without Sequence","53.62","",""
"21/03/2026 13:30:00 - 21/03/2026 13:45:00","BZN|NL","Without Sequence","58.90","",""
"21/03/2026 13:45:00 - 21/03/2026 14:00:00","BZN|NL","Without Sequence","67.91","",""
"21/03/2026 14:00:00 - 21/03/2026 14:15:00","BZN|NL","Without Sequence","67.20","",""
"21/03/2026 14:15:00 - 21/03/2026 14:30:00","BZN|NL","Without Sequence","77.60","",""
"21/03/2026 14:30:00 - 21/03/2026 14:45:00","BZN|NL","Without Sequence","78.77","",""
"21/03/2026 14:45:00 - 21/03/2026 15:00:00","BZN|NL","Without Sequence","90.54","",""
"21/03/2026 15:00:00 - 21/03/2026 15:15:00","BZN|NL","Without Sequence","84.39","",""
"21/03/2026 15:15:00 - 21/03/2026 15:30:00","BZN|NL","Without Sequence","90.83","",""
"21/03/2026 15:30:00 - 21/03/2026 15:45:00","BZN|NL","Without Sequence","108.48","",""
"21/03/2026 15:45:00 - 21/03/2026 16:00:00","BZN|NL","Without Sequence","121.94","",""
"21/03/2026 16:00:00 - 21/03/2026 16:15:00","BZN|NL","Without Sequence","105.60","",""
"21/03/2026 16:15:00 - 21/03/2026 16:30:00","BZN|NL","Without Sequence","122.27","",""
"21/03/2026 16:30:00 - 21/03/2026 16:45:00","BZN|NL","Without Sequence","142.39","",""
"21/03/2026 16:45:00 - 21/03/2026 17:00:00","BZN|NL","Without Sequence","144.50","",""
"21/03/2026 17:00:00 - 21/03/2026 17:15:00","BZN|NL","Without Sequence","149.89","",""
"21/03/2026 17:15:00 - 21/03/2026 17:30:00","BZN|NL","Without Sequence","174.38","",""
"21/03/2026 17:30:00 - 21/03/2026 17:45:00","BZN|NL","Without Sequence","177.45","",""
"21/03/2026 17:45:00 - 21/03/2026 18:00:00","BZN|NL","Without Sequence","173.16","",""
"21/03/2026 18:00:00 - 21/03/2026 18:15:00","BZN|NL","Without Sequence","189.71","",""
"21/03/2026 18:15:00 - 21/03/2026 18:30:00","BZN|NL","Without Sequence","168.19","",""
"21/03/2026 18:30:00 - 21/03/2026 18:45:00","BZN|NL","Without Sequence","153.55","",""
"21/03/2026 18:45:00 - 21/03/2026 19:00:00","BZN|NL","Without Sequence","139.20","",""
"21/03/2026 19:00:00 - 21/03/2026 19:15:00","BZN|NL","Without Sequence","150.03","",""
"21/03/2026 19:15:00 - 21/03/2026 19:30:00","BZN|NL","Without Sequence","140.33","",""
"21/03/2026 19:30:00 - 21/03/2026 19:45:00","BZN|NL","Without Sequence","130.00","",""
"21/03/2026 19:45:00 - 21/03/2026 20:00:00","BZN|NL","Without Sequence","124.52","",""
"21/03/2026 20:00:00 - 21/03/2026 20:15:00","BZN|NL","Without Sequence","126.65","",""
"21/03/2026 20:15:00 - 21/03/2026 20:30:00","BZN|NL","Without Sequence","125.01","",""
"21/03/2026 20:30:00 - 21/03/2026 20:45:00","BZN|NL","Without Sequence","121.15","",""
"21/03/2026 20:45:00 - 21/03/2026 21:00:00","BZN|NL","Without Sequence","114.99","",""
"21/03/2026 21:00:00 - 21/03/2026 21:15:00","BZN|NL","Without Sequence","123.35","",""
"21/03/2026 21:15:00 - 21/03/2026 21:30:00","BZN|NL","Without Sequence","122.01","",""
"21/03/2026 21:30:00 - 21/03/2026 21:45:00","BZN|NL","Without Sequence","113.57","",""
"21/03/2026 21:45:00 - 21/03/2026 22:00:00","BZN|NL","Without Sequence","104.67","",""
"21/03/2026 22:00:00 - 21/03/2026 22:15:00","BZN|NL","Without Sequence","117.36","",""
"21/03/2026 22:15:00 - 21/03/2026 22:30:00","BZN|NL","Without Sequence","106.20","",""
"21/03/2026 22:30:00 - 21/03/2026 22:45:00","BZN|NL","Without Sequence","100.17","",""
"21/03/2026 22:45:00 - 21/03/2026 23:00:00","BZN|NL","Without Sequence","92.77","",""
"21/03/2026 23:00:00 - 21/03/2026 23:15:00","BZN|NL","Without Sequence","103.75","",""
"21/03/2026 23:15:00 - 21/03/2026 23:30:00","BZN|NL","Without Sequence","100.18","",""
"21/03/2026 23:30:00 - 21/03/2026 23:45:00","BZN|NL","Without Sequence","97.19","",""
"21/03/2026 23:45:00 - 22/03/2026 00:00:00","BZN|NL","Without Sequence","91.68","",""
"22/03/2026 00:00:00 - 22/03/2026 00:15:00","BZN|NL","Without Sequence","96.91","",""
"22/03/2026 00:15:00 - 22/03/2026 00:30:00","BZN|NL","Without Sequence","93.89","",""
"22/03/2026 00:30:00 - 22/03/2026 00:45:00","BZN|NL","Without Sequence","91.71","",""
"22/03/2026 00:45:00 - 22/03/2026 01:00:00","BZN|NL","Without Sequence","89.20","",""
"22/03/2026 01:00:00 - 22/03/2026 01:15:00","BZN|NL","Without Sequence","92.65","",""
"22/03/2026 01:15:00 - 22/03/2026 01:30:00","BZN|NL","Without Sequence","90.46","",""
"22/03/2026 01:30:00 - 22/03/2026 01:45:00","BZN|NL","Without Sequence","90.03","",""
"22/03/2026 01:45:00 - 22/03/2026 02:00:00","BZN|NL","Without Sequence","86.46","",""
"22/03/2026 02:00:00 - 22/03/2026 02:15:00","BZN|NL","Without Sequence","88.17","",""
"22/03/2026 02:15:00 - 22/03/2026 02:30:00","BZN|NL","Without Sequence","86.83","",""
"22/03/2026 02:30:00 - 22/03/2026 02:45:00","BZN|NL","Without Sequence","87.45","",""
"22/03/2026 02:45:00 - 22/03/2026 03:00:00","BZN|NL","Without Sequence","87.52","",""
"22/03/2026 03:00:00 - 22/03/2026 03:15:00","BZN|NL","Without Sequence","89.80","",""
"22/03/2026 03:15:00 - 22/03/2026 03:30:00","BZN|NL","Without Sequence","89.35","",""
"22/03/2026 03:30:00 - 22/03/2026 03:45:00","BZN|NL","Without Sequence","90.41","",""
"22/03/2026 03:45:00 - 22/03/2026 04:00:00","BZN|NL","Without Sequence","91.43","",""
"22/03/2026 04:00:00 - 22/03/2026 04:15:00","BZN|NL","Without Sequence","90.74","",""
"22/03/2026 04:15:00 - 22/03/2026 04:30:00","BZN|NL","Without Sequence","92.10","",""
"22/03/2026 04:30:00 - 22/03/2026 04:45:00","BZN|NL","Without Sequence","92.95","",""
"22/03/2026 04:45:00 - 22/03/2026 05:00:00","BZN|NL","Without Sequence","91.98","",""
"22/03/2026 05:00:00 - 22/03/2026 05:15:00","BZN|NL","Without Sequence","93.51","",""
"22/03/2026 05:15:00 - 22/03/2026 05:30:00","BZN|NL","Without Sequence","94.25","",""
"22/03/2026 05:30:00 - 22/03/2026 05:45:00","BZN|NL","Without Sequence","97.13","",""
"22/03/2026 05:45:00 - 22/03/2026 06:00:00","BZN|NL","Without Sequence","87.52","",""
"22/03/2026 06:00:00 - 22/03/2026 06:15:00","BZN|NL","Without Sequence","112.40","",""
"22/03/2026 06:15:00 - 22/03/2026 06:30:00","BZN|NL","Without Sequence","88.67","",""
"22/03/2026 06:30:00 - 22/03/2026 06:45:00","BZN|NL","Without Sequence","76.00","",""
"22/03/2026 06:45:00 - 22/03/2026 07:00:00","BZN|NL","Without Sequence","48.85","",""
"22/03/2026 07:00:00 - 22/03/2026 07:15:00","BZN|NL","Without Sequence","80.75","",""
"22/03/2026 07:15:00 - 22/03/2026 07:30:00","BZN|NL","Without Sequence","44.67","",""
"22/03/2026 07:30:00 - 22/03/2026 07:45:00","BZN|NL","Without Sequence","26.37","",""
"22/03/2026 07:45:00 - 22/03/2026 08:00:00","BZN|NL","Without Sequence","12.00","",""
"22/03/2026 08:00:00 - 22/03/2026 08:15:00","BZN|NL","Without Sequence","19.90","",""
"22/03/2026 08:15:00 - 22/03/2026 08:30:00","BZN|NL","Without Sequence","6.86","",""
"22/03/2026 08:30:00 - 22/03/2026 08:45:00","BZN|NL","Without Sequence","0.57","",""
"22/03/2026 08:45:00 - 22/03/2026 09:00:00","BZN|NL","Without Sequence","-0.06","",""
"22/03/2026 09:00:00 - 22/03/2026 09:15:00","BZN|NL","Without Sequence","0.00","",""
"22/03/2026 09:15:00 - 22/03/2026 09:30:00","BZN|NL","Without Sequence","-0.01","",""
"22/03/2026 09:30:00 - 22/03/2026 09:45:00","BZN|NL","Without Sequence","-0.57","",""
"22/03/2026 09:45:00 - 22/03/2026 10:00:00","BZN|NL","Without Sequence","-0.98","",""
"22/03/2026 10:00:00 - 22/03/2026 10:15:00","BZN|NL","Without Sequence","-2.10","",""
"22/03/2026 10:15:00 - 22/03/2026 10:30:00","BZN|NL","Without Sequence","-2.95","",""
"22/03/2026 10:30:00 - 22/03/2026 10:45:00","BZN|NL","Without Sequence","-4.34","",""
"22/03/2026 10:45:00 - 22/03/2026 11:00:00","BZN|NL","Without Sequence","-7.00","",""
"22/03/2026 11:00:00 - 22/03/2026 11:15:00","BZN|NL","Without Sequence","-11.80","",""
"22/03/2026 11:15:00 - 22/03/2026 11:30:00","BZN|NL","Without Sequence","-17.65","",""
"22/03/2026 11:30:00 - 22/03/2026 11:45:00","BZN|NL","Without Sequence","-15.62","",""
"22/03/2026 11:45:00 - 22/03/2026 12:00:00","BZN|NL","Without Sequence","-17.84","",""
"22/03/2026 12:00:00 - 22/03/2026 12:15:00","BZN|NL","Without Sequence","-11.07","",""
"22/03/2026 12:15:00 - 22/03/2026 12:30:00","BZN|NL","Without Sequence","-9.97","",""
"22/03/2026 12:30:00 - 22/03/2026 12:45:00","BZN|NL","Without Sequence","-8.69","",""
"22/03/2026 12:45:00 - 22/03/2026 13:00:00","BZN|NL","Without Sequence","-6.52","",""
"22/03/2026 13:00:00 - 22/03/2026 13:15:00","BZN|NL","Without Sequence","-3.50","",""
"22/03/2026 13:15:00 - 22/03/2026 13:30:00","BZN|NL","Without Sequence","-2.02","",""
"22/03/2026 13:30:00 - 22/03/2026 13:45:00","BZN|NL","Without Sequence","-1.22","",""
"22/03/2026 13:45:00 - 22/03/2026 14:00:00","BZN|NL","Without Sequence","0.42","",""
"22/03/2026 14:00:00 - 22/03/2026 14:15:00","BZN|NL","Without Sequence","-0.02","",""
"22/03/2026 14:15:00 - 22/03/2026 14:30:00","BZN|NL","Without Sequence","0.80","",""
"22/03/2026 14:30:00 - 22/03/2026 14:45:00","BZN|NL","Without Sequence","12.47","",""
"22/03/2026 14:45:00 - 22/03/2026 15:00:00","BZN|NL","Without Sequence","30.69","",""
"22/03/2026 15:00:00 - 22/03/2026 15:15:00","BZN|NL","Without Sequence","28.56","",""
"22/03/2026 15:15:00 - 22/03/2026 15:30:00","BZN|NL","Without Sequence","70.63","",""
"22/03/2026 15:30:00 - 22/03/2026 15:45:00","BZN|NL","Without Sequence","94.85","",""
"22/03/2026 15:45:00 - 22/03/2026 16:00:00","BZN|NL","Without Sequence","132.26","",""
"22/03/2026 16:00:00 - 22/03/2026 16:15:00","BZN|NL","Without Sequence","89.80","",""
"22/03/2026 16:15:00 - 22/03/2026 16:30:00","BZN|NL","Without Sequence","124.50","",""
"22/03/2026 16:30:00 - 22/03/2026 16:45:00","BZN|NL","Without Sequence","139.04","",""
"22/03/2026 16:45:00 - 22/03/2026 17:00:00","BZN|NL","Without Sequence","168.29","",""
"22/03/2026 17:00:00 - 22/03/2026 17:15:00","BZN|NL","Without Sequence","144.49","",""
"22/03/2026 17:15:00 - 22/03/2026 17:30:00","BZN|NL","Without Sequence","174.26","",""
"22/03/2026 17:30:00 - 22/03/2026 17:45:00","BZN|NL","Without Sequence","159.83","",""
"22/03/2026 17:45:00 - 22/03/2026 18:00:00","BZN|NL","Without Sequence","173.43","",""
"22/03/2026 18:00:00 - 22/03/2026 18:15:00","BZN|NL","Without Sequence","177.75","",""
"22/03/2026 18:15:00 - 22/03/2026 18:30:00","BZN|NL","Without Sequence","176.50","",""
"22/03/2026 18:30:00 - 22/03/2026 18:45:00","BZN|NL","Without Sequence","166.38","",""
"22/03/2026 18:45:00 - 22/03/2026 19:00:00","BZN|NL","Without Sequence","155.59","",""
"22/03/2026 19:00:00 - 22/03/2026 19:15:00","BZN|NL","Without Sequence","177.31","",""
"22/03/2026 19:15:00 - 22/03/2026 19:30:00","BZN|NL","Without Sequence","159.90","",""
"22/03/2026 19:30:00 - 22/03/2026 19:45:00","BZN|NL","Without Sequence","153.06","",""
"22/03/2026 19:45:00 - 22/03/2026 20:00:00","BZN|NL","Without Sequence","137.17","",""
"22/03/2026 20:00:00 - 22/03/2026 20:15:00","BZN|NL","Without Sequence","153.30","",""
"22/03/2026 20:15:00 - 22/03/2026 20:30:00","BZN|NL","Without Sequence","146.38","",""
"22/03/2026 20:30:00 - 22/03/2026 20:45:00","BZN|NL","Without Sequence","139.92","",""
"22/03/2026 20:45:00 - 22/03/2026 21:00:00","BZN|NL","Without Sequence","134.83","",""
"22/03/2026 21:00:00 - 22/03/2026 21:15:00","BZN|NL","Without Sequence","146.03","",""
"22/03/2026 21:15:00 - 22/03/2026 21:30:00","BZN|NL","Without Sequence","139.39","",""
"22/03/2026 21:30:00 - 22/03/2026 21:45:00","BZN|NL","Without Sequence","135.47","",""
"22/03/2026 21:45:00 - 22/03/2026 22:00:00","BZN|NL","Without Sequence","128.47","",""
"22/03/2026 22:00:00 - 22/03/2026 22:15:00","BZN|NL","Without Sequence","145.92","",""
"22/03/2026 22:15:00 - 22/03/2026 22:30:00","BZN|NL","Without Sequence","133.78","",""
"22/03/2026 22:30:00 - 22/03/2026 22:45:00","BZN|NL","Without Sequence","130.02","",""
"22/03/2026 22:45:00 - 22/03/2026 23:00:00","BZN|NL","Without Sequence","119.60","",""
"22/03/2026 23:00:00 - 22/03/2026 23:15:00","BZN|NL","Without Sequence","132.41","",""
"22/03/2026 23:15:00 - 22/03/2026 23:30:00","BZN|NL","Without Sequence","125.84","",""
"22/03/2026 23:30:00 - 22/03/2026 23:45:00","BZN|NL","Without Sequence","117.71","",""
"22/03/2026 23:45:00 - 23/03/2026 00:00:00","BZN|NL","Without Sequence","114.06","",""
"23/03/2026 00:00:00 - 23/03/2026 00:15:00","BZN|NL","Without Sequence","118.57","",""
"23/03/2026 00:15:00 - 23/03/2026 00:30:00","BZN|NL","Without Sequence","118.70","",""
"23/03/2026 00:30:00 - 23/03/2026 00:45:00","BZN|NL","Without Sequence","124.93","",""
"23/03/2026 00:45:00 - 23/03/2026 01:00:00","BZN|NL","Without Sequence","121.14","",""
"23/03/2026 01:00:00 - 23/03/2026 01:15:00","BZN|NL","Without Sequence","127.33","",""
"23/03/2026 01:15:00 - 23/03/2026 01:30:00","BZN|NL","Without Sequence","119.44","",""
"23/03/2026 01:30:00 - 23/03/2026 01:45:00","BZN|NL","Without Sequence","120.26","",""
"23/03/2026 01:45:00 - 23/03/2026 02:00:00","BZN|NL","Without Sequence","116.85","",""
"23/03/2026 02:00:00 - 23/03/2026 02:15:00","BZN|NL","Without Sequence","123.21","",""
"23/03/2026 02:15:00 - 23/03/2026 02:30:00","BZN|NL","Without Sequence","117.93","",""
"23/03/2026 02:30:00 - 23/03/2026 02:45:00","BZN|NL","Without Sequence","117.74","",""
"23/03/2026 02:45:00 - 23/03/2026 03:00:00","BZN|NL","Without Sequence","119.75","",""
"23/03/2026 03:00:00 - 23/03/2026 03:15:00","BZN|NL","Without Sequence","119.42","",""
"23/03/2026 03:15:00 - 23/03/2026 03:30:00","BZN|NL","Without Sequence","123.13","",""
"23/03/2026 03:30:00 - 23/03/2026 03:45:00","BZN|NL","Without Sequence","128.95","",""
"23/03/2026 03:45:00 - 23/03/2026 04:00:00","BZN|NL","Without Sequence","130.20","",""
"23/03/2026 04:00:00 - 23/03/2026 04:15:00","BZN|NL","Without Sequence","127.53","",""
"23/03/2026 04:15:00 - 23/03/2026 04:30:00","BZN|NL","Without Sequence","133.29","",""
"23/03/2026 04:30:00 - 23/03/2026 04:45:00","BZN|NL","Without Sequence","151.35","",""
"23/03/2026 04:45:00 - 23/03/2026 05:00:00","BZN|NL","Without Sequence","157.90","",""
"23/03/2026 05:00:00 - 23/03/2026 05:15:00","BZN|NL","Without Sequence","149.27","",""
"23/03/2026 05:15:00 - 23/03/2026 05:30:00","BZN|NL","Without Sequence","171.92","",""
"23/03/2026 05:30:00 - 23/03/2026 05:45:00","BZN|NL","Without Sequence","187.76","",""
"23/03/2026 05:45:00 - 23/03/2026 06:00:00","BZN|NL","Without Sequence","190.35","",""
"23/03/2026 06:00:00 - 23/03/2026 06:15:00","BZN|NL","Without Sequence","224.86","",""
"23/03/2026 06:15:00 - 23/03/2026 06:30:00","BZN|NL","Without Sequence","190.09","",""
"23/03/2026 06:30:00 - 23/03/2026 06:45:00","BZN|NL","Without Sequence","181.57","",""
"23/03/2026 06:45:00 - 23/03/2026 07:00:00","BZN|NL","Without Sequence","142.44","",""
"23/03/2026 07:00:00 - 23/03/2026 07:15:00","BZN|NL","Without Sequence","199.99","",""
"23/03/2026 07:15:00 - 23/03/2026 07:30:00","BZN|NL","Without Sequence","160.47","",""
"23/03/2026 07:30:00 - 23/03/2026 07:45:00","BZN|NL","Without Sequence","129.25","",""
"23/03/2026 07:45:00 - 23/03/2026 08:00:00","BZN|NL","Without Sequence","101.66","",""
"23/03/2026 08:00:00 - 23/03/2026 08:15:00","BZN|NL","Without Sequence","132.84","",""
"23/03/2026 08:15:00 - 23/03/2026 08:30:00","BZN|NL","Without Sequence","103.35","",""
"23/03/2026 08:30:00 - 23/03/2026 08:45:00","BZN|NL","Without Sequence","109.83","",""
"23/03/2026 08:45:00 - 23/03/2026 09:00:00","BZN|NL","Without Sequence","81.23","",""
"23/03/2026 09:00:00 - 23/03/2026 09:15:00","BZN|NL","Without Sequence","103.17","",""
"23/03/2026 09:15:00 - 23/03/2026 09:30:00","BZN|NL","Without Sequence","80.11","",""
"23/03/2026 09:30:00 - 23/03/2026 09:45:00","BZN|NL","Without Sequence","70.77","",""
"23/03/2026 09:45:00 - 23/03/2026 10:00:00","BZN|NL","Without Sequence","49.77","",""
"23/03/2026 10:00:00 - 23/03/2026 10:15:00","BZN|NL","Without Sequence","61.18","",""
"23/03/2026 10:15:00 - 23/03/2026 10:30:00","BZN|NL","Without Sequence","48.64","",""
"23/03/2026 10:30:00 - 23/03/2026 10:45:00","BZN|NL","Without Sequence","37.98","",""
"23/03/2026 10:45:00 - 23/03/2026 11:00:00","BZN|NL","Without Sequence","33.01","",""
"23/03/2026 11:00:00 - 23/03/2026 11:15:00","BZN|NL","Without Sequence","34.47","",""
"23/03/2026 11:15:00 - 23/03/2026 11:30:00","BZN|NL","Without Sequence","42.92","",""
"23/03/2026 11:30:00 - 23/03/2026 11:45:00","BZN|NL","Without Sequence","50.50","",""
"23/03/2026 11:45:00 - 23/03/2026 12:00:00","BZN|NL","Without Sequence","58.93","",""
"23/03/2026 12:00:00 - 23/03/2026 12:15:00","BZN|NL","Without Sequence","50.79","",""
"23/03/2026 12:15:00 - 23/03/2026 12:30:00","BZN|NL","Without Sequence","61.46","",""
"23/03/2026 12:30:00 - 23/03/2026 12:45:00","BZN|NL","Without Sequence","73.22","",""
"23/03/2026 12:45:00 - 23/03/2026 13:00:00","BZN|NL","Without Sequence","80.00","",""
"23/03/2026 13:00:00 - 23/03/2026 13:15:00","BZN|NL","Without Sequence","75.50","",""
"23/03/2026 13:15:00 - 23/03/2026 13:30:00","BZN|NL","Without Sequence","81.11","",""
"23/03/2026 13:30:00 - 23/03/2026 13:45:00","BZN|NL","Without Sequence","90.44","",""
"23/03/2026 13:45:00 - 23/03/2026 14:00:00","BZN|NL","Without Sequence","94.59","",""
"23/03/2026 14:00:00 - 23/03/2026 14:15:00","BZN|NL","Without Sequence","83.46","",""
"23/03/2026 14:15:00 - 23/03/2026 14:30:00","BZN|NL","Without Sequence","95.77","",""
"23/03/2026 14:30:00 - 23/03/2026 14:45:00","BZN|NL","Without Sequence","106.08","",""
"23/03/2026 14:45:00 - 23/03/2026 15:00:00","BZN|NL","Without Sequence","122.69","",""
"23/03/2026 15:00:00 - 23/03/2026 15:15:00","BZN|NL","Without Sequence","88.93","",""
"23/03/2026 15:15:00 - 23/03/2026 15:30:00","BZN|NL","Without Sequence","117.98","",""
"23/03/2026 15:30:00 - 23/03/2026 15:45:00","BZN|NL","Without Sequence","132.67","",""
"23/03/2026 15:45:00 - 23/03/2026 16:00:00","BZN|NL","Without Sequence","154.26","",""
"23/03/2026 16:00:00 - 23/03/2026 16:15:00","BZN|NL","Without Sequence","118.91","",""
"23/03/2026 16:15:00 - 23/03/2026 16:30:00","BZN|NL","Without Sequence","154.26","",""
"23/03/2026 16:30:00 - 23/03/2026 16:45:00","BZN|NL","Without Sequence","177.78","",""
"23/03/2026 16:45:00 - 23/03/2026 17:00:00","BZN|NL","Without Sequence","240.64","",""
"23/03/2026 17:00:00 - 23/03/2026 17:15:00","BZN|NL","Without Sequence","180.32","",""
"23/03/2026 17:15:00 - 23/03/2026 17:30:00","BZN|NL","Without Sequence","245.00","",""
"23/03/2026 17:30:00 - 23/03/2026 17:45:00","BZN|NL","Without Sequence","269.76","",""
"23/03/2026 17:45:00 - 23/03/2026 18:00:00","BZN|NL","Without Sequence","302.92","",""
"23/03/2026 18:00:00 - 23/03/2026 18:15:00","BZN|NL","Without Sequence","259.87","",""
"23/03/2026 18:15:00 - 23/03/2026 18:30:00","BZN|NL","Without Sequence","242.89","",""
"23/03/2026 18:30:00 - 23/03/2026 18:45:00","BZN|NL","Without Sequence","235.45","",""
"23/03/2026 18:45:00 - 23/03/2026 19:00:00","BZN|NL","Without Sequence","217.40","",""
"23/03/2026 19:00:00 - 23/03/2026 19:15:00","BZN|NL","Without Sequence","242.14","",""
"23/03/2026 19:15:00 - 23/03/2026 19:30:00","BZN|NL","Without Sequence","206.89","",""
"23/03/2026 19:30:00 - 23/03/2026 19:45:00","BZN|NL","Without Sequence","180.62","",""
"23/03/2026 19:45:00 - 23/03/2026 20:00:00","BZN|NL","Without Sequence","168.33","",""
"23/03/2026 20:00:00 - 23/03/2026 20:15:00","BZN|NL","Without Sequence","206.19","",""
"23/03/2026 20:15:00 - 23/03/2026 20:30:00","BZN|NL","Without Sequence","173.81","",""
"23/03/2026 20:30:00 - 23/03/2026 20:45:00","BZN|NL","Without Sequence","151.99","",""
"23/03/2026 20:45:00 - 23/03/2026 21:00:00","BZN|NL","Without Sequence","140.35","",""
"23/03/2026 21:00:00 - 23/03/2026 21:15:00","BZN|NL","Without Sequence","161.99","",""
"23/03/2026 21:15:00 - 23/03/2026 21:30:00","BZN|NL","Without Sequence","147.06","",""
"23/03/2026 21:30:00 - 23/03/2026 21:45:00","BZN|NL","Without Sequence","151.99","",""
"23/03/2026 21:45:00 - 23/03/2026 22:00:00","BZN|NL","Without Sequence","147.72","",""
"23/03/2026 22:00:00 - 23/03/2026 22:15:00","BZN|NL","Without Sequence","152.94","",""
"23/03/2026 22:15:00 - 23/03/2026 22:30:00","BZN|NL","Without Sequence","137.91","",""
"23/03/2026 22:30:00 - 23/03/2026 22:45:00","BZN|NL","Without Sequence","135.96","",""
"23/03/2026 22:45:00 - 23/03/2026 23:00:00","BZN|NL","Without Sequence","121.42","",""
"23/03/2026 23:00:00 - 23/03/2026 23:15:00","BZN|NL","Without Sequence","147.97","",""
"23/03/2026 23:15:00 - 23/03/2026 23:30:00","BZN|NL","Without Sequence","138.06","",""
"23/03/2026 23:30:00 - 23/03/2026 23:45:00","BZN|NL","Without Sequence","126.35","",""
"23/03/2026 23:45:00 - 24/03/2026 00:00:00","BZN|NL","Without Sequence","122.89","",""
"24/03/2026 00:00:00 - 24/03/2026 00:15:00","BZN|NL","Without Sequence","132.26","",""
"24/03/2026 00:15:00 - 24/03/2026 00:30:00","BZN|NL","Without Sequence","122.20","",""
"24/03/2026 00:30:00 - 24/03/2026 00:45:00","BZN|NL","Without Sequence","111.05","",""
"24/03/2026 00:45:00 - 24/03/2026 01:00:00","BZN|NL","Without Sequence","104.33","",""
"24/03/2026 01:00:00 - 24/03/2026 01:15:00","BZN|NL","Without Sequence","112.24","",""
"24/03/2026 01:15:00 - 24/03/2026 01:30:00","BZN|NL","Without Sequence","105.35","",""
"24/03/2026 01:30:00 - 24/03/2026 01:45:00","BZN|NL","Without Sequence","99.83","",""
"24/03/2026 01:45:00 - 24/03/2026 02:00:00","BZN|NL","Without Sequence","96.87","",""
"24/03/2026 02:00:00 - 24/03/2026 02:15:00","BZN|NL","Without Sequence","100.82","",""
"24/03/2026 02:15:00 - 24/03/2026 02:30:00","BZN|NL","Without Sequence","95.92","",""
"24/03/2026 02:30:00 - 24/03/2026 02:45:00","BZN|NL","Without Sequence","94.01","",""
"24/03/2026 02:45:00 - 24/03/2026 03:00:00","BZN|NL","Without Sequence","93.30","",""
"24/03/2026 03:00:00 - 24/03/2026 03:15:00","BZN|NL","Without Sequence","94.87","",""
"24/03/2026 03:15:00 - 24/03/2026 03:30:00","BZN|NL","Without Sequence","93.75","",""
"24/03/2026 03:30:00 - 24/03/2026 03:45:00","BZN|NL","Without Sequence","95.87","",""
"24/03/2026 03:45:00 - 24/03/2026 04:00:00","BZN|NL","Without Sequence","94.86","",""
"24/03/2026 04:00:00 - 24/03/2026 04:15:00","BZN|NL","Without Sequence","92.94","",""
"24/03/2026 04:15:00 - 24/03/2026 04:30:00","BZN|NL","Without Sequence","91.34","",""
"24/03/2026 04:30:00 - 24/03/2026 04:45:00","BZN|NL","Without Sequence","94.83","",""
"24/03/2026 04:45:00 - 24/03/2026 05:00:00","BZN|NL","Without Sequence","105.22","",""
"24/03/2026 05:00:00 - 24/03/2026 05:15:00","BZN|NL","Without Sequence","100.13","",""
"24/03/2026 05:15:00 - 24/03/2026 05:30:00","BZN|NL","Without Sequence","106.68","",""
"24/03/2026 05:30:00 - 24/03/2026 05:45:00","BZN|NL","Without Sequence","109.79","",""
"24/03/2026 05:45:00 - 24/03/2026 06:00:00","BZN|NL","Without Sequence","111.32","",""
"24/03/2026 06:00:00 - 24/03/2026 06:15:00","BZN|NL","Without Sequence","134.35","",""
"24/03/2026 06:15:00 - 24/03/2026 06:30:00","BZN|NL","Without Sequence","120.50","",""
"24/03/2026 06:30:00 - 24/03/2026 06:45:00","BZN|NL","Without Sequence","106.60","",""
"24/03/2026 06:45:00 - 24/03/2026 07:00:00","BZN|NL","Without Sequence","91.07","",""
"24/03/2026 07:00:00 - 24/03/2026 07:15:00","BZN|NL","Without Sequence","132.77","",""
"24/03/2026 07:15:00 - 24/03/2026 07:30:00","BZN|NL","Without Sequence","103.51","",""
"24/03/2026 07:30:00 - 24/03/2026 07:45:00","BZN|NL","Without Sequence","89.90","",""
"24/03/2026 07:45:00 - 24/03/2026 08:00:00","BZN|NL","Without Sequence","64.39","",""
"24/03/2026 08:00:00 - 24/03/2026 08:15:00","BZN|NL","Without Sequence","99.55","",""
"24/03/2026 08:15:00 - 24/03/2026 08:30:00","BZN|NL","Without Sequence","80.22","",""
"24/03/2026 08:30:00 - 24/03/2026 08:45:00","BZN|NL","Without Sequence","64.77","",""
"24/03/2026 08:45:00 - 24/03/2026 09:00:00","BZN|NL","Without Sequence","39.13","",""
"24/03/2026 09:00:00 - 24/03/2026 09:15:00","BZN|NL","Without Sequence","60.10","",""
"24/03/2026 09:15:00 - 24/03/2026 09:30:00","BZN|NL","Without Sequence","23.68","",""
"24/03/2026 09:30:00 - 24/03/2026 09:45:00","BZN|NL","Without Sequence","10.21","",""
"24/03/2026 09:45:00 - 24/03/2026 10:00:00","BZN|NL","Without Sequence","4.01","",""
"24/03/2026 10:00:00 - 24/03/2026 10:15:00","BZN|NL","Without Sequence","8.78","",""
"24/03/2026 10:15:00 - 24/03/2026 10:30:00","BZN|NL","Without Sequence","5.03","",""
"24/03/2026 10:30:00 - 24/03/2026 10:45:00","BZN|NL","Without Sequence","4.10","",""
"24/03/2026 10:45:00 - 24/03/2026 11:00:00","BZN|NL","Without Sequence","1.96","",""
"24/03/2026 11:00:00 - 24/03/2026 11:15:00","BZN|NL","Without Sequence","0.92","",""
"24/03/2026 11:15:00 - 24/03/2026 11:30:00","BZN|NL","Without Sequence","1.61","",""
"24/03/2026 11:30:00 - 24/03/2026 11:45:00","BZN|NL","Without Sequence","1.61","",""
"24/03/2026 11:45:00 - 24/03/2026 12:00:00","BZN|NL","Without Sequence","1.15","",""
"24/03/2026 12:00:00 - 24/03/2026 12:15:00","BZN|NL","Without Sequence","1.61","",""
"24/03/2026 12:15:00 - 24/03/2026 12:30:00","BZN|NL","Without Sequence","2.65","",""
"24/03/2026 12:30:00 - 24/03/2026 12:45:00","BZN|NL","Without Sequence","3.50","",""
"24/03/2026 12:45:00 - 24/03/2026 13:00:00","BZN|NL","Without Sequence","3.60","",""
"24/03/2026 13:00:00 - 24/03/2026 13:15:00","BZN|NL","Without Sequence","2.50","",""
"24/03/2026 13:15:00 - 24/03/2026 13:30:00","BZN|NL","Without Sequence","2.77","",""
"24/03/2026 13:30:00 - 24/03/2026 13:45:00","BZN|NL","Without Sequence","3.53","",""
"24/03/2026 13:45:00 - 24/03/2026 14:00:00","BZN|NL","Without Sequence","5.49","",""
"24/03/2026 14:00:00 - 24/03/2026 14:15:00","BZN|NL","Without Sequence","3.29","",""
"24/03/2026 14:15:00 - 24/03/2026 14:30:00","BZN|NL","Without Sequence","9.62","",""
"24/03/2026 14:30:00 - 24/03/2026 14:45:00","BZN|NL","Without Sequence","15.48","",""
"24/03/2026 14:45:00 - 24/03/2026 15:00:00","BZN|NL","Without Sequence","56.21","",""
"24/03/2026 15:00:00 - 24/03/2026 15:15:00","BZN|NL","Without Sequence","33.93","",""
"24/03/2026 15:15:00 - 24/03/2026 15:30:00","BZN|NL","Without Sequence","66.79","",""
"24/03/2026 15:30:00 - 24/03/2026 15:45:00","BZN|NL","Without Sequence","101.01","",""
"24/03/2026 15:45:00 - 24/03/2026 16:00:00","BZN|NL","Without Sequence","108.00","",""
"24/03/2026 16:00:00 - 24/03/2026 16:15:00","BZN|NL","Without Sequence","91.31","",""
"24/03/2026 16:15:00 - 24/03/2026 16:30:00","BZN|NL","Without Sequence","101.01","",""
"24/03/2026 16:30:00 - 24/03/2026 16:45:00","BZN|NL","Without Sequence","118.70","",""
"24/03/2026 16:45:00 - 24/03/2026 17:00:00","BZN|NL","Without Sequence","140.52","",""
"24/03/2026 17:00:00 - 24/03/2026 17:15:00","BZN|NL","Without Sequence","130.16","",""
"24/03/2026 17:15:00 - 24/03/2026 17:30:00","BZN|NL","Without Sequence","141.00","",""
"24/03/2026 17:30:00 - 24/03/2026 17:45:00","BZN|NL","Without Sequence","131.36","",""
"24/03/2026 17:45:00 - 24/03/2026 18:00:00","BZN|NL","Without Sequence","141.01","",""
"24/03/2026 18:00:00 - 24/03/2026 18:15:00","BZN|NL","Without Sequence","158.08","",""
"24/03/2026 18:15:00 - 24/03/2026 18:30:00","BZN|NL","Without Sequence","136.19","",""
"24/03/2026 18:30:00 - 24/03/2026 18:45:00","BZN|NL","Without Sequence","139.77","",""
"24/03/2026 18:45:00 - 24/03/2026 19:00:00","BZN|NL","Without Sequence","132.86","",""
"24/03/2026 19:00:00 - 24/03/2026 19:15:00","BZN|NL","Without Sequence","129.93","",""
"24/03/2026 19:15:00 - 24/03/2026 19:30:00","BZN|NL","Without Sequence","113.72","",""
"24/03/2026 19:30:00 - 24/03/2026 19:45:00","BZN|NL","Without Sequence","97.39","",""
"24/03/2026 19:45:00 - 24/03/2026 20:00:00","BZN|NL","Without Sequence","103.38","",""
"24/03/2026 20:00:00 - 24/03/2026 20:15:00","BZN|NL","Without Sequence","108.25","",""
"24/03/2026 20:15:00 - 24/03/2026 20:30:00","BZN|NL","Without Sequence","106.98","",""
"24/03/2026 20:30:00 - 24/03/2026 20:45:00","BZN|NL","Without Sequence","97.87","",""
"24/03/2026 20:45:00 - 24/03/2026 21:00:00","BZN|NL","Without Sequence","83.02","",""
"24/03/2026 21:00:00 - 24/03/2026 21:15:00","BZN|NL","Without Sequence","108.10","",""
"24/03/2026 21:15:00 - 24/03/2026 21:30:00","BZN|NL","Without Sequence","97.46","",""
"24/03/2026 21:30:00 - 24/03/2026 21:45:00","BZN|NL","Without Sequence","76.20","",""
"24/03/2026 21:45:00 - 24/03/2026 22:00:00","BZN|NL","Without Sequence","48.95","",""
"24/03/2026 22:00:00 - 24/03/2026 22:15:00","BZN|NL","Without Sequence","62.97","",""
"24/03/2026 22:15:00 - 24/03/2026 22:30:00","BZN|NL","Without Sequence","33.58","",""
"24/03/2026 22:30:00 - 24/03/2026 22:45:00","BZN|NL","Without Sequence","20.00","",""
"24/03/2026 22:45:00 - 24/03/2026 23:00:00","BZN|NL","Without Sequence","11.04","",""
"24/03/2026 23:00:00 - 24/03/2026 23:15:00","BZN|NL","Without Sequence","3.00","",""
"24/03/2026 23:15:00 - 24/03/2026 23:30:00","BZN|NL","Without Sequence","2.40","",""
"24/03/2026 23:30:00 - 24/03/2026 23:45:00","BZN|NL","Without Sequence","1.78","",""
"24/03/2026 23:45:00 - 25/03/2026 00:00:00","BZN|NL","Without Sequence","0.06","",""
"25/03/2026 00:00:00 - 25/03/2026 00:15:00","BZN|NL","Without Sequence","1.36","",""
"25/03/2026 00:15:00 - 25/03/2026 00:30:00","BZN|NL","Without Sequence","0.10","",""
"25/03/2026 00:30:00 - 25/03/2026 00:45:00","BZN|NL","Without Sequence","0.01","",""
"25/03/2026 00:45:00 - 25/03/2026 01:00:00","BZN|NL","Without Sequence","0.00","",""
"25/03/2026 01:00:00 - 25/03/2026 01:15:00","BZN|NL","Without Sequence","0.00","",""
"25/03/2026 01:15:00 - 25/03/2026 01:30:00","BZN|NL","Without Sequence","0.00","",""
"25/03/2026 01:30:00 - 25/03/2026 01:45:00","BZN|NL","Without Sequence","0.00","",""
"25/03/2026 01:45:00 - 25/03/2026 02:00:00","BZN|NL","Without Sequence","-0.01","",""
"25/03/2026 02:00:00 - 25/03/2026 02:15:00","BZN|NL","Without Sequence","-0.01","",""
"25/03/2026 02:15:00 - 25/03/2026 02:30:00","BZN|NL","Without Sequence","-0.01","",""
"25/03/2026 02:30:00 - 25/03/2026 02:45:00","BZN|NL","Without Sequence","-0.01","",""
"25/03/2026 02:45:00 - 25/03/2026 03:00:00","BZN|NL","Without Sequence","-0.01","",""
"25/03/2026 03:00:00 - 25/03/2026 03:15:00","BZN|NL","Without Sequence","-0.01","",""
"25/03/2026 03:15:00 - 25/03/2026 03:30:00","BZN|NL","Without Sequence","-0.01","",""
"25/03/2026 03:30:00 - 25/03/2026 03:45:00","BZN|NL","Without Sequence","0.00","",""
"25/03/2026 03:45:00 - 25/03/2026 04:00:00","BZN|NL","Without Sequence","0.00","",""
"25/03/2026 04:00:00 - 25/03/2026 04:15:00","BZN|NL","Without Sequence","0.00","",""
"25/03/2026 04:15:00 - 25/03/2026 04:30:00","BZN|NL","Without Sequence","0.40","",""
"25/03/2026 04:30:00 - 25/03/2026 04:45:00","BZN|NL","Without Sequence","0.26","",""
"25/03/2026 04:45:00 - 25/03/2026 05:00:00","BZN|NL","Without Sequence","1.36","",""
"25/03/2026 05:00:00 - 25/03/2026 05:15:00","BZN|NL","Without Sequence","2.45","",""
"25/03/2026 05:15:00 - 25/03/2026 05:30:00","BZN|NL","Without Sequence","4.63","",""
"25/03/2026 05:30:00 - 25/03/2026 05:45:00","BZN|NL","Without Sequence","6.74","",""
"25/03/2026 05:45:00 - 25/03/2026 06:00:00","BZN|NL","Without Sequence","5.28","",""
"25/03/2026 06:00:00 - 25/03/2026 06:15:00","BZN|NL","Without Sequence","16.34","",""
"25/03/2026 06:15:00 - 25/03/2026 06:30:00","BZN|NL","Without Sequence","18.99","",""
"25/03/2026 06:30:00 - 25/03/2026 06:45:00","BZN|NL","Without Sequence","15.93","",""
"25/03/2026 06:45:00 - 25/03/2026 07:00:00","BZN|NL","Without Sequence","25.01","",""
"25/03/2026 07:00:00 - 25/03/2026 07:15:00","BZN|NL","Without Sequence","35.40","",""
"25/03/2026 07:15:00 - 25/03/2026 07:30:00","BZN|NL","Without Sequence","23.31","",""
"25/03/2026 07:30:00 - 25/03/2026 07:45:00","BZN|NL","Without Sequence","66.60","",""
"25/03/2026 07:45:00 - 25/03/2026 08:00:00","BZN|NL","Without Sequence","74.68","",""
"25/03/2026 08:00:00 - 25/03/2026 08:15:00","BZN|NL","Without Sequence","45.56","",""
"25/03/2026 08:15:00 - 25/03/2026 08:30:00","BZN|NL","Without Sequence","20.00","",""
"25/03/2026 08:30:00 - 25/03/2026 08:45:00","BZN|NL","Without Sequence","17.08","",""
"25/03/2026 08:45:00 - 25/03/2026 09:00:00","BZN|NL","Without Sequence","10.00","",""
"25/03/2026 09:00:00 - 25/03/2026 09:15:00","BZN|NL","Without Sequence","9.47","",""
"25/03/2026 09:15:00 - 25/03/2026 09:30:00","BZN|NL","Without Sequence","6.51","",""
"25/03/2026 09:30:00 - 25/03/2026 09:45:00","BZN|NL","Without Sequence","5.47","",""
"25/03/2026 09:45:00 - 25/03/2026 10:00:00","BZN|NL","Without Sequence","4.26","",""
"25/03/2026 10:00:00 - 25/03/2026 10:15:00","BZN|NL","Without Sequence","3.61","",""
"25/03/2026 10:15:00 - 25/03/2026 10:30:00","BZN|NL","Without Sequence","0.11","",""
"25/03/2026 10:30:00 - 25/03/2026 10:45:00","BZN|NL","Without Sequence","0.06","",""
"25/03/2026 10:45:00 - 25/03/2026 11:00:00","BZN|NL","Without Sequence","0.03","",""
"25/03/2026 11:00:00 - 25/03/2026 11:15:00","BZN|NL","Without Sequence","0.08","",""
"25/03/2026 11:15:00 - 25/03/2026 11:30:00","BZN|NL","Without Sequence","0.03","",""
"25/03/2026 11:30:00 - 25/03/2026 11:45:00","BZN|NL","Without Sequence","0.09","",""
"25/03/2026 11:45:00 - 25/03/2026 12:00:00","BZN|NL","Without Sequence","0.13","",""
"25/03/2026 12:00:00 - 25/03/2026 12:15:00","BZN|NL","Without Sequence","0.26","",""
"25/03/2026 12:15:00 - 25/03/2026 12:30:00","BZN|NL","Without Sequence","0.21","",""
"25/03/2026 12:30:00 - 25/03/2026 12:45:00","BZN|NL","Without Sequence","0.29","",""
"25/03/2026 12:45:00 - 25/03/2026 13:00:00","BZN|NL","Without Sequence","0.89","",""
"25/03/2026 13:00:00 - 25/03/2026 13:15:00","BZN|NL","Without Sequence","0.48","",""
"25/03/2026 13:15:00 - 25/03/2026 13:30:00","BZN|NL","Without Sequence","2.33","",""
"25/03/2026 13:30:00 - 25/03/2026 13:45:00","BZN|NL","Without Sequence","1.45","",""
"25/03/2026 13:45:00 - 25/03/2026 14:00:00","BZN|NL","Without Sequence","4.84","",""
"25/03/2026 14:00:00 - 25/03/2026 14:15:00","BZN|NL","Without Sequence","1.08","",""
"25/03/2026 14:15:00 - 25/03/2026 14:30:00","BZN|NL","Without Sequence","6.30","",""
"25/03/2026 14:30:00 - 25/03/2026 14:45:00","BZN|NL","Without Sequence","10.61","",""
"25/03/2026 14:45:00 - 25/03/2026 15:00:00","BZN|NL","Without Sequence","16.62","",""
"25/03/2026 15:00:00 - 25/03/2026 15:15:00","BZN|NL","Without Sequence","11.33","",""
"25/03/2026 15:15:00 - 25/03/2026 15:30:00","BZN|NL","Without Sequence","21.15","",""
"25/03/2026 15:30:00 - 25/03/2026 15:45:00","BZN|NL","Without Sequence","49.64","",""
"25/03/2026 15:45:00 - 25/03/2026 16:00:00","BZN|NL","Without Sequence","87.44","",""
"25/03/2026 16:00:00 - 25/03/2026 16:15:00","BZN|NL","Without Sequence","71.41","",""
"25/03/2026 16:15:00 - 25/03/2026 16:30:00","BZN|NL","Without Sequence","92.72","",""
"25/03/2026 16:30:00 - 25/03/2026 16:45:00","BZN|NL","Without Sequence","108.52","",""
"25/03/2026 16:45:00 - 25/03/2026 17:00:00","BZN|NL","Without Sequence","122.90","",""
"25/03/2026 17:00:00 - 25/03/2026 17:15:00","BZN|NL","Without Sequence","110.82","",""
"25/03/2026 17:15:00 - 25/03/2026 17:30:00","BZN|NL","Without Sequence","115.81","",""
"25/03/2026 17:30:00 - 25/03/2026 17:45:00","BZN|NL","Without Sequence","132.82","",""
"25/03/2026 17:45:00 - 25/03/2026 18:00:00","BZN|NL","Without Sequence","163.50","",""
"25/03/2026 18:00:00 - 25/03/2026 18:15:00","BZN|NL","Without Sequence","160.07","",""
"25/03/2026 18:15:00 - 25/03/2026 18:30:00","BZN|NL","Without Sequence","155.66","",""
"25/03/2026 18:30:00 - 25/03/2026 18:45:00","BZN|NL","Without Sequence","144.30","",""
"25/03/2026 18:45:00 - 25/03/2026 19:00:00","BZN|NL","Without Sequence","143.27","",""
"25/03/2026 19:00:00 - 25/03/2026 19:15:00","BZN|NL","Without Sequence","172.82","",""
"25/03/2026 19:15:00 - 25/03/2026 19:30:00","BZN|NL","Without Sequence","149.03","",""
"25/03/2026 19:30:00 - 25/03/2026 19:45:00","BZN|NL","Without Sequence","140.10","",""
"25/03/2026 19:45:00 - 25/03/2026 20:00:00","BZN|NL","Without Sequence","120.88","",""
"25/03/2026 20:00:00 - 25/03/2026 20:15:00","BZN|NL","Without Sequence","140.00","",""
"25/03/2026 20:15:00 - 25/03/2026 20:30:00","BZN|NL","Without Sequence","125.49","",""
"25/03/2026 20:30:00 - 25/03/2026 20:45:00","BZN|NL","Without Sequence","117.47","",""
"25/03/2026 20:45:00 - 25/03/2026 21:00:00","BZN|NL","Without Sequence","109.13","",""
"25/03/2026 21:00:00 - 25/03/2026 21:15:00","BZN|NL","Without Sequence","120.10","",""
"25/03/2026 21:15:00 - 25/03/2026 21:30:00","BZN|NL","Without Sequence","115.10","",""
"25/03/2026 21:30:00 - 25/03/2026 21:45:00","BZN|NL","Without Sequence","113.41","",""
"25/03/2026 21:45:00 - 25/03/2026 22:00:00","BZN|NL","Without Sequence","102.14","",""
"25/03/2026 22:00:00 - 25/03/2026 22:15:00","BZN|NL","Without Sequence","106.95","",""
"25/03/2026 22:15:00 - 25/03/2026 22:30:00","BZN|NL","Without Sequence","92.00","",""
"25/03/2026 22:30:00 - 25/03/2026 22:45:00","BZN|NL","Without Sequence","90.43","",""
"25/03/2026 22:45:00 - 25/03/2026 23:00:00","BZN|NL","Without Sequence","75.16","",""
"25/03/2026 23:00:00 - 25/03/2026 23:15:00","BZN|NL","Without Sequence","106.80","",""
"25/03/2026 23:15:00 - 25/03/2026 23:30:00","BZN|NL","Without Sequence","99.63","",""
"25/03/2026 23:30:00 - 25/03/2026 23:45:00","BZN|NL","Without Sequence","90.64","",""
"25/03/2026 23:45:00 - 26/03/2026 00:00:00","BZN|NL","Without Sequence","85.02","",""
"26/03/2026 00:00:00 - 26/03/2026 00:15:00","BZN|NL","Without Sequence","95.98","",""
"26/03/2026 00:15:00 - 26/03/2026 00:30:00","BZN|NL","Without Sequence","91.77","",""
"26/03/2026 00:30:00 - 26/03/2026 00:45:00","BZN|NL","Without Sequence","89.55","",""
"26/03/2026 00:45:00 - 26/03/2026 01:00:00","BZN|NL","Without Sequence","86.45","",""
"26/03/2026 01:00:00 - 26/03/2026 01:15:00","BZN|NL","Without Sequence","91.21","",""
"26/03/2026 01:15:00 - 26/03/2026 01:30:00","BZN|NL","Without Sequence","87.01","",""
"26/03/2026 01:30:00 - 26/03/2026 01:45:00","BZN|NL","Without Sequence","85.99","",""
"26/03/2026 01:45:00 - 26/03/2026 02:00:00","BZN|NL","Without Sequence","85.39","",""
"26/03/2026 02:00:00 - 26/03/2026 02:15:00","BZN|NL","Without Sequence","88.92","",""
"26/03/2026 02:15:00 - 26/03/2026 02:30:00","BZN|NL","Without Sequence","85.92","",""
"26/03/2026 02:30:00 - 26/03/2026 02:45:00","BZN|NL","Without Sequence","91.14","",""
"26/03/2026 02:45:00 - 26/03/2026 03:00:00","BZN|NL","Without Sequence","89.33","",""
"26/03/2026 03:00:00 - 26/03/2026 03:15:00","BZN|NL","Without Sequence","89.11","",""
"26/03/2026 03:15:00 - 26/03/2026 03:30:00","BZN|NL","Without Sequence","91.14","",""
"26/03/2026 03:30:00 - 26/03/2026 03:45:00","BZN|NL","Without Sequence","93.91","",""
"26/03/2026 03:45:00 - 26/03/2026 04:00:00","BZN|NL","Without Sequence","93.44","",""
"26/03/2026 04:00:00 - 26/03/2026 04:15:00","BZN|NL","Without Sequence","97.35","",""
"26/03/2026 04:15:00 - 26/03/2026 04:30:00","BZN|NL","Without Sequence","92.03","",""
"26/03/2026 04:30:00 - 26/03/2026 04:45:00","BZN|NL","Without Sequence","105.17","",""
"26/03/2026 04:45:00 - 26/03/2026 05:00:00","BZN|NL","Without Sequence","112.25","",""
"26/03/2026 05:00:00 - 26/03/2026 05:15:00","BZN|NL","Without Sequence","97.85","",""
"26/03/2026 05:15:00 - 26/03/2026 05:30:00","BZN|NL","Without Sequence","122.13","",""
"26/03/2026 05:30:00 - 26/03/2026 05:45:00","BZN|NL","Without Sequence","127.62","",""
"26/03/2026 05:45:00 - 26/03/2026 06:00:00","BZN|NL","Without Sequence","127.08","",""
"26/03/2026 06:00:00 - 26/03/2026 06:15:00","BZN|NL","Without Sequence","145.76","",""
"26/03/2026 06:15:00 - 26/03/2026 06:30:00","BZN|NL","Without Sequence","148.44","",""
"26/03/2026 06:30:00 - 26/03/2026 06:45:00","BZN|NL","Without Sequence","134.23","",""
"26/03/2026 06:45:00 - 26/03/2026 07:00:00","BZN|NL","Without Sequence","122.37","",""
"26/03/2026 07:00:00 - 26/03/2026 07:15:00","BZN|NL","Without Sequence","151.65","",""
"26/03/2026 07:15:00 - 26/03/2026 07:30:00","BZN|NL","Without Sequence","139.76","",""
"26/03/2026 07:30:00 - 26/03/2026 07:45:00","BZN|NL","Without Sequence","116.51","",""
"26/03/2026 07:45:00 - 26/03/2026 08:00:00","BZN|NL","Without Sequence","95.69","",""
"26/03/2026 08:00:00 - 26/03/2026 08:15:00","BZN|NL","Without Sequence","113.01","",""
"26/03/2026 08:15:00 - 26/03/2026 08:30:00","BZN|NL","Without Sequence","89.80","",""
"26/03/2026 08:30:00 - 26/03/2026 08:45:00","BZN|NL","Without Sequence","77.06","",""
"26/03/2026 08:45:00 - 26/03/2026 09:00:00","BZN|NL","Without Sequence","65.62","",""
"26/03/2026 09:00:00 - 26/03/2026 09:15:00","BZN|NL","Without Sequence","75.69","",""
"26/03/2026 09:15:00 - 26/03/2026 09:30:00","BZN|NL","Without Sequence","47.55","",""
"26/03/2026 09:30:00 - 26/03/2026 09:45:00","BZN|NL","Without Sequence","23.78","",""
"26/03/2026 09:45:00 - 26/03/2026 10:00:00","BZN|NL","Without Sequence","15.86","",""
"26/03/2026 10:00:00 - 26/03/2026 10:15:00","BZN|NL","Without Sequence","20.07","",""
"26/03/2026 10:15:00 - 26/03/2026 10:30:00","BZN|NL","Without Sequence","15.85","",""
"26/03/2026 10:30:00 - 26/03/2026 10:45:00","BZN|NL","Without Sequence","12.82","",""
"26/03/2026 10:45:00 - 26/03/2026 11:00:00","BZN|NL","Without Sequence","13.64","",""
"26/03/2026 11:00:00 - 26/03/2026 11:15:00","BZN|NL","Without Sequence","9.70","",""
"26/03/2026 11:15:00 - 26/03/2026 11:30:00","BZN|NL","Without Sequence","7.88","",""
"26/03/2026 11:30:00 - 26/03/2026 11:45:00","BZN|NL","Without Sequence","4.54","",""
"26/03/2026 11:45:00 - 26/03/2026 12:00:00","BZN|NL","Without Sequence","3.93","",""
"26/03/2026 12:00:00 - 26/03/2026 12:15:00","BZN|NL","Without Sequence","4.55","",""
"26/03/2026 12:15:00 - 26/03/2026 12:30:00","BZN|NL","Without Sequence","3.21","",""
"26/03/2026 12:30:00 - 26/03/2026 12:45:00","BZN|NL","Without Sequence","3.01","",""
"26/03/2026 12:45:00 - 26/03/2026 13:00:00","BZN|NL","Without Sequence","2.91","",""
"26/03/2026 13:00:00 - 26/03/2026 13:15:00","BZN|NL","Without Sequence","4.04","",""
"26/03/2026 13:15:00 - 26/03/2026 13:30:00","BZN|NL","Without Sequence","6.69","",""
"26/03/2026 13:30:00 - 26/03/2026 13:45:00","BZN|NL","Without Sequence","12.45","",""
"26/03/2026 13:45:00 - 26/03/2026 14:00:00","BZN|NL","Without Sequence","14.78","",""
"26/03/2026 14:00:00 - 26/03/2026 14:15:00","BZN|NL","Without Sequence","11.90","",""
"26/03/2026 14:15:00 - 26/03/2026 14:30:00","BZN|NL","Without Sequence","20.62","",""
"26/03/2026 14:30:00 - 26/03/2026 14:45:00","BZN|NL","Without Sequence","37.21","",""
"26/03/2026 14:45:00 - 26/03/2026 15:00:00","BZN|NL","Without Sequence","71.39","",""
"26/03/2026 15:00:00 - 26/03/2026 15:15:00","BZN|NL","Without Sequence","36.98","",""
"26/03/2026 15:15:00 - 26/03/2026 15:30:00","BZN|NL","Without Sequence","72.27","",""
"26/03/2026 15:30:00 - 26/03/2026 15:45:00","BZN|NL","Without Sequence","79.98","",""
"26/03/2026 15:45:00 - 26/03/2026 16:00:00","BZN|NL","Without Sequence","110.77","",""
"26/03/2026 16:00:00 - 26/03/2026 16:15:00","BZN|NL","Without Sequence","76.86","",""
"26/03/2026 16:15:00 - 26/03/2026 16:30:00","BZN|NL","Without Sequence","109.09","",""
"26/03/2026 16:30:00 - 26/03/2026 16:45:00","BZN|NL","Without Sequence","128.17","",""
"26/03/2026 16:45:00 - 26/03/2026 17:00:00","BZN|NL","Without Sequence","149.56","",""
"26/03/2026 17:00:00 - 26/03/2026 17:15:00","BZN|NL","Without Sequence","123.13","",""
"26/03/2026 17:15:00 - 26/03/2026 17:30:00","BZN|NL","Without Sequence","143.76","",""
"26/03/2026 17:30:00 - 26/03/2026 17:45:00","BZN|NL","Without Sequence","160.32","",""
"26/03/2026 17:45:00 - 26/03/2026 18:00:00","BZN|NL","Without Sequence","181.19","",""
"26/03/2026 18:00:00 - 26/03/2026 18:15:00","BZN|NL","Without Sequence","163.92","",""
"26/03/2026 18:15:00 - 26/03/2026 18:30:00","BZN|NL","Without Sequence","167.46","",""
"26/03/2026 18:30:00 - 26/03/2026 18:45:00","BZN|NL","Without Sequence","169.00","",""
"26/03/2026 18:45:00 - 26/03/2026 19:00:00","BZN|NL","Without Sequence","165.82","",""
"26/03/2026 19:00:00 - 26/03/2026 19:15:00","BZN|NL","Without Sequence","170.44","",""
"26/03/2026 19:15:00 - 26/03/2026 19:30:00","BZN|NL","Without Sequence","155.28","",""
"26/03/2026 19:30:00 - 26/03/2026 19:45:00","BZN|NL","Without Sequence","147.35","",""
"26/03/2026 19:45:00 - 26/03/2026 20:00:00","BZN|NL","Without Sequence","140.36","",""
"26/03/2026 20:00:00 - 26/03/2026 20:15:00","BZN|NL","Without Sequence","146.71","",""
"26/03/2026 20:15:00 - 26/03/2026 20:30:00","BZN|NL","Without Sequence","132.72","",""
"26/03/2026 20:30:00 - 26/03/2026 20:45:00","BZN|NL","Without Sequence","123.79","",""
"26/03/2026 20:45:00 - 26/03/2026 21:00:00","BZN|NL","Without Sequence","118.38","",""
"26/03/2026 21:00:00 - 26/03/2026 21:15:00","BZN|NL","Without Sequence","131.08","",""
"26/03/2026 21:15:00 - 26/03/2026 21:30:00","BZN|NL","Without Sequence","121.79","",""
"26/03/2026 21:30:00 - 26/03/2026 21:45:00","BZN|NL","Without Sequence","124.14","",""
"26/03/2026 21:45:00 - 26/03/2026 22:00:00","BZN|NL","Without Sequence","121.23","",""
"26/03/2026 22:00:00 - 26/03/2026 22:15:00","BZN|NL","Without Sequence","123.95","",""
"26/03/2026 22:15:00 - 26/03/2026 22:30:00","BZN|NL","Without Sequence","121.10","",""
"26/03/2026 22:30:00 - 26/03/2026 22:45:00","BZN|NL","Without Sequence","139.08","",""
"26/03/2026 22:45:00 - 26/03/2026 23:00:00","BZN|NL","Without Sequence","120.96","",""
"26/03/2026 23:00:00 - 26/03/2026 23:15:00","BZN|NL","Without Sequence","124.51","",""
"26/03/2026 23:15:00 - 26/03/2026 23:30:00","BZN|NL","Without Sequence","120.50","",""
"26/03/2026 23:30:00 - 26/03/2026 23:45:00","BZN|NL","Without Sequence","117.33","",""
"26/03/2026 23:45:00 - 27/03/2026 00:00:00","BZN|NL","Without Sequence","115.82","",""
"27/03/2026 00:00:00 - 27/03/2026 00:15:00","BZN|NL","Without Sequence","122.34","",""
"27/03/2026 00:15:00 - 27/03/2026 00:30:00","BZN|NL","Without Sequence","119.58","",""
"27/03/2026 00:30:00 - 27/03/2026 00:45:00","BZN|NL","Without Sequence","119.39","",""
"27/03/2026 00:45:00 - 27/03/2026 01:00:00","BZN|NL","Without Sequence","117.34","",""
"27/03/2026 01:00:00 - 27/03/2026 01:15:00","BZN|NL","Without Sequence","120.92","",""
"27/03/2026 01:15:00 - 27/03/2026 01:30:00","BZN|NL","Without Sequence","118.14","",""
"27/03/2026 01:30:00 - 27/03/2026 01:45:00","BZN|NL","Without Sequence","115.30","",""
"27/03/2026 01:45:00 - 27/03/2026 02:00:00","BZN|NL","Without Sequence","115.01","",""
"27/03/2026 02:00:00 - 27/03/2026 02:15:00","BZN|NL","Without Sequence","116.50","",""
"27/03/2026 02:15:00 - 27/03/2026 02:30:00","BZN|NL","Without Sequence","119.49","",""
"27/03/2026 02:30:00 - 27/03/2026 02:45:00","BZN|NL","Without Sequence","117.00","",""
"27/03/2026 02:45:00 - 27/03/2026 03:00:00","BZN|NL","Without Sequence","118.34","",""
"27/03/2026 03:00:00 - 27/03/2026 03:15:00","BZN|NL","Without Sequence","117.67","",""
"27/03/2026 03:15:00 - 27/03/2026 03:30:00","BZN|NL","Without Sequence","118.73","",""
"27/03/2026 03:30:00 - 27/03/2026 03:45:00","BZN|NL","Without Sequence","120.93","",""
"27/03/2026 03:45:00 - 27/03/2026 04:00:00","BZN|NL","Without Sequence","123.66","",""
"27/03/2026 04:00:00 - 27/03/2026 04:15:00","BZN|NL","Without Sequence","119.85","",""
"27/03/2026 04:15:00 - 27/03/2026 04:30:00","BZN|NL","Without Sequence","129.04","",""
"27/03/2026 04:30:00 - 27/03/2026 04:45:00","BZN|NL","Without Sequence","144.01","",""
"27/03/2026 04:45:00 - 27/03/2026 05:00:00","BZN|NL","Without Sequence","153.06","",""
"27/03/2026 05:00:00 - 27/03/2026 05:15:00","BZN|NL","Without Sequence","152.20","",""
"27/03/2026 05:15:00 - 27/03/2026 05:30:00","BZN|NL","Without Sequence","168.89","",""
"27/03/2026 05:30:00 - 27/03/2026 05:45:00","BZN|NL","Without Sequence","178.98","",""
"27/03/2026 05:45:00 - 27/03/2026 06:00:00","BZN|NL","Without Sequence","190.06","",""
"27/03/2026 06:00:00 - 27/03/2026 06:15:00","BZN|NL","Without Sequence","203.62","",""
"27/03/2026 06:15:00 - 27/03/2026 06:30:00","BZN|NL","Without Sequence","191.25","",""
"27/03/2026 06:30:00 - 27/03/2026 06:45:00","BZN|NL","Without Sequence","170.83","",""
"27/03/2026 06:45:00 - 27/03/2026 07:00:00","BZN|NL","Without Sequence","139.51","",""
"27/03/2026 07:00:00 - 27/03/2026 07:15:00","BZN|NL","Without Sequence","194.11","",""
"27/03/2026 07:15:00 - 27/03/2026 07:30:00","BZN|NL","Without Sequence","151.77","",""
"27/03/2026 07:30:00 - 27/03/2026 07:45:00","BZN|NL","Without Sequence","137.16","",""
"27/03/2026 07:45:00 - 27/03/2026 08:00:00","BZN|NL","Without Sequence","108.09","",""
"27/03/2026 08:00:00 - 27/03/2026 08:15:00","BZN|NL","Without Sequence","137.01","",""
"27/03/2026 08:15:00 - 27/03/2026 08:30:00","BZN|NL","Without Sequence","122.72","",""
"27/03/2026 08:30:00 - 27/03/2026 08:45:00","BZN|NL","Without Sequence","110.10","",""
"27/03/2026 08:45:00 - 27/03/2026 09:00:00","BZN|NL","Without Sequence","88.45","",""
"27/03/2026 09:00:00 - 27/03/2026 09:15:00","BZN|NL","Without Sequence","103.05","",""
"27/03/2026 09:15:00 - 27/03/2026 09:30:00","BZN|NL","Without Sequence","90.86","",""
"27/03/2026 09:30:00 - 27/03/2026 09:45:00","BZN|NL","Without Sequence","87.88","",""
"27/03/2026 09:45:00 - 27/03/2026 10:00:00","BZN|NL","Without Sequence","71.62","",""
"27/03/2026 10:00:00 - 27/03/2026 10:15:00","BZN|NL","Without Sequence","85.80","",""
"27/03/2026 10:15:00 - 27/03/2026 10:30:00","BZN|NL","Without Sequence","79.44","",""
"27/03/2026 10:30:00 - 27/03/2026 10:45:00","BZN|NL","Without Sequence","70.67","",""
"27/03/2026 10:45:00 - 27/03/2026 11:00:00","BZN|NL","Without Sequence","61.58","",""
"27/03/2026 11:00:00 - 27/03/2026 11:15:00","BZN|NL","Without Sequence","73.06","",""
"27/03/2026 11:15:00 - 27/03/2026 11:30:00","BZN|NL","Without Sequence","66.79","",""
"27/03/2026 11:30:00 - 27/03/2026 11:45:00","BZN|NL","Without Sequence","62.36","",""
"27/03/2026 11:45:00 - 27/03/2026 12:00:00","BZN|NL","Without Sequence","57.07","",""
"27/03/2026 12:00:00 - 27/03/2026 12:15:00","BZN|NL","Without Sequence","61.77","",""
"27/03/2026 12:15:00 - 27/03/2026 12:30:00","BZN|NL","Without Sequence","59.07","",""
"27/03/2026 12:30:00 - 27/03/2026 12:45:00","BZN|NL","Without Sequence","56.97","",""
"27/03/2026 12:45:00 - 27/03/2026 13:00:00","BZN|NL","Without Sequence","59.80","",""
"27/03/2026 13:00:00 - 27/03/2026 13:15:00","BZN|NL","Without Sequence","58.27","",""
"27/03/2026 13:15:00 - 27/03/2026 13:30:00","BZN|NL","Without Sequence","66.70","",""
"27/03/2026 13:30:00 - 27/03/2026 13:45:00","BZN|NL","Without Sequence","78.75","",""
"27/03/2026 13:45:00 - 27/03/2026 14:00:00","BZN|NL","Without Sequence","84.58","",""
"27/03/2026 14:00:00 - 27/03/2026 14:15:00","BZN|NL","Without Sequence","78.81","",""
"27/03/2026 14:15:00 - 27/03/2026 14:30:00","BZN|NL","Without Sequence","92.01","",""
"27/03/2026 14:30:00 - 27/03/2026 14:45:00","BZN|NL","Without Sequence","95.37","",""
"27/03/2026 14:45:00 - 27/03/2026 15:00:00","BZN|NL","Without Sequence","103.47","",""
"27/03/2026 15:00:00 - 27/03/2026 15:15:00","BZN|NL","Without Sequence","90.70","",""
"27/03/2026 15:15:00 - 27/03/2026 15:30:00","BZN|NL","Without Sequence","100.10","",""
"27/03/2026 15:30:00 - 27/03/2026 15:45:00","BZN|NL","Without Sequence","100.73","",""
"27/03/2026 15:45:00 - 27/03/2026 16:00:00","BZN|NL","Without Sequence","120.10","",""
"27/03/2026 16:00:00 - 27/03/2026 16:15:00","BZN|NL","Without Sequence","97.76","",""
"27/03/2026 16:15:00 - 27/03/2026 16:30:00","BZN|NL","Without Sequence","122.13","",""
"27/03/2026 16:30:00 - 27/03/2026 16:45:00","BZN|NL","Without Sequence","138.80","",""
"27/03/2026 16:45:00 - 27/03/2026 17:00:00","BZN|NL","Without Sequence","172.68","",""
"27/03/2026 17:00:00 - 27/03/2026 17:15:00","BZN|NL","Without Sequence","140.41","",""
"27/03/2026 17:15:00 - 27/03/2026 17:30:00","BZN|NL","Without Sequence","152.96","",""
"27/03/2026 17:30:00 - 27/03/2026 17:45:00","BZN|NL","Without Sequence","162.75","",""
"27/03/2026 17:45:00 - 27/03/2026 18:00:00","BZN|NL","Without Sequence","166.78","",""
"27/03/2026 18:00:00 - 27/03/2026 18:15:00","BZN|NL","Without Sequence","192.42","",""
"27/03/2026 18:15:00 - 27/03/2026 18:30:00","BZN|NL","Without Sequence","177.09","",""
"27/03/2026 18:30:00 - 27/03/2026 18:45:00","BZN|NL","Without Sequence","157.81","",""
"27/03/2026 18:45:00 - 27/03/2026 19:00:00","BZN|NL","Without Sequence","143.66","",""
"27/03/2026 19:00:00 - 27/03/2026 19:15:00","BZN|NL","Without Sequence","174.52","",""
"27/03/2026 19:15:00 - 27/03/2026 19:30:00","BZN|NL","Without Sequence","149.82","",""
"27/03/2026 19:30:00 - 27/03/2026 19:45:00","BZN|NL","Without Sequence","126.74","",""
"27/03/2026 19:45:00 - 27/03/2026 20:00:00","BZN|NL","Without Sequence","118.90","",""
"27/03/2026 20:00:00 - 27/03/2026 20:15:00","BZN|NL","Without Sequence","123.50","",""
"27/03/2026 20:15:00 - 27/03/2026 20:30:00","BZN|NL","Without Sequence","122.15","",""
"27/03/2026 20:30:00 - 27/03/2026 20:45:00","BZN|NL","Without Sequence","119.63","",""
"27/03/2026 20:45:00 - 27/03/2026 21:00:00","BZN|NL","Without Sequence","109.55","",""
"27/03/2026 21:00:00 - 27/03/2026 21:15:00","BZN|NL","Without Sequence","123.10","",""
"27/03/2026 21:15:00 - 27/03/2026 21:30:00","BZN|NL","Without Sequence","117.90","",""
"27/03/2026 21:30:00 - 27/03/2026 21:45:00","BZN|NL","Without Sequence","117.59","",""
"27/03/2026 21:45:00 - 27/03/2026 22:00:00","BZN|NL","Without Sequence","108.05","",""
"27/03/2026 22:00:00 - 27/03/2026 22:15:00","BZN|NL","Without Sequence","113.65","",""
"27/03/2026 22:15:00 - 27/03/2026 22:30:00","BZN|NL","Without Sequence","106.89","",""
"27/03/2026 22:30:00 - 27/03/2026 22:45:00","BZN|NL","Without Sequence","105.25","",""
"27/03/2026 22:45:00 - 27/03/2026 23:00:00","BZN|NL","Without Sequence","98.26","",""
"27/03/2026 23:00:00 - 27/03/2026 23:15:00","BZN|NL","Without Sequence","97.61","",""
"27/03/2026 23:15:00 - 27/03/2026 23:30:00","BZN|NL","Without Sequence","99.04","",""
"27/03/2026 23:30:00 - 27/03/2026 23:45:00","BZN|NL","Without Sequence","94.25","",""
"27/03/2026 23:45:00 - 28/03/2026 00:00:00","BZN|NL","Without Sequence","89.64","",""
"28/03/2026 00:00:00 - 28/03/2026 00:15:00","BZN|NL","Without Sequence","96.00","",""
"28/03/2026 00:15:00 - 28/03/2026 00:30:00","BZN|NL","Without Sequence","93.30","",""
"28/03/2026 00:30:00 - 28/03/2026 00:45:00","BZN|NL","Without Sequence","91.64","",""
"28/03/2026 00:45:00 - 28/03/2026 01:00:00","BZN|NL","Without Sequence","89.72","",""
"28/03/2026 01:00:00 - 28/03/2026 01:15:00","BZN|NL","Without Sequence","92.09","",""
"28/03/2026 01:15:00 - 28/03/2026 01:30:00","BZN|NL","Without Sequence","89.74","",""
"28/03/2026 01:30:00 - 28/03/2026 01:45:00","BZN|NL","Without Sequence","88.60","",""
"28/03/2026 01:45:00 - 28/03/2026 02:00:00","BZN|NL","Without Sequence","87.76","",""
"28/03/2026 02:00:00 - 28/03/2026 02:15:00","BZN|NL","Without Sequence","87.56","",""
"28/03/2026 02:15:00 - 28/03/2026 02:30:00","BZN|NL","Without Sequence","87.43","",""
"28/03/2026 02:30:00 - 28/03/2026 02:45:00","BZN|NL","Without Sequence","87.11","",""
"28/03/2026 02:45:00 - 28/03/2026 03:00:00","BZN|NL","Without Sequence","86.95","",""
"28/03/2026 03:00:00 - 28/03/2026 03:15:00","BZN|NL","Without Sequence","87.53","",""
"28/03/2026 03:15:00 - 28/03/2026 03:30:00","BZN|NL","Without Sequence","87.94","",""
"28/03/2026 03:30:00 - 28/03/2026 03:45:00","BZN|NL","Without Sequence","88.18","",""
"28/03/2026 03:45:00 - 28/03/2026 04:00:00","BZN|NL","Without Sequence","88.82","",""
"28/03/2026 04:00:00 - 28/03/2026 04:15:00","BZN|NL","Without Sequence","87.68","",""
"28/03/2026 04:15:00 - 28/03/2026 04:30:00","BZN|NL","Without Sequence","87.59","",""
"28/03/2026 04:30:00 - 28/03/2026 04:45:00","BZN|NL","Without Sequence","88.28","",""
"28/03/2026 04:45:00 - 28/03/2026 05:00:00","BZN|NL","Without Sequence","88.93","",""
"28/03/2026 05:00:00 - 28/03/2026 05:15:00","BZN|NL","Without Sequence","90.75","",""
"28/03/2026 05:15:00 - 28/03/2026 05:30:00","BZN|NL","Without Sequence","87.58","",""
"28/03/2026 05:30:00 - 28/03/2026 05:45:00","BZN|NL","Without Sequence","83.74","",""
"28/03/2026 05:45:00 - 28/03/2026 06:00:00","BZN|NL","Without Sequence","76.46","",""
"28/03/2026 06:00:00 - 28/03/2026 06:15:00","BZN|NL","Without Sequence","88.81","",""
"28/03/2026 06:15:00 - 28/03/2026 06:30:00","BZN|NL","Without Sequence","78.10","",""
"28/03/2026 06:30:00 - 28/03/2026 06:45:00","BZN|NL","Without Sequence","78.49","",""
"28/03/2026 06:45:00 - 28/03/2026 07:00:00","BZN|NL","Without Sequence","66.61","",""
"28/03/2026 07:00:00 - 28/03/2026 07:15:00","BZN|NL","Without Sequence","80.69","",""
"28/03/2026 07:15:00 - 28/03/2026 07:30:00","BZN|NL","Without Sequence","75.52","",""
"28/03/2026 07:30:00 - 28/03/2026 07:45:00","BZN|NL","Without Sequence","67.46","",""
"28/03/2026 07:45:00 - 28/03/2026 08:00:00","BZN|NL","Without Sequence","49.53","",""
"28/03/2026 08:00:00 - 28/03/2026 08:15:00","BZN|NL","Without Sequence","76.16","",""
"28/03/2026 08:15:00 - 28/03/2026 08:30:00","BZN|NL","Without Sequence","49.19","",""
"28/03/2026 08:30:00 - 28/03/2026 08:45:00","BZN|NL","Without Sequence","40.89","",""
"28/03/2026 08:45:00 - 28/03/2026 09:00:00","BZN|NL","Without Sequence","12.70","",""
"28/03/2026 09:00:00 - 28/03/2026 09:15:00","BZN|NL","Without Sequence","36.94","",""
"28/03/2026 09:15:00 - 28/03/2026 09:30:00","BZN|NL","Without Sequence","16.79","",""
"28/03/2026 09:30:00 - 28/03/2026 09:45:00","BZN|NL","Without Sequence","9.90","",""
"28/03/2026 09:45:00 - 28/03/2026 10:00:00","BZN|NL","Without Sequence","6.70","",""
"28/03/2026 10:00:00 - 28/03/2026 10:15:00","BZN|NL","Without Sequence","9.05","",""
"28/03/2026 10:15:00 - 28/03/2026 10:30:00","BZN|NL","Without Sequence","7.45","",""
"28/03/2026 10:30:00 - 28/03/2026 10:45:00","BZN|NL","Without Sequence","6.58","",""
"28/03/2026 10:45:00 - 28/03/2026 11:00:00","BZN|NL","Without Sequence","5.43","",""
"28/03/2026 11:00:00 - 28/03/2026 11:15:00","BZN|NL","Without Sequence","7.00","",""
"28/03/2026 11:15:00 - 28/03/2026 11:30:00","BZN|NL","Without Sequence","4.77","",""
"28/03/2026 11:30:00 - 28/03/2026 11:45:00","BZN|NL","Without Sequence","6.43","",""
"28/03/2026 11:45:00 - 28/03/2026 12:00:00","BZN|NL","Without Sequence","8.43","",""
"28/03/2026 12:00:00 - 28/03/2026 12:15:00","BZN|NL","Without Sequence","6.40","",""
"28/03/2026 12:15:00 - 28/03/2026 12:30:00","BZN|NL","Without Sequence","6.70","",""
"28/03/2026 12:30:00 - 28/03/2026 12:45:00","BZN|NL","Without Sequence","3.04","",""
"28/03/2026 12:45:00 - 28/03/2026 13:00:00","BZN|NL","Without Sequence","3.86","",""
"28/03/2026 13:00:00 - 28/03/2026 13:15:00","BZN|NL","Without Sequence","0.00","",""
"28/03/2026 13:15:00 - 28/03/2026 13:30:00","BZN|NL","Without Sequence","2.50","",""
"28/03/2026 13:30:00 - 28/03/2026 13:45:00","BZN|NL","Without Sequence","8.20","",""
"28/03/2026 13:45:00 - 28/03/2026 14:00:00","BZN|NL","Without Sequence","30.18","",""
"28/03/2026 14:00:00 - 28/03/2026 14:15:00","BZN|NL","Without Sequence","-2.01","",""
"28/03/2026 14:15:00 - 28/03/2026 14:30:00","BZN|NL","Without Sequence","9.99","",""
"28/03/2026 14:30:00 - 28/03/2026 14:45:00","BZN|NL","Without Sequence","55.02","",""
"28/03/2026 14:45:00 - 28/03/2026 15:00:00","BZN|NL","Without Sequence","72.99","",""
"28/03/2026 15:00:00 - 28/03/2026 15:15:00","BZN|NL","Without Sequence","53.81","",""
"28/03/2026 15:15:00 - 28/03/2026 15:30:00","BZN|NL","Without Sequence","64.52","",""
"28/03/2026 15:30:00 - 28/03/2026 15:45:00","BZN|NL","Without Sequence","76.44","",""
"28/03/2026 15:45:00 - 28/03/2026 16:00:00","BZN|NL","Without Sequence","89.80","",""
"28/03/2026 16:00:00 - 28/03/2026 16:15:00","BZN|NL","Without Sequence","76.64","",""
"28/03/2026 16:15:00 - 28/03/2026 16:30:00","BZN|NL","Without Sequence","89.02","",""
"28/03/2026 16:30:00 - 28/03/2026 16:45:00","BZN|NL","Without Sequence","109.63","",""
"28/03/2026 16:45:00 - 28/03/2026 17:00:00","BZN|NL","Without Sequence","122.89","",""
"28/03/2026 17:00:00 - 28/03/2026 17:15:00","BZN|NL","Without Sequence","116.84","",""
"28/03/2026 17:15:00 - 28/03/2026 17:30:00","BZN|NL","Without Sequence","133.93","",""
"28/03/2026 17:30:00 - 28/03/2026 17:45:00","BZN|NL","Without Sequence","136.87","",""
"28/03/2026 17:45:00 - 28/03/2026 18:00:00","BZN|NL","Without Sequence","155.15","",""
"28/03/2026 18:00:00 - 28/03/2026 18:15:00","BZN|NL","Without Sequence","158.00","",""
"28/03/2026 18:15:00 - 28/03/2026 18:30:00","BZN|NL","Without Sequence","156.34","",""
"28/03/2026 18:30:00 - 28/03/2026 18:45:00","BZN|NL","Without Sequence","154.96","",""
"28/03/2026 18:45:00 - 28/03/2026 19:00:00","BZN|NL","Without Sequence","146.98","",""
"28/03/2026 19:00:00 - 28/03/2026 19:15:00","BZN|NL","Without Sequence","161.79","",""
"28/03/2026 19:15:00 - 28/03/2026 19:30:00","BZN|NL","Without Sequence","148.90","",""
"28/03/2026 19:30:00 - 28/03/2026 19:45:00","BZN|NL","Without Sequence","137.34","",""
"28/03/2026 19:45:00 - 28/03/2026 20:00:00","BZN|NL","Without Sequence","127.77","",""
"28/03/2026 20:00:00 - 28/03/2026 20:15:00","BZN|NL","Without Sequence","141.12","",""
"28/03/2026 20:15:00 - 28/03/2026 20:30:00","BZN|NL","Without Sequence","132.19","",""
"28/03/2026 20:30:00 - 28/03/2026 20:45:00","BZN|NL","Without Sequence","128.26","",""
"28/03/2026 20:45:00 - 28/03/2026 21:00:00","BZN|NL","Without Sequence","124.79","",""
"28/03/2026 21:00:00 - 28/03/2026 21:15:00","BZN|NL","Without Sequence","127.51","",""
"28/03/2026 21:15:00 - 28/03/2026 21:30:00","BZN|NL","Without Sequence","126.87","",""
"28/03/2026 21:30:00 - 28/03/2026 21:45:00","BZN|NL","Without Sequence","126.01","",""
"28/03/2026 21:45:00 - 28/03/2026 22:00:00","BZN|NL","Without Sequence","120.93","",""
"28/03/2026 22:00:00 - 28/03/2026 22:15:00","BZN|NL","Without Sequence","130.00","",""
"28/03/2026 22:15:00 - 28/03/2026 22:30:00","BZN|NL","Without Sequence","118.05","",""
"28/03/2026 22:30:00 - 28/03/2026 22:45:00","BZN|NL","Without Sequence","120.92","",""
"28/03/2026 22:45:00 - 28/03/2026 23:00:00","BZN|NL","Without Sequence","109.35","",""
"28/03/2026 23:00:00 - 28/03/2026 23:15:00","BZN|NL","Without Sequence","125.88","",""
"28/03/2026 23:15:00 - 28/03/2026 23:30:00","BZN|NL","Without Sequence","120.23","",""
"28/03/2026 23:30:00 - 28/03/2026 23:45:00","BZN|NL","Without Sequence","106.11","",""
"28/03/2026 23:45:00 - 29/03/2026 00:00:00","BZN|NL","Without Sequence","103.77","",""
"29/03/2026 00:00:00 - 29/03/2026 00:15:00","BZN|NL","Without Sequence","112.00","",""
"29/03/2026 00:15:00 - 29/03/2026 00:30:00","BZN|NL","Without Sequence","107.45","",""
"29/03/2026 00:30:00 - 29/03/2026 00:45:00","BZN|NL","Without Sequence","106.95","",""
"29/03/2026 00:45:00 - 29/03/2026 01:00:00","BZN|NL","Without Sequence","104.22","",""
"29/03/2026 01:00:00 - 29/03/2026 01:15:00","BZN|NL","Without Sequence","102.11","",""
"29/03/2026 01:15:00 - 29/03/2026 01:30:00","BZN|NL","Without Sequence","100.26","",""
"29/03/2026 01:30:00 - 29/03/2026 01:45:00","BZN|NL","Without Sequence","101.18","",""
"29/03/2026 01:45:00 - 29/03/2026 02:00:00","BZN|NL","Without Sequence","101.11","",""
"29/03/2026 02:00:00 - 29/03/2026 02:15:00","BZN|NL","Without Sequence","109.41","",""
"29/03/2026 02:15:00 - 29/03/2026 02:30:00","BZN|NL","Without Sequence","103.35","",""
"29/03/2026 02:30:00 - 29/03/2026 02:45:00","BZN|NL","Without Sequence","104.32","",""
"29/03/2026 02:45:00 - 29/03/2026 03:00:00","BZN|NL","Without Sequence","103.82","",""
"29/03/2026 03:00:00 - 29/03/2026 03:15:00","BZN|NL","Without Sequence","103.57","",""
"29/03/2026 03:15:00 - 29/03/2026 03:30:00","BZN|NL","Without Sequence","103.68","",""
"29/03/2026 03:30:00 - 29/03/2026 03:45:00","BZN|NL","Without Sequence","105.24","",""
"29/03/2026 03:45:00 - 29/03/2026 04:00:00","BZN|NL","Without Sequence","105.93","",""
"29/03/2026 04:00:00 - 29/03/2026 04:15:00","BZN|NL","Without Sequence","102.33","",""
"29/03/2026 04:15:00 - 29/03/2026 04:30:00","BZN|NL","Without Sequence","105.30","",""
"29/03/2026 04:30:00 - 29/03/2026 04:45:00","BZN|NL","Without Sequence","113.59","",""
"29/03/2026 04:45:00 - 29/03/2026 05:00:00","BZN|NL","Without Sequence","117.80","",""
"29/03/2026 05:00:00 - 29/03/2026 05:15:00","BZN|NL","Without Sequence","119.67","",""
"29/03/2026 05:15:00 - 29/03/2026 05:30:00","BZN|NL","Without Sequence","115.24","",""
"29/03/2026 05:30:00 - 29/03/2026 05:45:00","BZN|NL","Without Sequence","113.00","",""
"29/03/2026 05:45:00 - 29/03/2026 06:00:00","BZN|NL","Without Sequence","112.26","",""
"29/03/2026 06:00:00 - 29/03/2026 06:15:00","BZN|NL","Without Sequence","122.47","",""
"29/03/2026 06:15:00 - 29/03/2026 06:30:00","BZN|NL","Without Sequence","125.00","",""
"29/03/2026 06:30:00 - 29/03/2026 06:45:00","BZN|NL","Without Sequence","108.99","",""
"29/03/2026 06:45:00 - 29/03/2026 07:00:00","BZN|NL","Without Sequence","102.89","",""
"29/03/2026 07:00:00 - 29/03/2026 07:15:00","BZN|NL","Without Sequence","112.14","",""
"29/03/2026 07:15:00 - 29/03/2026 07:30:00","BZN|NL","Without Sequence","94.76","",""
"29/03/2026 07:30:00 - 29/03/2026 07:45:00","BZN|NL","Without Sequence","85.62","",""
"29/03/2026 07:45:00 - 29/03/2026 08:00:00","BZN|NL","Without Sequence","72.34","",""
"29/03/2026 08:00:00 - 29/03/2026 08:15:00","BZN|NL","Without Sequence","92.21","",""
"29/03/2026 08:15:00 - 29/03/2026 08:30:00","BZN|NL","Without Sequence","76.15","",""
"29/03/2026 08:30:00 - 29/03/2026 08:45:00","BZN|NL","Without Sequence","63.33","",""
"29/03/2026 08:45:00 - 29/03/2026 09:00:00","BZN|NL","Without Sequence","40.23","",""
"29/03/2026 09:00:00 - 29/03/2026 09:15:00","BZN|NL","Without Sequence","64.70","",""
"29/03/2026 09:15:00 - 29/03/2026 09:30:00","BZN|NL","Without Sequence","49.44","",""
"29/03/2026 09:30:00 - 29/03/2026 09:45:00","BZN|NL","Without Sequence","37.57","",""
"29/03/2026 09:45:00 - 29/03/2026 10:00:00","BZN|NL","Without Sequence","10.90","",""
"29/03/2026 10:00:00 - 29/03/2026 10:15:00","BZN|NL","Without Sequence","27.55","",""
"29/03/2026 10:15:00 - 29/03/2026 10:30:00","BZN|NL","Without Sequence","9.88","",""
"29/03/2026 10:30:00 - 29/03/2026 10:45:00","BZN|NL","Without Sequence","5.87","",""
"29/03/2026 10:45:00 - 29/03/2026 11:00:00","BZN|NL","Without Sequence","1.34","",""
"29/03/2026 11:00:00 - 29/03/2026 11:15:00","BZN|NL","Without Sequence","3.57","",""
"29/03/2026 11:15:00 - 29/03/2026 11:30:00","BZN|NL","Without Sequence","1.57","",""
"29/03/2026 11:30:00 - 29/03/2026 11:45:00","BZN|NL","Without Sequence","0.66","",""
"29/03/2026 11:45:00 - 29/03/2026 12:00:00","BZN|NL","Without Sequence","-0.42","",""
"29/03/2026 12:00:00 - 29/03/2026 12:15:00","BZN|NL","Without Sequence","-0.49","",""
"29/03/2026 12:15:00 - 29/03/2026 12:30:00","BZN|NL","Without Sequence","-0.68","",""
"29/03/2026 12:30:00 - 29/03/2026 12:45:00","BZN|NL","Without Sequence","-1.52","",""
"29/03/2026 12:45:00 - 29/03/2026 13:00:00","BZN|NL","Without Sequence","-2.06","",""
"29/03/2026 13:00:00 - 29/03/2026 13:15:00","BZN|NL","Without Sequence","-2.06","",""
"29/03/2026 13:15:00 - 29/03/2026 13:30:00","BZN|NL","Without Sequence","-2.05","",""
"29/03/2026 13:30:00 - 29/03/2026 13:45:00","BZN|NL","Without Sequence","-2.04","",""
"29/03/2026 13:45:00 - 29/03/2026 14:00:00","BZN|NL","Without Sequence","-2.00","",""
"29/03/2026 14:00:00 - 29/03/2026 14:15:00","BZN|NL","Without Sequence","-2.04","",""
"29/03/2026 14:15:00 - 29/03/2026 14:30:00","BZN|NL","Without Sequence","-2.03","",""
"29/03/2026 14:30:00 - 29/03/2026 14:45:00","BZN|NL","Without Sequence","0.00","",""
"29/03/2026 14:45:00 - 29/03/2026 15:00:00","BZN|NL","Without Sequence","3.57","",""
"29/03/2026 15:00:00 - 29/03/2026 15:15:00","BZN|NL","Without Sequence","2.50","",""
"29/03/2026 15:15:00 - 29/03/2026 15:30:00","BZN|NL","Without Sequence","13.34","",""
"29/03/2026 15:30:00 - 29/03/2026 15:45:00","BZN|NL","Without Sequence","31.04","",""
"29/03/2026 15:45:00 - 29/03/2026 16:00:00","BZN|NL","Without Sequence","74.98","",""
"29/03/2026 16:00:00 - 29/03/2026 16:15:00","BZN|NL","Without Sequence","50.11","",""
"29/03/2026 16:15:00 - 29/03/2026 16:30:00","BZN|NL","Without Sequence","71.25","",""
"29/03/2026 16:30:00 - 29/03/2026 16:45:00","BZN|NL","Without Sequence","93.05","",""
"29/03/2026 16:45:00 - 29/03/2026 17:00:00","BZN|NL","Without Sequence","120.00","",""
"29/03/2026 17:00:00 - 29/03/2026 17:15:00","BZN|NL","Without Sequence","99.45","",""
"29/03/2026 17:15:00 - 29/03/2026 17:30:00","BZN|NL","Without Sequence","109.44","",""
"29/03/2026 17:30:00 - 29/03/2026 17:45:00","BZN|NL","Without Sequence","109.21","",""
"29/03/2026 17:45:00 - 29/03/2026 18:00:00","BZN|NL","Without Sequence","106.69","",""
"29/03/2026 18:00:00 - 29/03/2026 18:15:00","BZN|NL","Without Sequence","120.18","",""
"29/03/2026 18:15:00 - 29/03/2026 18:30:00","BZN|NL","Without Sequence","108.74","",""
"29/03/2026 18:30:00 - 29/03/2026 18:45:00","BZN|NL","Without Sequence","80.00","",""
"29/03/2026 18:45:00 - 29/03/2026 19:00:00","BZN|NL","Without Sequence","71.28","",""
"29/03/2026 19:00:00 - 29/03/2026 19:15:00","BZN|NL","Without Sequence","95.66","",""
"29/03/2026 19:15:00 - 29/03/2026 19:30:00","BZN|NL","Without Sequence","80.31","",""
"29/03/2026 19:30:00 - 29/03/2026 19:45:00","BZN|NL","Without Sequence","60.10","",""
"29/03/2026 19:45:00 - 29/03/2026 20:00:00","BZN|NL","Without Sequence","48.57","",""
"29/03/2026 20:00:00 - 29/03/2026 20:15:00","BZN|NL","Without Sequence","89.67","",""
"29/03/2026 20:15:00 - 29/03/2026 20:30:00","BZN|NL","Without Sequence","69.96","",""
"29/03/2026 20:30:00 - 29/03/2026 20:45:00","BZN|NL","Without Sequence","63.30","",""
"29/03/2026 20:45:00 - 29/03/2026 21:00:00","BZN|NL","Without Sequence","30.87","",""
"29/03/2026 21:00:00 - 29/03/2026 21:15:00","BZN|NL","Without Sequence","56.21","",""
"29/03/2026 21:15:00 - 29/03/2026 21:30:00","BZN|NL","Without Sequence","26.95","",""
"29/03/2026 21:30:00 - 29/03/2026 21:45:00","BZN|NL","Without Sequence","20.47","",""
"29/03/2026 21:45:00 - 29/03/2026 22:00:00","BZN|NL","Without Sequence","7.69","",""
"29/03/2026 22:00:00 - 29/03/2026 22:15:00","BZN|NL","Without Sequence","17.80","",""
"29/03/2026 22:15:00 - 29/03/2026 22:30:00","BZN|NL","Without Sequence","9.96","",""
"29/03/2026 22:30:00 - 29/03/2026 22:45:00","BZN|NL","Without Sequence","5.17","",""
"29/03/2026 22:45:00 - 29/03/2026 23:00:00","BZN|NL","Without Sequence","5.49","",""
"29/03/2026 23:00:00 - 29/03/2026 23:15:00","BZN|NL","Without Sequence","5.83","",""
"29/03/2026 23:15:00 - 29/03/2026 23:30:00","BZN|NL","Without Sequence","3.95","",""
"29/03/2026 23:30:00 - 29/03/2026 23:45:00","BZN|NL","Without Sequence","3.50","",""
"29/03/2026 23:45:00 - 30/03/2026 00:00:00","BZN|NL","Without Sequence","2.48","",""
"30/03/2026 00:00:00 - 30/03/2026 00:15:00","BZN|NL","Without Sequence","5.09","",""
"30/03/2026 00:15:00 - 30/03/2026 00:30:00","BZN|NL","Without Sequence","4.26","",""
"30/03/2026 00:30:00 - 30/03/2026 00:45:00","BZN|NL","Without Sequence","4.48","",""
"30/03/2026 00:45:00 - 30/03/2026 01:00:00","BZN|NL","Without Sequence","4.35","",""
"30/03/2026 01:00:00 - 30/03/2026 01:15:00","BZN|NL","Without Sequence","2.58","",""
"30/03/2026 01:15:00 - 30/03/2026 01:30:00","BZN|NL","Without Sequence","3.10","",""
"30/03/2026 01:30:00 - 30/03/2026 01:45:00","BZN|NL","Without Sequence","3.38","",""
"30/03/2026 01:45:00 - 30/03/2026 02:00:00","BZN|NL","Without Sequence","3.51","",""
"30/03/2026 02:00:00 - 30/03/2026 02:15:00","BZN|NL","Without Sequence","1.99","",""
"30/03/2026 02:15:00 - 30/03/2026 02:30:00","BZN|NL","Without Sequence","2.97","",""
"30/03/2026 02:30:00 - 30/03/2026 02:45:00","BZN|NL","Without Sequence","3.44","",""
"30/03/2026 02:45:00 - 30/03/2026 03:00:00","BZN|NL","Without Sequence","5.96","",""
"30/03/2026 03:00:00 - 30/03/2026 03:15:00","BZN|NL","Without Sequence","5.17","",""
"30/03/2026 03:15:00 - 30/03/2026 03:30:00","BZN|NL","Without Sequence","7.00","",""
"30/03/2026 03:30:00 - 30/03/2026 03:45:00","BZN|NL","Without Sequence","14.11","",""
"30/03/2026 03:45:00 - 30/03/2026 04:00:00","BZN|NL","Without Sequence","41.48","",""
"30/03/2026 04:00:00 - 30/03/2026 04:15:00","BZN|NL","Without Sequence","26.15","",""
"30/03/2026 04:15:00 - 30/03/2026 04:30:00","BZN|NL","Without Sequence","60.70","",""
"30/03/2026 04:30:00 - 30/03/2026 04:45:00","BZN|NL","Without Sequence","79.78","",""
"30/03/2026 04:45:00 - 30/03/2026 05:00:00","BZN|NL","Without Sequence","87.46","",""
"30/03/2026 05:00:00 - 30/03/2026 05:15:00","BZN|NL","Without Sequence","75.63","",""
"30/03/2026 05:15:00 - 30/03/2026 05:30:00","BZN|NL","Without Sequence","92.36","",""
"30/03/2026 05:30:00 - 30/03/2026 05:45:00","BZN|NL","Without Sequence","103.82","",""
"30/03/2026 05:45:00 - 30/03/2026 06:00:00","BZN|NL","Without Sequence","100.16","",""
"30/03/2026 06:00:00 - 30/03/2026 06:15:00","BZN|NL","Without Sequence","120.09","",""
"30/03/2026 06:15:00 - 30/03/2026 06:30:00","BZN|NL","Without Sequence","111.94","",""
"30/03/2026 06:30:00 - 30/03/2026 06:45:00","BZN|NL","Without Sequence","111.04","",""
"30/03/2026 06:45:00 - 30/03/2026 07:00:00","BZN|NL","Without Sequence","104.93","",""
"30/03/2026 07:00:00 - 30/03/2026 07:15:00","BZN|NL","Without Sequence","115.69","",""
"30/03/2026 07:15:00 - 30/03/2026 07:30:00","BZN|NL","Without Sequence","103.70","",""
"30/03/2026 07:30:00 - 30/03/2026 07:45:00","BZN|NL","Without Sequence","97.78","",""
"30/03/2026 07:45:00 - 30/03/2026 08:00:00","BZN|NL","Without Sequence","78.23","",""
"30/03/2026 08:00:00 - 30/03/2026 08:15:00","BZN|NL","Without Sequence","87.57","",""
"30/03/2026 08:15:00 - 30/03/2026 08:30:00","BZN|NL","Without Sequence","73.27","",""
"30/03/2026 08:30:00 - 30/03/2026 08:45:00","BZN|NL","Without Sequence","83.87","",""
"30/03/2026 08:45:00 - 30/03/2026 09:00:00","BZN|NL","Without Sequence","55.62","",""
"30/03/2026 09:00:00 - 30/03/2026 09:15:00","BZN|NL","Without Sequence","71.28","",""
"30/03/2026 09:15:00 - 30/03/2026 09:30:00","BZN|NL","Without Sequence","50.30","",""
"30/03/2026 09:30:00 - 30/03/2026 09:45:00","BZN|NL","Without Sequence","39.17","",""
"30/03/2026 09:45:00 - 30/03/2026 10:00:00","BZN|NL","Without Sequence","23.24","",""
"30/03/2026 10:00:00 - 30/03/2026 10:15:00","BZN|NL","Without Sequence","40.10","",""
"30/03/2026 10:15:00 - 30/03/2026 10:30:00","BZN|NL","Without Sequence","26.11","",""
"30/03/2026 10:30:00 - 30/03/2026 10:45:00","BZN|NL","Without Sequence","20.00","",""
"30/03/2026 10:45:00 - 30/03/2026 11:00:00","BZN|NL","Without Sequence","11.31","",""
"30/03/2026 11:00:00 - 30/03/2026 11:15:00","BZN|NL","Without Sequence","16.24","",""
"30/03/2026 11:15:00 - 30/03/2026 11:30:00","BZN|NL","Without Sequence","15.55","",""
"30/03/2026 11:30:00 - 30/03/2026 11:45:00","BZN|NL","Without Sequence","9.91","",""
"30/03/2026 11:45:00 - 30/03/2026 12:00:00","BZN|NL","Without Sequence","0.85","",""
"30/03/2026 12:00:00 - 30/03/2026 12:15:00","BZN|NL","Without Sequence","9.40","",""
"30/03/2026 12:15:00 - 30/03/2026 12:30:00","BZN|NL","Without Sequence","8.67","",""
"30/03/2026 12:30:00 - 30/03/2026 12:45:00","BZN|NL","Without Sequence","7.60","",""
"30/03/2026 12:45:00 - 30/03/2026 13:00:00","BZN|NL","Without Sequence","4.54","",""
"30/03/2026 13:00:00 - 30/03/2026 13:15:00","BZN|NL","Without Sequence","9.38","",""
"30/03/2026 13:15:00 - 30/03/2026 13:30:00","BZN|NL","Without Sequence","10.73","",""
"30/03/2026 13:30:00 - 30/03/2026 13:45:00","BZN|NL","Without Sequence","11.66","",""
"30/03/2026 13:45:00 - 30/03/2026 14:00:00","BZN|NL","Without Sequence","19.98","",""
"30/03/2026 14:00:00 - 30/03/2026 14:15:00","BZN|NL","Without Sequence","9.98","",""
"30/03/2026 14:15:00 - 30/03/2026 14:30:00","BZN|NL","Without Sequence","23.34","",""
"30/03/2026 14:30:00 - 30/03/2026 14:45:00","BZN|NL","Without Sequence","42.82","",""
"30/03/2026 14:45:00 - 30/03/2026 15:00:00","BZN|NL","Without Sequence","58.61","",""
"30/03/2026 15:00:00 - 30/03/2026 15:15:00","BZN|NL","Without Sequence","41.71","",""
"30/03/2026 15:15:00 - 30/03/2026 15:30:00","BZN|NL","Without Sequence","58.98","",""
"30/03/2026 15:30:00 - 30/03/2026 15:45:00","BZN|NL","Without Sequence","77.80","",""
"30/03/2026 15:45:00 - 30/03/2026 16:00:00","BZN|NL","Without Sequence","100.95","",""
"30/03/2026 16:00:00 - 30/03/2026 16:15:00","BZN|NL","Without Sequence","76.12","",""
"30/03/2026 16:15:00 - 30/03/2026 16:30:00","BZN|NL","Without Sequence","98.79","",""
"30/03/2026 16:30:00 - 30/03/2026 16:45:00","BZN|NL","Without Sequence","103.81","",""
"30/03/2026 16:45:00 - 30/03/2026 17:00:00","BZN|NL","Without Sequence","121.28","",""
"30/03/2026 17:00:00 - 30/03/2026 17:15:00","BZN|NL","Without Sequence","115.30","",""
"30/03/2026 17:15:00 - 30/03/2026 17:30:00","BZN|NL","Without Sequence","121.23","",""
"30/03/2026 17:30:00 - 30/03/2026 17:45:00","BZN|NL","Without Sequence","127.03","",""
"30/03/2026 17:45:00 - 30/03/2026 18:00:00","BZN|NL","Without Sequence","136.72","",""
"30/03/2026 18:00:00 - 30/03/2026 18:15:00","BZN|NL","Without Sequence","130.28","",""
"30/03/2026 18:15:00 - 30/03/2026 18:30:00","BZN|NL","Without Sequence","129.27","",""
"30/03/2026 18:30:00 - 30/03/2026 18:45:00","BZN|NL","Without Sequence","130.72","",""
"30/03/2026 18:45:00 - 30/03/2026 19:00:00","BZN|NL","Without Sequence","127.80","",""
"30/03/2026 19:00:00 - 30/03/2026 19:15:00","BZN|NL","Without Sequence","141.86","",""
"30/03/2026 19:15:00 - 30/03/2026 19:30:00","BZN|NL","Without Sequence","131.06","",""
"30/03/2026 19:30:00 - 30/03/2026 19:45:00","BZN|NL","Without Sequence","129.63","",""
"30/03/2026 19:45:00 - 30/03/2026 20:00:00","BZN|NL","Without Sequence","117.05","",""
"30/03/2026 20:00:00 - 30/03/2026 20:15:00","BZN|NL","Without Sequence","149.81","",""
"30/03/2026 20:15:00 - 30/03/2026 20:30:00","BZN|NL","Without Sequence","142.63","",""
"30/03/2026 20:30:00 - 30/03/2026 20:45:00","BZN|NL","Without Sequence","130.02","",""
"30/03/2026 20:45:00 - 30/03/2026 21:00:00","BZN|NL","Without Sequence","120.64","",""
"30/03/2026 21:00:00 - 30/03/2026 21:15:00","BZN|NL","Without Sequence","121.47","",""
"30/03/2026 21:15:00 - 30/03/2026 21:30:00","BZN|NL","Without Sequence","117.50","",""
"30/03/2026 21:30:00 - 30/03/2026 21:45:00","BZN|NL","Without Sequence","114.73","",""
"30/03/2026 21:45:00 - 30/03/2026 22:00:00","BZN|NL","Without Sequence","109.31","",""
"30/03/2026 22:00:00 - 30/03/2026 22:15:00","BZN|NL","Without Sequence","137.44","",""
"30/03/2026 22:15:00 - 30/03/2026 22:30:00","BZN|NL","Without Sequence","121.63","",""
"30/03/2026 22:30:00 - 30/03/2026 22:45:00","BZN|NL","Without Sequence","114.22","",""
"30/03/2026 22:45:00 - 30/03/2026 23:00:00","BZN|NL","Without Sequence","117.38","",""
"30/03/2026 23:00:00 - 30/03/2026 23:15:00","BZN|NL","Without Sequence","110.30","",""
"30/03/2026 23:15:00 - 30/03/2026 23:30:00","BZN|NL","Without Sequence","112.62","",""
"30/03/2026 23:30:00 - 30/03/2026 23:45:00","BZN|NL","Without Sequence","109.91","",""
"30/03/2026 23:45:00 - 31/03/2026 00:00:00","BZN|NL","Without Sequence","109.90","",""
"31/03/2026 00:00:00 - 31/03/2026 00:15:00","BZN|NL","Without Sequence","108.34","",""
"31/03/2026 00:15:00 - 31/03/2026 00:30:00","BZN|NL","Without Sequence","107.87","",""
"31/03/2026 00:30:00 - 31/03/2026 00:45:00","BZN|NL","Without Sequence","107.86","",""
"31/03/2026 00:45:00 - 31/03/2026 01:00:00","BZN|NL","Without Sequence","107.94","",""
"31/03/2026 01:00:00 - 31/03/2026 01:15:00","BZN|NL","Without Sequence","107.32","",""
"31/03/2026 01:15:00 - 31/03/2026 01:30:00","BZN|NL","Without Sequence","107.87","",""
"31/03/2026 01:30:00 - 31/03/2026 01:45:00","BZN|NL","Without Sequence","110.21","",""
"31/03/2026 01:45:00 - 31/03/2026 02:00:00","BZN|NL","Without Sequence","111.99","",""
"31/03/2026 02:00:00 - 31/03/2026 02:15:00","BZN|NL","Without Sequence","107.06","",""
"31/03/2026 02:15:00 - 31/03/2026 02:30:00","BZN|NL","Without Sequence","112.23","",""
"31/03/2026 02:30:00 - 31/03/2026 02:45:00","BZN|NL","Without Sequence","108.35","",""
"31/03/2026 02:45:00 - 31/03/2026 03:00:00","BZN|NL","Without Sequence","112.37","",""
"31/03/2026 03:00:00 - 31/03/2026 03:15:00","BZN|NL","Without Sequence","98.54","",""
"31/03/2026 03:15:00 - 31/03/2026 03:30:00","BZN|NL","Without Sequence","104.64","",""
"31/03/2026 03:30:00 - 31/03/2026 03:45:00","BZN|NL","Without Sequence","113.08","",""
"31/03/2026 03:45:00 - 31/03/2026 04:00:00","BZN|NL","Without Sequence","125.07","",""
"31/03/2026 04:00:00 - 31/03/2026 04:15:00","BZN|NL","Without Sequence","113.88","",""
"31/03/2026 04:15:00 - 31/03/2026 04:30:00","BZN|NL","Without Sequence","129.09","",""
"31/03/2026 04:30:00 - 31/03/2026 04:45:00","BZN|NL","Without Sequence","152.44","",""
"31/03/2026 04:45:00 - 31/03/2026 05:00:00","BZN|NL","Without Sequence","158.26","",""
"31/03/2026 05:00:00 - 31/03/2026 05:15:00","BZN|NL","Without Sequence","153.49","",""
"31/03/2026 05:15:00 - 31/03/2026 05:30:00","BZN|NL","Without Sequence","153.73","",""
"31/03/2026 05:30:00 - 31/03/2026 05:45:00","BZN|NL","Without Sequence","155.19","",""
"31/03/2026 05:45:00 - 31/03/2026 06:00:00","BZN|NL","Without Sequence","149.19","",""
"31/03/2026 06:00:00 - 31/03/2026 06:15:00","BZN|NL","Without Sequence","203.23","",""
"31/03/2026 06:15:00 - 31/03/2026 06:30:00","BZN|NL","Without Sequence","180.93","",""
"31/03/2026 06:30:00 - 31/03/2026 06:45:00","BZN|NL","Without Sequence","146.65","",""
"31/03/2026 06:45:00 - 31/03/2026 07:00:00","BZN|NL","Without Sequence","126.82","",""
"31/03/2026 07:00:00 - 31/03/2026 07:15:00","BZN|NL","Without Sequence","165.71","",""
"31/03/2026 07:15:00 - 31/03/2026 07:30:00","BZN|NL","Without Sequence","136.58","",""
"31/03/2026 07:30:00 - 31/03/2026 07:45:00","BZN|NL","Without Sequence","126.50","",""
"31/03/2026 07:45:00 - 31/03/2026 08:00:00","BZN|NL","Without Sequence","119.00","",""
"31/03/2026 08:00:00 - 31/03/2026 08:15:00","BZN|NL","Without Sequence","119.88","",""
"31/03/2026 08:15:00 - 31/03/2026 08:30:00","BZN|NL","Without Sequence","110.39","",""
"31/03/2026 08:30:00 - 31/03/2026 08:45:00","BZN|NL","Without Sequence","100.00","",""
"31/03/2026 08:45:00 - 31/03/2026 09:00:00","BZN|NL","Without Sequence","93.73","",""
"31/03/2026 09:00:00 - 31/03/2026 09:15:00","BZN|NL","Without Sequence","99.96","",""
"31/03/2026 09:15:00 - 31/03/2026 09:30:00","BZN|NL","Without Sequence","93.24","",""
"31/03/2026 09:30:00 - 31/03/2026 09:45:00","BZN|NL","Without Sequence","86.00","",""
"31/03/2026 09:45:00 - 31/03/2026 10:00:00","BZN|NL","Without Sequence","75.33","",""
"31/03/2026 10:00:00 - 31/03/2026 10:15:00","BZN|NL","Without Sequence","90.00","",""
"31/03/2026 10:15:00 - 31/03/2026 10:30:00","BZN|NL","Without Sequence","83.85","",""
"31/03/2026 10:30:00 - 31/03/2026 10:45:00","BZN|NL","Without Sequence","80.32","",""
"31/03/2026 10:45:00 - 31/03/2026 11:00:00","BZN|NL","Without Sequence","67.53","",""
"31/03/2026 11:00:00 - 31/03/2026 11:15:00","BZN|NL","Without Sequence","76.76","",""
"31/03/2026 11:15:00 - 31/03/2026 11:30:00","BZN|NL","Without Sequence","64.17","",""
"31/03/2026 11:30:00 - 31/03/2026 11:45:00","BZN|NL","Without Sequence","48.20","",""
"31/03/2026 11:45:00 - 31/03/2026 12:00:00","BZN|NL","Without Sequence","41.34","",""
"31/03/2026 12:00:00 - 31/03/2026 12:15:00","BZN|NL","Without Sequence","53.23","",""
"31/03/2026 12:15:00 - 31/03/2026 12:30:00","BZN|NL","Without Sequence","55.00","",""
"31/03/2026 12:30:00 - 31/03/2026 12:45:00","BZN|NL","Without Sequence","58.58","",""
"31/03/2026 12:45:00 - 31/03/2026 13:00:00","BZN|NL","Without Sequence","61.82","",""
"31/03/2026 13:00:00 - 31/03/2026 13:15:00","BZN|NL","Without Sequence","56.65","",""
"31/03/2026 13:15:00 - 31/03/2026 13:30:00","BZN|NL","Without Sequence","65.24","",""
"31/03/2026 13:30:00 - 31/03/2026 13:45:00","BZN|NL","Without Sequence","79.91","",""
"31/03/2026 13:45:00 - 31/03/2026 14:00:00","BZN|NL","Without Sequence","91.54","",""
"31/03/2026 14:00:00 - 31/03/2026 14:15:00","BZN|NL","Without Sequence","66.50","",""
"31/03/2026 14:15:00 - 31/03/2026 14:30:00","BZN|NL","Without Sequence","86.97","",""
"31/03/2026 14:30:00 - 31/03/2026 14:45:00","BZN|NL","Without Sequence","96.64","",""
"31/03/2026 14:45:00 - 31/03/2026 15:00:00","BZN|NL","Without Sequence","113.84","",""
"31/03/2026 15:00:00 - 31/03/2026 15:15:00","BZN|NL","Without Sequence","100.96","",""
"31/03/2026 15:15:00 - 31/03/2026 15:30:00","BZN|NL","Without Sequence","108.08","",""
"31/03/2026 15:30:00 - 31/03/2026 15:45:00","BZN|NL","Without Sequence","121.04","",""
"31/03/2026 15:45:00 - 31/03/2026 16:00:00","BZN|NL","Without Sequence","160.00","",""
"31/03/2026 16:00:00 - 31/03/2026 16:15:00","BZN|NL","Without Sequence","108.17","",""
"31/03/2026 16:15:00 - 31/03/2026 16:30:00","BZN|NL","Without Sequence","141.83","",""
"31/03/2026 16:30:00 - 31/03/2026 16:45:00","BZN|NL","Without Sequence","158.30","",""
"31/03/2026 16:45:00 - 31/03/2026 17:00:00","BZN|NL","Without Sequence","192.74","",""
"31/03/2026 17:00:00 - 31/03/2026 17:15:00","BZN|NL","Without Sequence","153.48","",""
"31/03/2026 17:15:00 - 31/03/2026 17:30:00","BZN|NL","Without Sequence","176.29","",""
"31/03/2026 17:30:00 - 31/03/2026 17:45:00","BZN|NL","Without Sequence","180.55","",""
"31/03/2026 17:45:00 - 31/03/2026 18:00:00","BZN|NL","Without Sequence","186.73","",""
"31/03/2026 18:00:00 - 31/03/2026 18:15:00","BZN|NL","Without Sequence","188.14","",""
"31/03/2026 18:15:00 - 31/03/2026 18:30:00","BZN|NL","Without Sequence","179.34","",""
"31/03/2026 18:30:00 - 31/03/2026 18:45:00","BZN|NL","Without Sequence","172.62","",""
"31/03/2026 18:45:00 - 31/03/2026 19:00:00","BZN|NL","Without Sequence","159.99","",""
"31/03/2026 19:00:00 - 31/03/2026 19:15:00","BZN|NL","Without Sequence","193.81","",""
"31/03/2026 19:15:00 - 31/03/2026 19:30:00","BZN|NL","Without Sequence","167.67","",""
"31/03/2026 19:30:00 - 31/03/2026 19:45:00","BZN|NL","Without Sequence","157.96","",""
"31/03/2026 19:45:00 - 31/03/2026 20:00:00","BZN|NL","Without Sequence","141.81","",""
"31/03/2026 20:00:00 - 31/03/2026 20:15:00","BZN|NL","Without Sequence","166.17","",""
"31/03/2026 20:15:00 - 31/03/2026 20:30:00","BZN|NL","Without Sequence","161.30","",""
"31/03/2026 20:30:00 - 31/03/2026 20:45:00","BZN|NL","Without Sequence","152.95","",""
"31/03/2026 20:45:00 - 31/03/2026 21:00:00","BZN|NL","Without Sequence","149.93","",""
"31/03/2026 21:00:00 - 31/03/2026 21:15:00","BZN|NL","Without Sequence","150.84","",""
"31/03/2026 21:15:00 - 31/03/2026 21:30:00","BZN|NL","Without Sequence","146.00","",""
"31/03/2026 21:30:00 - 31/03/2026 21:45:00","BZN|NL","Without Sequence","149.96","",""
"31/03/2026 21:45:00 - 31/03/2026 22:00:00","BZN|NL","Without Sequence","140.46","",""
"31/03/2026 22:00:00 - 31/03/2026 22:15:00","BZN|NL","Without Sequence","155.63","",""
"31/03/2026 22:15:00 - 31/03/2026 22:30:00","BZN|NL","Without Sequence","144.27","",""
"31/03/2026 22:30:00 - 31/03/2026 22:45:00","BZN|NL","Without Sequence","142.27","",""
"31/03/2026 22:45:00 - 31/03/2026 23:00:00","BZN|NL","Without Sequence","133.38","",""
"31/03/2026 23:00:00 - 31/03/2026 23:15:00","BZN|NL","Without Sequence","137.41","",""
"31/03/2026 23:15:00 - 31/03/2026 23:30:00","BZN|NL","Without Sequence","129.20","",""
"31/03/2026 23:30:00 - 31/03/2026 23:45:00","BZN|NL","Without Sequence","129.21","",""
"31/03/2026 23:45:00 - 01/04/2026 00:00:00","BZN|NL","Without Sequence","121.22","",""
"01/04/2026 00:00:00 - 01/04/2026 00:15:00","BZN|NL","Without Sequence","125.68","",""
"01/04/2026 00:15:00 - 01/04/2026 00:30:00","BZN|NL","Without Sequence","121.61","",""
"01/04/2026 00:30:00 - 01/04/2026 00:45:00","BZN|NL","Without Sequence","122.90","",""
"01/04/2026 00:45:00 - 01/04/2026 01:00:00","BZN|NL","Without Sequence","125.10","",""
"01/04/2026 01:00:00 - 01/04/2026 01:15:00","BZN|NL","Without Sequence","123.68","",""
"01/04/2026 01:15:00 - 01/04/2026 01:30:00","BZN|NL","Without Sequence","128.00","",""
"01/04/2026 01:30:00 - 01/04/2026 01:45:00","BZN|NL","Without Sequence","132.12","",""
"01/04/2026 01:45:00 - 01/04/2026 02:00:00","BZN|NL","Without Sequence","133.91","",""
"01/04/2026 02:00:00 - 01/04/2026 02:15:00","BZN|NL","Without Sequence","128.28","",""
"01/04/2026 02:15:00 - 01/04/2026 02:30:00","BZN|NL","Without Sequence","130.76","",""
"01/04/2026 02:30:00 - 01/04/2026 02:45:00","BZN|NL","Without Sequence","136.62","",""
"01/04/2026 02:45:00 - 01/04/2026 03:00:00","BZN|NL","Without Sequence","142.48","",""
"01/04/2026 03:00:00 - 01/04/2026 03:15:00","BZN|NL","Without Sequence","130.97","",""
"01/04/2026 03:15:00 - 01/04/2026 03:30:00","BZN|NL","Without Sequence","141.75","",""
"01/04/2026 03:30:00 - 01/04/2026 03:45:00","BZN|NL","Without Sequence","141.98","",""
"01/04/2026 03:45:00 - 01/04/2026 04:00:00","BZN|NL","Without Sequence","159.64","",""
"01/04/2026 04:00:00 - 01/04/2026 04:15:00","BZN|NL","Without Sequence","149.08","",""
"01/04/2026 04:15:00 - 01/04/2026 04:30:00","BZN|NL","Without Sequence","170.17","",""
"01/04/2026 04:30:00 - 01/04/2026 04:45:00","BZN|NL","Without Sequence","184.95","",""
"01/04/2026 04:45:00 - 01/04/2026 05:00:00","BZN|NL","Without Sequence","187.73","",""
"01/04/2026 05:00:00 - 01/04/2026 05:15:00","BZN|NL","Without Sequence","225.00","",""
"01/04/2026 05:15:00 - 01/04/2026 05:30:00","BZN|NL","Without Sequence","228.01","",""
"01/04/2026 05:30:00 - 01/04/2026 05:45:00","BZN|NL","Without Sequence","212.10","",""
"01/04/2026 05:45:00 - 01/04/2026 06:00:00","BZN|NL","Without Sequence","208.00","",""
"01/04/2026 06:00:00 - 01/04/2026 06:15:00","BZN|NL","Without Sequence","239.12","",""
"01/04/2026 06:15:00 - 01/04/2026 06:30:00","BZN|NL","Without Sequence","214.59","",""
"01/04/2026 06:30:00 - 01/04/2026 06:45:00","BZN|NL","Without Sequence","184.15","",""
"01/04/2026 06:45:00 - 01/04/2026 07:00:00","BZN|NL","Without Sequence","162.05","",""
"01/04/2026 07:00:00 - 01/04/2026 07:15:00","BZN|NL","Without Sequence","209.00","",""
"01/04/2026 07:15:00 - 01/04/2026 07:30:00","BZN|NL","Without Sequence","185.81","",""
"01/04/2026 07:30:00 - 01/04/2026 07:45:00","BZN|NL","Without Sequence","161.38","",""
"01/04/2026 07:45:00 - 01/04/2026 08:00:00","BZN|NL","Without Sequence","129.87","",""
"01/04/2026 08:00:00 - 01/04/2026 08:15:00","BZN|NL","Without Sequence","163.80","",""
"01/04/2026 08:15:00 - 01/04/2026 08:30:00","BZN|NL","Without Sequence","143.57","",""
"01/04/2026 08:30:00 - 01/04/2026 08:45:00","BZN|NL","Without Sequence","131.13","",""
"01/04/2026 08:45:00 - 01/04/2026 09:00:00","BZN|NL","Without Sequence","124.12","",""
"01/04/2026 09:00:00 - 01/04/2026 09:15:00","BZN|NL","Without Sequence","139.98","",""
"01/04/2026 09:15:00 - 01/04/2026 09:30:00","BZN|NL","Without Sequence","131.64","",""
"01/04/2026 09:30:00 - 01/04/2026 09:45:00","BZN|NL","Without Sequence","122.93","",""
"01/04/2026 09:45:00 - 01/04/2026 10:00:00","BZN|NL","Without Sequence","121.69","",""
"01/04/2026 10:00:00 - 01/04/2026 10:15:00","BZN|NL","Without Sequence","131.48","",""
"01/04/2026 10:15:00 - 01/04/2026 10:30:00","BZN|NL","Without Sequence","114.52","",""
"01/04/2026 10:30:00 - 01/04/2026 10:45:00","BZN|NL","Without Sequence","112.44","",""
"01/04/2026 10:45:00 - 01/04/2026 11:00:00","BZN|NL","Without Sequence","105.62","",""
"01/04/2026 11:00:00 - 01/04/2026 11:15:00","BZN|NL","Without Sequence","109.22","",""
"01/04/2026 11:15:00 - 01/04/2026 11:30:00","BZN|NL","Without Sequence","101.73","",""
"01/04/2026 11:30:00 - 01/04/2026 11:45:00","BZN|NL","Without Sequence","93.17","",""
"01/04/2026 11:45:00 - 01/04/2026 12:00:00","BZN|NL","Without Sequence","84.17","",""
"01/04/2026 12:00:00 - 01/04/2026 12:15:00","BZN|NL","Without Sequence","92.24","",""
"01/04/2026 12:15:00 - 01/04/2026 12:30:00","BZN|NL","Without Sequence","88.83","",""
"01/04/2026 12:30:00 - 01/04/2026 12:45:00","BZN|NL","Without Sequence","88.51","",""
"01/04/2026 12:45:00 - 01/04/2026 13:00:00","BZN|NL","Without Sequence","88.74","",""
"01/04/2026 13:00:00 - 01/04/2026 13:15:00","BZN|NL","Without Sequence","86.26","",""
"01/04/2026 13:15:00 - 01/04/2026 13:30:00","BZN|NL","Without Sequence","90.50","",""
"01/04/2026 13:30:00 - 01/04/2026 13:45:00","BZN|NL","Without Sequence","99.11","",""
"01/04/2026 13:45:00 - 01/04/2026 14:00:00","BZN|NL","Without Sequence","107.66","",""
"01/04/2026 14:00:00 - 01/04/2026 14:15:00","BZN|NL","Without Sequence","85.04","",""
"01/04/2026 14:15:00 - 01/04/2026 14:30:00","BZN|NL","Without Sequence","98.30","",""
"01/04/2026 14:30:00 - 01/04/2026 14:45:00","BZN|NL","Without Sequence","110.06","",""
"01/04/2026 14:45:00 - 01/04/2026 15:00:00","BZN|NL","Without Sequence","131.63","",""
"01/04/2026 15:00:00 - 01/04/2026 15:15:00","BZN|NL","Without Sequence","119.97","",""
"01/04/2026 15:15:00 - 01/04/2026 15:30:00","BZN|NL","Without Sequence","120.03","",""
"01/04/2026 15:30:00 - 01/04/2026 15:45:00","BZN|NL","Without Sequence","128.73","",""
"01/04/2026 15:45:00 - 01/04/2026 16:00:00","BZN|NL","Without Sequence","152.27","",""
"01/04/2026 16:00:00 - 01/04/2026 16:15:00","BZN|NL","Without Sequence","111.25","",""
"01/04/2026 16:15:00 - 01/04/2026 16:30:00","BZN|NL","Without Sequence","142.02","",""
"01/04/2026 16:30:00 - 01/04/2026 16:45:00","BZN|NL","Without Sequence","153.84","",""
"01/04/2026 16:45:00 - 01/04/2026 17:00:00","BZN|NL","Without Sequence","197.48","",""
"01/04/2026 17:00:00 - 01/04/2026 17:15:00","BZN|NL","Without Sequence","158.88","",""
"01/04/2026 17:15:00 - 01/04/2026 17:30:00","BZN|NL","Without Sequence","185.39","",""
"01/04/2026 17:30:00 - 01/04/2026 17:45:00","BZN|NL","Without Sequence","198.56","",""
"01/04/2026 17:45:00 - 01/04/2026 18:00:00","BZN|NL","Without Sequence","203.82","",""
"01/04/2026 18:00:00 - 01/04/2026 18:15:00","BZN|NL","Without Sequence","194.55","",""
"01/04/2026 18:15:00 - 01/04/2026 18:30:00","BZN|NL","Without Sequence","186.91","",""
"01/04/2026 18:30:00 - 01/04/2026 18:45:00","BZN|NL","Without Sequence","180.00","",""
"01/04/2026 18:45:00 - 01/04/2026 19:00:00","BZN|NL","Without Sequence","156.44","",""
"01/04/2026 19:00:00 - 01/04/2026 19:15:00","BZN|NL","Without Sequence","178.68","",""
"01/04/2026 19:15:00 - 01/04/2026 19:30:00","BZN|NL","Without Sequence","168.21","",""
"01/04/2026 19:30:00 - 01/04/2026 19:45:00","BZN|NL","Without Sequence","163.93","",""
"01/04/2026 19:45:00 - 01/04/2026 20:00:00","BZN|NL","Without Sequence","152.10","",""
"01/04/2026 20:00:00 - 01/04/2026 20:15:00","BZN|NL","Without Sequence","167.64","",""
"01/04/2026 20:15:00 - 01/04/2026 20:30:00","BZN|NL","Without Sequence","150.79","",""
"01/04/2026 20:30:00 - 01/04/2026 20:45:00","BZN|NL","Without Sequence","150.89","",""
"01/04/2026 20:45:00 - 01/04/2026 21:00:00","BZN|NL","Without Sequence","138.43","",""
"01/04/2026 21:00:00 - 01/04/2026 21:15:00","BZN|NL","Without Sequence","146.66","",""
"01/04/2026 21:15:00 - 01/04/2026 21:30:00","BZN|NL","Without Sequence","135.13","",""
"01/04/2026 21:30:00 - 01/04/2026 21:45:00","BZN|NL","Without Sequence","130.58","",""
"01/04/2026 21:45:00 - 01/04/2026 22:00:00","BZN|NL","Without Sequence","119.18","",""
"01/04/2026 22:00:00 - 01/04/2026 22:15:00","BZN|NL","Without Sequence","136.66","",""
"01/04/2026 22:15:00 - 01/04/2026 22:30:00","BZN|NL","Without Sequence","127.80","",""
"01/04/2026 22:30:00 - 01/04/2026 22:45:00","BZN|NL","Without Sequence","121.55","",""
"01/04/2026 22:45:00 - 01/04/2026 23:00:00","BZN|NL","Without Sequence","119.30","",""
"01/04/2026 23:00:00 - 01/04/2026 23:15:00","BZN|NL","Without Sequence","125.43","",""
"01/04/2026 23:15:00 - 01/04/2026 23:30:00","BZN|NL","Without Sequence","119.36","",""
"01/04/2026 23:30:00 - 01/04/2026 23:45:00","BZN|NL","Without Sequence","116.61","",""
"01/04/2026 23:45:00 - 02/04/2026 00:00:00","BZN|NL","Without Sequence","114.58","",""
"02/04/2026 00:00:00 - 02/04/2026 00:15:00","BZN|NL","Without Sequence","116.90","",""
"02/04/2026 00:15:00 - 02/04/2026 00:30:00","BZN|NL","Without Sequence","114.44","",""
"02/04/2026 00:30:00 - 02/04/2026 00:45:00","BZN|NL","Without Sequence","113.75","",""
"02/04/2026 00:45:00 - 02/04/2026 01:00:00","BZN|NL","Without Sequence","111.43","",""
"02/04/2026 01:00:00 - 02/04/2026 01:15:00","BZN|NL","Without Sequence","110.22","",""
"02/04/2026 01:15:00 - 02/04/2026 01:30:00","BZN|NL","Without Sequence","106.76","",""
"02/04/2026 01:30:00 - 02/04/2026 01:45:00","BZN|NL","Without Sequence","107.32","",""
"02/04/2026 01:45:00 - 02/04/2026 02:00:00","BZN|NL","Without Sequence","106.97","",""
"02/04/2026 02:00:00 - 02/04/2026 02:15:00","BZN|NL","Without Sequence","105.17","",""
"02/04/2026 02:15:00 - 02/04/2026 02:30:00","BZN|NL","Without Sequence","104.38","",""
"02/04/2026 02:30:00 - 02/04/2026 02:45:00","BZN|NL","Without Sequence","107.98","",""
"02/04/2026 02:45:00 - 02/04/2026 03:00:00","BZN|NL","Without Sequence","108.84","",""
"02/04/2026 03:00:00 - 02/04/2026 03:15:00","BZN|NL","Without Sequence","108.29","",""
"02/04/2026 03:15:00 - 02/04/2026 03:30:00","BZN|NL","Without Sequence","113.17","",""
"02/04/2026 03:30:00 - 02/04/2026 03:45:00","BZN|NL","Without Sequence","119.30","",""
"02/04/2026 03:45:00 - 02/04/2026 04:00:00","BZN|NL","Without Sequence","135.37","",""
"02/04/2026 04:00:00 - 02/04/2026 04:15:00","BZN|NL","Without Sequence","130.62","",""
"02/04/2026 04:15:00 - 02/04/2026 04:30:00","BZN|NL","Without Sequence","147.43","",""
"02/04/2026 04:30:00 - 02/04/2026 04:45:00","BZN|NL","Without Sequence","157.76","",""
"02/04/2026 04:45:00 - 02/04/2026 05:00:00","BZN|NL","Without Sequence","162.15","",""
"02/04/2026 05:00:00 - 02/04/2026 05:15:00","BZN|NL","Without Sequence","163.62","",""
"02/04/2026 05:15:00 - 02/04/2026 05:30:00","BZN|NL","Without Sequence","166.68","",""
"02/04/2026 05:30:00 - 02/04/2026 05:45:00","BZN|NL","Without Sequence","161.52","",""
"02/04/2026 05:45:00 - 02/04/2026 06:00:00","BZN|NL","Without Sequence","148.21","",""
"02/04/2026 06:00:00 - 02/04/2026 06:15:00","BZN|NL","Without Sequence","196.93","",""
"02/04/2026 06:15:00 - 02/04/2026 06:30:00","BZN|NL","Without Sequence","173.46","",""
"02/04/2026 06:30:00 - 02/04/2026 06:45:00","BZN|NL","Without Sequence","154.05","",""
"02/04/2026 06:45:00 - 02/04/2026 07:00:00","BZN|NL","Without Sequence","106.16","",""
"02/04/2026 07:00:00 - 02/04/2026 07:15:00","BZN|NL","Without Sequence","129.74","",""
"02/04/2026 07:15:00 - 02/04/2026 07:30:00","BZN|NL","Without Sequence","120.84","",""
"02/04/2026 07:30:00 - 02/04/2026 07:45:00","BZN|NL","Without Sequence","122.11","",""
"02/04/2026 07:45:00 - 02/04/2026 08:00:00","BZN|NL","Without Sequence","113.25","",""
"02/04/2026 08:00:00 - 02/04/2026 08:15:00","BZN|NL","Without Sequence","116.54","",""
"02/04/2026 08:15:00 - 02/04/2026 08:30:00","BZN|NL","Without Sequence","117.04","",""
"02/04/2026 08:30:00 - 02/04/2026 08:45:00","BZN|NL","Without Sequence","106.39","",""
"02/04/2026 08:45:00 - 02/04/2026 09:00:00","BZN|NL","Without Sequence","125.13","",""
"02/04/2026 09:00:00 - 02/04/2026 09:15:00","BZN|NL","Without Sequence","130.00","",""
"02/04/2026 09:15:00 - 02/04/2026 09:30:00","BZN|NL","Without Sequence","133.45","",""
"02/04/2026 09:30:00 - 02/04/2026 09:45:00","BZN|NL","Without Sequence","116.27","",""
"02/04/2026 09:45:00 - 02/04/2026 10:00:00","BZN|NL","Without Sequence","96.29","",""
"02/04/2026 10:00:00 - 02/04/2026 10:15:00","BZN|NL","Without Sequence","146.69","",""
"02/04/2026 10:15:00 - 02/04/2026 10:30:00","BZN|NL","Without Sequence","109.74","",""
"02/04/2026 10:30:00 - 02/04/2026 10:45:00","BZN|NL","Without Sequence","94.26","",""
"02/04/2026 10:45:00 - 02/04/2026 11:00:00","BZN|NL","Without Sequence","90.52","",""
"02/04/2026 11:00:00 - 02/04/2026 11:15:00","BZN|NL","Without Sequence","98.50","",""
"02/04/2026 11:15:00 - 02/04/2026 11:30:00","BZN|NL","Without Sequence","93.76","",""
"02/04/2026 11:30:00 - 02/04/2026 11:45:00","BZN|NL","Without Sequence","93.69","",""
"02/04/2026 11:45:00 - 02/04/2026 12:00:00","BZN|NL","Without Sequence","90.96","",""
"02/04/2026 12:00:00 - 02/04/2026 12:15:00","BZN|NL","Without Sequence","90.08","",""
"02/04/2026 12:15:00 - 02/04/2026 12:30:00","BZN|NL","Without Sequence","83.57","",""
"02/04/2026 12:30:00 - 02/04/2026 12:45:00","BZN|NL","Without Sequence","82.97","",""
"02/04/2026 12:45:00 - 02/04/2026 13:00:00","BZN|NL","Without Sequence","82.97","",""
"02/04/2026 13:00:00 - 02/04/2026 13:15:00","BZN|NL","Without Sequence","88.52","",""
"02/04/2026 13:15:00 - 02/04/2026 13:30:00","BZN|NL","Without Sequence","88.34","",""
"02/04/2026 13:30:00 - 02/04/2026 13:45:00","BZN|NL","Without Sequence","90.10","",""
"02/04/2026 13:45:00 - 02/04/2026 14:00:00","BZN|NL","Without Sequence","96.16","",""
"02/04/2026 14:00:00 - 02/04/2026 14:15:00","BZN|NL","Without Sequence","94.25","",""
"02/04/2026 14:15:00 - 02/04/2026 14:30:00","BZN|NL","Without Sequence","99.34","",""
"02/04/2026 14:30:00 - 02/04/2026 14:45:00","BZN|NL","Without Sequence","105.61","",""
"02/04/2026 14:45:00 - 02/04/2026 15:00:00","BZN|NL","Without Sequence","130.00","",""
"02/04/2026 15:00:00 - 02/04/2026 15:15:00","BZN|NL","Without Sequence","116.79","",""
"02/04/2026 15:15:00 - 02/04/2026 15:30:00","BZN|NL","Without Sequence","109.97","",""
"02/04/2026 15:30:00 - 02/04/2026 15:45:00","BZN|NL","Without Sequence","123.20","",""
"02/04/2026 15:45:00 - 02/04/2026 16:00:00","BZN|NL","Without Sequence","120.90","",""
"02/04/2026 16:00:00 - 02/04/2026 16:15:00","BZN|NL","Without Sequence","111.54","",""
"02/04/2026 16:15:00 - 02/04/2026 16:30:00","BZN|NL","Without Sequence","120.60","",""
"02/04/2026 16:30:00 - 02/04/2026 16:45:00","BZN|NL","Without Sequence","132.05","",""
"02/04/2026 16:45:00 - 02/04/2026 17:00:00","BZN|NL","Without Sequence","151.81","",""
"02/04/2026 17:00:00 - 02/04/2026 17:15:00","BZN|NL","Without Sequence","136.93","",""
"02/04/2026 17:15:00 - 02/04/2026 17:30:00","BZN|NL","Without Sequence","154.45","",""
"02/04/2026 17:30:00 - 02/04/2026 17:45:00","BZN|NL","Without Sequence","165.57","",""
"02/04/2026 17:45:00 - 02/04/2026 18:00:00","BZN|NL","Without Sequence","178.57","",""
"02/04/2026 18:00:00 - 02/04/2026 18:15:00","BZN|NL","Without Sequence","168.09","",""
"02/04/2026 18:15:00 - 02/04/2026 18:30:00","BZN|NL","Without Sequence","157.79","",""
"02/04/2026 18:30:00 - 02/04/2026 18:45:00","BZN|NL","Without Sequence","154.31","",""
"02/04/2026 18:45:00 - 02/04/2026 19:00:00","BZN|NL","Without Sequence","144.79","",""
"02/04/2026 19:00:00 - 02/04/2026 19:15:00","BZN|NL","Without Sequence","160.46","",""
"02/04/2026 19:15:00 - 02/04/2026 19:30:00","BZN|NL","Without Sequence","144.02","",""
"02/04/2026 19:30:00 - 02/04/2026 19:45:00","BZN|NL","Without Sequence","142.62","",""
"02/04/2026 19:45:00 - 02/04/2026 20:00:00","BZN|NL","Without Sequence","130.58","",""
"02/04/2026 20:00:00 - 02/04/2026 20:15:00","BZN|NL","Without Sequence","145.69","",""
"02/04/2026 20:15:00 - 02/04/2026 20:30:00","BZN|NL","Without Sequence","134.59","",""
"02/04/2026 20:30:00 - 02/04/2026 20:45:00","BZN|NL","Without Sequence","130.16","",""
"02/04/2026 20:45:00 - 02/04/2026 21:00:00","BZN|NL","Without Sequence","124.50","",""
"02/04/2026 21:00:00 - 02/04/2026 21:15:00","BZN|NL","Without Sequence","130.10","",""
"02/04/2026 21:15:00 - 02/04/2026 21:30:00","BZN|NL","Without Sequence","121.95","",""
"02/04/2026 21:30:00 - 02/04/2026 21:45:00","BZN|NL","Without Sequence","127.81","",""
"02/04/2026 21:45:00 - 02/04/2026 22:00:00","BZN|NL","Without Sequence","114.51","",""
"02/04/2026 22:00:00 - 02/04/2026 22:15:00","BZN|NL","Without Sequence","141.27","",""
"02/04/2026 22:15:00 - 02/04/2026 22:30:00","BZN|NL","Without Sequence","136.52","",""
"02/04/2026 22:30:00 - 02/04/2026 22:45:00","BZN|NL","Without Sequence","127.91","",""
"02/04/2026 22:45:00 - 02/04/2026 23:00:00","BZN|NL","Without Sequence","123.92","",""
"02/04/2026 23:00:00 - 02/04/2026 23:15:00","BZN|NL","Without Sequence","124.53","",""
"02/04/2026 23:15:00 - 02/04/2026 23:30:00","BZN|NL","Without Sequence","124.10","",""
"02/04/2026 23:30:00 - 02/04/2026 23:45:00","BZN|NL","Without Sequence","124.41","",""
"02/04/2026 23:45:00 - 03/04/2026 00:00:00","BZN|NL","Without Sequence","114.91","",""
"03/04/2026 00:00:00 - 03/04/2026 00:15:00","BZN|NL","Without Sequence","127.53","",""
"03/04/2026 00:15:00 - 03/04/2026 00:30:00","BZN|NL","Without Sequence","120.00","",""
"03/04/2026 00:30:00 - 03/04/2026 00:45:00","BZN|NL","Without Sequence","114.56","",""
"03/04/2026 00:45:00 - 03/04/2026 01:00:00","BZN|NL","Without Sequence","113.96","",""
"03/04/2026 01:00:00 - 03/04/2026 01:15:00","BZN|NL","Without Sequence","119.28","",""
"03/04/2026 01:15:00 - 03/04/2026 01:30:00","BZN|NL","Without Sequence","117.16","",""
"03/04/2026 01:30:00 - 03/04/2026 01:45:00","BZN|NL","Without Sequence","113.48","",""
"03/04/2026 01:45:00 - 03/04/2026 02:00:00","BZN|NL","Without Sequence","115.61","",""
"03/04/2026 02:00:00 - 03/04/2026 02:15:00","BZN|NL","Without Sequence","118.07","",""
"03/04/2026 02:15:00 - 03/04/2026 02:30:00","BZN|NL","Without Sequence","117.95","",""
"03/04/2026 02:30:00 - 03/04/2026 02:45:00","BZN|NL","Without Sequence","118.37","",""
"03/04/2026 02:45:00 - 03/04/2026 03:00:00","BZN|NL","Without Sequence","117.24","",""
"03/04/2026 03:00:00 - 03/04/2026 03:15:00","BZN|NL","Without Sequence","117.27","",""
"03/04/2026 03:15:00 - 03/04/2026 03:30:00","BZN|NL","Without Sequence","118.85","",""
"03/04/2026 03:30:00 - 03/04/2026 03:45:00","BZN|NL","Without Sequence","115.38","",""
"03/04/2026 03:45:00 - 03/04/2026 04:00:00","BZN|NL","Without Sequence","122.49","",""
"03/04/2026 04:00:00 - 03/04/2026 04:15:00","BZN|NL","Without Sequence","116.21","",""
"03/04/2026 04:15:00 - 03/04/2026 04:30:00","BZN|NL","Without Sequence","127.49","",""
"03/04/2026 04:30:00 - 03/04/2026 04:45:00","BZN|NL","Without Sequence","140.02","",""
"03/04/2026 04:45:00 - 03/04/2026 05:00:00","BZN|NL","Without Sequence","138.90","",""
"03/04/2026 05:00:00 - 03/04/2026 05:15:00","BZN|NL","Without Sequence","139.59","",""
"03/04/2026 05:15:00 - 03/04/2026 05:30:00","BZN|NL","Without Sequence","139.13","",""
"03/04/2026 05:30:00 - 03/04/2026 05:45:00","BZN|NL","Without Sequence","135.72","",""
"03/04/2026 05:45:00 - 03/04/2026 06:00:00","BZN|NL","Without Sequence","129.80","",""
"03/04/2026 06:00:00 - 03/04/2026 06:15:00","BZN|NL","Without Sequence","156.58","",""
"03/04/2026 06:15:00 - 03/04/2026 06:30:00","BZN|NL","Without Sequence","135.59","",""
"03/04/2026 06:30:00 - 03/04/2026 06:45:00","BZN|NL","Without Sequence","128.15","",""
"03/04/2026 06:45:00 - 03/04/2026 07:00:00","BZN|NL","Without Sequence","103.88","",""
"03/04/2026 07:00:00 - 03/04/2026 07:15:00","BZN|NL","Without Sequence","143.32","",""
"03/04/2026 07:15:00 - 03/04/2026 07:30:00","BZN|NL","Without Sequence","122.08","",""
"03/04/2026 07:30:00 - 03/04/2026 07:45:00","BZN|NL","Without Sequence","103.71","",""
"03/04/2026 07:45:00 - 03/04/2026 08:00:00","BZN|NL","Without Sequence","84.41","",""
"03/04/2026 08:00:00 - 03/04/2026 08:15:00","BZN|NL","Without Sequence","126.78","",""
"03/04/2026 08:15:00 - 03/04/2026 08:30:00","BZN|NL","Without Sequence","96.55","",""
"03/04/2026 08:30:00 - 03/04/2026 08:45:00","BZN|NL","Without Sequence","64.95","",""
"03/04/2026 08:45:00 - 03/04/2026 09:00:00","BZN|NL","Without Sequence","55.19","",""
"03/04/2026 09:00:00 - 03/04/2026 09:15:00","BZN|NL","Without Sequence","72.15","",""
"03/04/2026 09:15:00 - 03/04/2026 09:30:00","BZN|NL","Without Sequence","60.08","",""
"03/04/2026 09:30:00 - 03/04/2026 09:45:00","BZN|NL","Without Sequence","49.17","",""
"03/04/2026 09:45:00 - 03/04/2026 10:00:00","BZN|NL","Without Sequence","30.83","",""
"03/04/2026 10:00:00 - 03/04/2026 10:15:00","BZN|NL","Without Sequence","48.70","",""
"03/04/2026 10:15:00 - 03/04/2026 10:30:00","BZN|NL","Without Sequence","31.13","",""
"03/04/2026 10:30:00 - 03/04/2026 10:45:00","BZN|NL","Without Sequence","19.96","",""
"03/04/2026 10:45:00 - 03/04/2026 11:00:00","BZN|NL","Without Sequence","8.79","",""
"03/04/2026 11:00:00 - 03/04/2026 11:15:00","BZN|NL","Without Sequence","19.26","",""
"03/04/2026 11:15:00 - 03/04/2026 11:30:00","BZN|NL","Without Sequence","11.83","",""
"03/04/2026 11:30:00 - 03/04/2026 11:45:00","BZN|NL","Without Sequence","7.90","",""
"03/04/2026 11:45:00 - 03/04/2026 12:00:00","BZN|NL","Without Sequence","1.68","",""
"03/04/2026 12:00:00 - 03/04/2026 12:15:00","BZN|NL","Without Sequence","4.64","",""
"03/04/2026 12:15:00 - 03/04/2026 12:30:00","BZN|NL","Without Sequence","2.16","",""
"03/04/2026 12:30:00 - 03/04/2026 12:45:00","BZN|NL","Without Sequence","0.66","",""
"03/04/2026 12:45:00 - 03/04/2026 13:00:00","BZN|NL","Without Sequence","0.92","",""
"03/04/2026 13:00:00 - 03/04/2026 13:15:00","BZN|NL","Without Sequence","0.93","",""
"03/04/2026 13:15:00 - 03/04/2026 13:30:00","BZN|NL","Without Sequence","0.70","",""
"03/04/2026 13:30:00 - 03/04/2026 13:45:00","BZN|NL","Without Sequence","3.66","",""
"03/04/2026 13:45:00 - 03/04/2026 14:00:00","BZN|NL","Without Sequence","9.97","",""
"03/04/2026 14:00:00 - 03/04/2026 14:15:00","BZN|NL","Without Sequence","2.77","",""
"03/04/2026 14:15:00 - 03/04/2026 14:30:00","BZN|NL","Without Sequence","12.34","",""
"03/04/2026 14:30:00 - 03/04/2026 14:45:00","BZN|NL","Without Sequence","32.64","",""
"03/04/2026 14:45:00 - 03/04/2026 15:00:00","BZN|NL","Without Sequence","48.70","",""
"03/04/2026 15:00:00 - 03/04/2026 15:15:00","BZN|NL","Without Sequence","43.69","",""
"03/04/2026 15:15:00 - 03/04/2026 15:30:00","BZN|NL","Without Sequence","62.67","",""
"03/04/2026 15:30:00 - 03/04/2026 15:45:00","BZN|NL","Without Sequence","78.98","",""
"03/04/2026 15:45:00 - 03/04/2026 16:00:00","BZN|NL","Without Sequence","93.10","",""
"03/04/2026 16:00:00 - 03/04/2026 16:15:00","BZN|NL","Without Sequence","82.24","",""
"03/04/2026 16:15:00 - 03/04/2026 16:30:00","BZN|NL","Without Sequence","99.38","",""
"03/04/2026 16:30:00 - 03/04/2026 16:45:00","BZN|NL","Without Sequence","107.73","",""
"03/04/2026 16:45:00 - 03/04/2026 17:00:00","BZN|NL","Without Sequence","110.65","",""
"03/04/2026 17:00:00 - 03/04/2026 17:15:00","BZN|NL","Without Sequence","129.97","",""
"03/04/2026 17:15:00 - 03/04/2026 17:30:00","BZN|NL","Without Sequence","120.10","",""
"03/04/2026 17:30:00 - 03/04/2026 17:45:00","BZN|NL","Without Sequence","124.53","",""
"03/04/2026 17:45:00 - 03/04/2026 18:00:00","BZN|NL","Without Sequence","124.20","",""
"03/04/2026 18:00:00 - 03/04/2026 18:15:00","BZN|NL","Without Sequence","133.84","",""
"03/04/2026 18:15:00 - 03/04/2026 18:30:00","BZN|NL","Without Sequence","122.30","",""
"03/04/2026 18:30:00 - 03/04/2026 18:45:00","BZN|NL","Without Sequence","117.25","",""
"03/04/2026 18:45:00 - 03/04/2026 19:00:00","BZN|NL","Without Sequence","112.86","",""
"03/04/2026 19:00:00 - 03/04/2026 19:15:00","BZN|NL","Without Sequence","119.05","",""
"03/04/2026 19:15:00 - 03/04/2026 19:30:00","BZN|NL","Without Sequence","108.90","",""
"03/04/2026 19:30:00 - 03/04/2026 19:45:00","BZN|NL","Without Sequence","104.72","",""
"03/04/2026 19:45:00 - 03/04/2026 20:00:00","BZN|NL","Without Sequence","104.13","",""
"03/04/2026 20:00:00 - 03/04/2026 20:15:00","BZN|NL","Without Sequence","106.27","",""
"03/04/2026 20:15:00 - 03/04/2026 20:30:00","BZN|NL","Without Sequence","101.52","",""
"03/04/2026 20:30:00 - 03/04/2026 20:45:00","BZN|NL","Without Sequence","100.05","",""
"03/04/2026 20:45:00 - 03/04/2026 21:00:00","BZN|NL","Without Sequence","94.56","",""
"03/04/2026 21:00:00 - 03/04/2026 21:15:00","BZN|NL","Without Sequence","94.70","",""
"03/04/2026 21:15:00 - 03/04/2026 21:30:00","BZN|NL","Without Sequence","88.70","",""
"03/04/2026 21:30:00 - 03/04/2026 21:45:00","BZN|NL","Without Sequence","75.96","",""
"03/04/2026 21:45:00 - 03/04/2026 22:00:00","BZN|NL","Without Sequence","63.84","",""
"03/04/2026 22:00:00 - 03/04/2026 22:15:00","BZN|NL","Without Sequence","27.58","",""
"03/04/2026 22:15:00 - 03/04/2026 22:30:00","BZN|NL","Without Sequence","17.79","",""
"03/04/2026 22:30:00 - 03/04/2026 22:45:00","BZN|NL","Without Sequence","13.51","",""
"03/04/2026 22:45:00 - 03/04/2026 23:00:00","BZN|NL","Without Sequence","9.90","",""
"03/04/2026 23:00:00 - 03/04/2026 23:15:00","BZN|NL","Without Sequence","23.84","",""
"03/04/2026 23:15:00 - 03/04/2026 23:30:00","BZN|NL","Without Sequence","18.08","",""
"03/04/2026 23:30:00 - 03/04/2026 23:45:00","BZN|NL","Without Sequence","16.83","",""
"03/04/2026 23:45:00 - 04/04/2026 00:00:00","BZN|NL","Without Sequence","13.38","",""
"04/04/2026 00:00:00 - 04/04/2026 00:15:00","BZN|NL","Without Sequence","18.01","",""
"04/04/2026 00:15:00 - 04/04/2026 00:30:00","BZN|NL","Without Sequence","20.00","",""
"04/04/2026 00:30:00 - 04/04/2026 00:45:00","BZN|NL","Without Sequence","19.79","",""
"04/04/2026 00:45:00 - 04/04/2026 01:00:00","BZN|NL","Without Sequence","17.42","",""
"04/04/2026 01:00:00 - 04/04/2026 01:15:00","BZN|NL","Without Sequence","27.37","",""
"04/04/2026 01:15:00 - 04/04/2026 01:30:00","BZN|NL","Without Sequence","47.23","",""
"04/04/2026 01:30:00 - 04/04/2026 01:45:00","BZN|NL","Without Sequence","50.10","",""
"04/04/2026 01:45:00 - 04/04/2026 02:00:00","BZN|NL","Without Sequence","52.92","",""
"04/04/2026 02:00:00 - 04/04/2026 02:15:00","BZN|NL","Without Sequence","43.69","",""
"04/04/2026 02:15:00 - 04/04/2026 02:30:00","BZN|NL","Without Sequence","59.91","",""
"04/04/2026 02:30:00 - 04/04/2026 02:45:00","BZN|NL","Without Sequence","61.50","",""
"04/04/2026 02:45:00 - 04/04/2026 03:00:00","BZN|NL","Without Sequence","71.46","",""
"04/04/2026 03:00:00 - 04/04/2026 03:15:00","BZN|NL","Without Sequence","47.36","",""
"04/04/2026 03:15:00 - 04/04/2026 03:30:00","BZN|NL","Without Sequence","66.84","",""
"04/04/2026 03:30:00 - 04/04/2026 03:45:00","BZN|NL","Without Sequence","74.93","",""
"04/04/2026 03:45:00 - 04/04/2026 04:00:00","BZN|NL","Without Sequence","135.10","",""
"04/04/2026 04:00:00 - 04/04/2026 04:15:00","BZN|NL","Without Sequence","65.55","",""
"04/04/2026 04:15:00 - 04/04/2026 04:30:00","BZN|NL","Without Sequence","93.40","",""
"04/04/2026 04:30:00 - 04/04/2026 04:45:00","BZN|NL","Without Sequence","118.36","",""
"04/04/2026 04:45:00 - 04/04/2026 05:00:00","BZN|NL","Without Sequence","230.10","",""
"04/04/2026 05:00:00 - 04/04/2026 05:15:00","BZN|NL","Without Sequence","139.18","",""
"04/04/2026 05:15:00 - 04/04/2026 05:30:00","BZN|NL","Without Sequence","210.43","",""
"04/04/2026 05:30:00 - 04/04/2026 05:45:00","BZN|NL","Without Sequence","250.57","",""
"04/04/2026 05:45:00 - 04/04/2026 06:00:00","BZN|NL","Without Sequence","259.82","",""
"04/04/2026 06:00:00 - 04/04/2026 06:15:00","BZN|NL","Without Sequence","301.18","",""
"04/04/2026 06:15:00 - 04/04/2026 06:30:00","BZN|NL","Without Sequence","157.15","",""
"04/04/2026 06:30:00 - 04/04/2026 06:45:00","BZN|NL","Without Sequence","128.83","",""
"04/04/2026 06:45:00 - 04/04/2026 07:00:00","BZN|NL","Without Sequence","97.23","",""
"04/04/2026 07:00:00 - 04/04/2026 07:15:00","BZN|NL","Without Sequence","262.04","",""
"04/04/2026 07:15:00 - 04/04/2026 07:30:00","BZN|NL","Without Sequence","148.24","",""
"04/04/2026 07:30:00 - 04/04/2026 07:45:00","BZN|NL","Without Sequence","104.67","",""
"04/04/2026 07:45:00 - 04/04/2026 08:00:00","BZN|NL","Without Sequence","69.05","",""
"04/04/2026 08:00:00 - 04/04/2026 08:15:00","BZN|NL","Without Sequence","167.48","",""
"04/04/2026 08:15:00 - 04/04/2026 08:30:00","BZN|NL","Without Sequence","100.00","",""
"04/04/2026 08:30:00 - 04/04/2026 08:45:00","BZN|NL","Without Sequence","80.10","",""
"04/04/2026 08:45:00 - 04/04/2026 09:00:00","BZN|NL","Without Sequence","65.62","",""
"04/04/2026 09:00:00 - 04/04/2026 09:15:00","BZN|NL","Without Sequence","75.10","",""
"04/04/2026 09:15:00 - 04/04/2026 09:30:00","BZN|NL","Without Sequence","63.60","",""
"04/04/2026 09:30:00 - 04/04/2026 09:45:00","BZN|NL","Without Sequence","39.59","",""
"04/04/2026 09:45:00 - 04/04/2026 10:00:00","BZN|NL","Without Sequence","11.35","",""
"04/04/2026 10:00:00 - 04/04/2026 10:15:00","BZN|NL","Without Sequence","34.60","",""
"04/04/2026 10:15:00 - 04/04/2026 10:30:00","BZN|NL","Without Sequence","20.00","",""
"04/04/2026 10:30:00 - 04/04/2026 10:45:00","BZN|NL","Without Sequence","5.61","",""
"04/04/2026 10:45:00 - 04/04/2026 11:00:00","BZN|NL","Without Sequence","0.82","",""
"04/04/2026 11:00:00 - 04/04/2026 11:15:00","BZN|NL","Without Sequence","0.23","",""
"04/04/2026 11:15:00 - 04/04/2026 11:30:00","BZN|NL","Without Sequence","0.15","",""
"04/04/2026 11:30:00 - 04/04/2026 11:45:00","BZN|NL","Without Sequence","0.09","",""
"04/04/2026 11:45:00 - 04/04/2026 12:00:00","BZN|NL","Without Sequence","0.04","",""
"04/04/2026 12:00:00 - 04/04/2026 12:15:00","BZN|NL","Without Sequence","0.11","",""
"04/04/2026 12:15:00 - 04/04/2026 12:30:00","BZN|NL","Without Sequence","0.10","",""
"04/04/2026 12:30:00 - 04/04/2026 12:45:00","BZN|NL","Without Sequence","0.10","",""
"04/04/2026 12:45:00 - 04/04/2026 13:00:00","BZN|NL","Without Sequence","0.10","",""
"04/04/2026 13:00:00 - 04/04/2026 13:15:00","BZN|NL","Without Sequence","0.00","",""
"04/04/2026 13:15:00 - 04/04/2026 13:30:00","BZN|NL","Without Sequence","0.00","",""
"04/04/2026 13:30:00 - 04/04/2026 13:45:00","BZN|NL","Without Sequence","0.00","",""
"04/04/2026 13:45:00 - 04/04/2026 14:00:00","BZN|NL","Without Sequence","0.11","",""
"04/04/2026 14:00:00 - 04/04/2026 14:15:00","BZN|NL","Without Sequence","-0.44","",""
"04/04/2026 14:15:00 - 04/04/2026 14:30:00","BZN|NL","Without Sequence","2.33","",""
"04/04/2026 14:30:00 - 04/04/2026 14:45:00","BZN|NL","Without Sequence","5.56","",""
"04/04/2026 14:45:00 - 04/04/2026 15:00:00","BZN|NL","Without Sequence","33.39","",""
"04/04/2026 15:00:00 - 04/04/2026 15:15:00","BZN|NL","Without Sequence","11.62","",""
"04/04/2026 15:15:00 - 04/04/2026 15:30:00","BZN|NL","Without Sequence","41.64","",""
"04/04/2026 15:30:00 - 04/04/2026 15:45:00","BZN|NL","Without Sequence","79.16","",""
"04/04/2026 15:45:00 - 04/04/2026 16:00:00","BZN|NL","Without Sequence","85.78","",""
"04/04/2026 16:00:00 - 04/04/2026 16:15:00","BZN|NL","Without Sequence","52.85","",""
"04/04/2026 16:15:00 - 04/04/2026 16:30:00","BZN|NL","Without Sequence","80.10","",""
"04/04/2026 16:30:00 - 04/04/2026 16:45:00","BZN|NL","Without Sequence","103.59","",""
"04/04/2026 16:45:00 - 04/04/2026 17:00:00","BZN|NL","Without Sequence","140.31","",""
"04/04/2026 17:00:00 - 04/04/2026 17:15:00","BZN|NL","Without Sequence","110.30","",""
"04/04/2026 17:15:00 - 04/04/2026 17:30:00","BZN|NL","Without Sequence","120.11","",""
"04/04/2026 17:30:00 - 04/04/2026 17:45:00","BZN|NL","Without Sequence","147.16","",""
"04/04/2026 17:45:00 - 04/04/2026 18:00:00","BZN|NL","Without Sequence","150.00","",""
"04/04/2026 18:00:00 - 04/04/2026 18:15:00","BZN|NL","Without Sequence","155.95","",""
"04/04/2026 18:15:00 - 04/04/2026 18:30:00","BZN|NL","Without Sequence","122.43","",""
"04/04/2026 18:30:00 - 04/04/2026 18:45:00","BZN|NL","Without Sequence","115.86","",""
"04/04/2026 18:45:00 - 04/04/2026 19:00:00","BZN|NL","Without Sequence","97.04","",""
"04/04/2026 19:00:00 - 04/04/2026 19:15:00","BZN|NL","Without Sequence","121.89","",""
"04/04/2026 19:15:00 - 04/04/2026 19:30:00","BZN|NL","Without Sequence","95.35","",""
"04/04/2026 19:30:00 - 04/04/2026 19:45:00","BZN|NL","Without Sequence","88.39","",""
"04/04/2026 19:45:00 - 04/04/2026 20:00:00","BZN|NL","Without Sequence","68.73","",""
"04/04/2026 20:00:00 - 04/04/2026 20:15:00","BZN|NL","Without Sequence","100.48","",""
"04/04/2026 20:15:00 - 04/04/2026 20:30:00","BZN|NL","Without Sequence","70.96","",""
"04/04/2026 20:30:00 - 04/04/2026 20:45:00","BZN|NL","Without Sequence","63.60","",""
"04/04/2026 20:45:00 - 04/04/2026 21:00:00","BZN|NL","Without Sequence","52.47","",""
"04/04/2026 21:00:00 - 04/04/2026 21:15:00","BZN|NL","Without Sequence","64.97","",""
"04/04/2026 21:15:00 - 04/04/2026 21:30:00","BZN|NL","Without Sequence","42.40","",""
"04/04/2026 21:30:00 - 04/04/2026 21:45:00","BZN|NL","Without Sequence","35.10","",""
"04/04/2026 21:45:00 - 04/04/2026 22:00:00","BZN|NL","Without Sequence","22.05","",""
"04/04/2026 22:00:00 - 04/04/2026 22:15:00","BZN|NL","Without Sequence","0.62","",""
"04/04/2026 22:15:00 - 04/04/2026 22:30:00","BZN|NL","Without Sequence","1.22","",""
"04/04/2026 22:30:00 - 04/04/2026 22:45:00","BZN|NL","Without Sequence","-0.74","",""
"04/04/2026 22:45:00 - 04/04/2026 23:00:00","BZN|NL","Without Sequence","-0.07","",""
"04/04/2026 23:00:00 - 04/04/2026 23:15:00","BZN|NL","Without Sequence","0.10","",""
"04/04/2026 23:15:00 - 04/04/2026 23:30:00","BZN|NL","Without Sequence","0.00","",""
"04/04/2026 23:30:00 - 04/04/2026 23:45:00","BZN|NL","Without Sequence","-0.02","",""
"04/04/2026 23:45:00 - 05/04/2026 00:00:00","BZN|NL","Without Sequence","-0.32","",""
"05/04/2026 00:00:00 - 05/04/2026 00:15:00","BZN|NL","Without Sequence","-1.42","",""
"05/04/2026 00:15:00 - 05/04/2026 00:30:00","BZN|NL","Without Sequence","-0.78","",""
"05/04/2026 00:30:00 - 05/04/2026 00:45:00","BZN|NL","Without Sequence","-0.37","",""
"05/04/2026 00:45:00 - 05/04/2026 01:00:00","BZN|NL","Without Sequence","-1.05","",""
"05/04/2026 01:00:00 - 05/04/2026 01:15:00","BZN|NL","Without Sequence","-0.71","",""
"05/04/2026 01:15:00 - 05/04/2026 01:30:00","BZN|NL","Without Sequence","-1.15","",""
"05/04/2026 01:30:00 - 05/04/2026 01:45:00","BZN|NL","Without Sequence","-1.68","",""
"05/04/2026 01:45:00 - 05/04/2026 02:00:00","BZN|NL","Without Sequence","-2.01","",""
"05/04/2026 02:00:00 - 05/04/2026 02:15:00","BZN|NL","Without Sequence","-1.05","",""
"05/04/2026 02:15:00 - 05/04/2026 02:30:00","BZN|NL","Without Sequence","-1.99","",""
"05/04/2026 02:30:00 - 05/04/2026 02:45:00","BZN|NL","Without Sequence","-1.40","",""
"05/04/2026 02:45:00 - 05/04/2026 03:00:00","BZN|NL","Without Sequence","-1.95","",""
"05/04/2026 03:00:00 - 05/04/2026 03:15:00","BZN|NL","Without Sequence","-1.91","",""
"05/04/2026 03:15:00 - 05/04/2026 03:30:00","BZN|NL","Without Sequence","-1.97","",""
"05/04/2026 03:30:00 - 05/04/2026 03:45:00","BZN|NL","Without Sequence","-2.02","",""
"05/04/2026 03:45:00 - 05/04/2026 04:00:00","BZN|NL","Without Sequence","-2.04","",""
"05/04/2026 04:00:00 - 05/04/2026 04:15:00","BZN|NL","Without Sequence","-2.04","",""
"05/04/2026 04:15:00 - 05/04/2026 04:30:00","BZN|NL","Without Sequence","-2.04","",""
"05/04/2026 04:30:00 - 05/04/2026 04:45:00","BZN|NL","Without Sequence","-2.05","",""
"05/04/2026 04:45:00 - 05/04/2026 05:00:00","BZN|NL","Without Sequence","-1.90","",""
"05/04/2026 05:00:00 - 05/04/2026 05:15:00","BZN|NL","Without Sequence","-0.10","",""
"05/04/2026 05:15:00 - 05/04/2026 05:30:00","BZN|NL","Without Sequence","-0.75","",""
"05/04/2026 05:30:00 - 05/04/2026 05:45:00","BZN|NL","Without Sequence","-0.44","",""
"05/04/2026 05:45:00 - 05/04/2026 06:00:00","BZN|NL","Without Sequence","-1.52","",""
"05/04/2026 06:00:00 - 05/04/2026 06:15:00","BZN|NL","Without Sequence","0.07","",""
"05/04/2026 06:15:00 - 05/04/2026 06:30:00","BZN|NL","Without Sequence","-0.76","",""
"05/04/2026 06:30:00 - 05/04/2026 06:45:00","BZN|NL","Without Sequence","-1.00","",""
"05/04/2026 06:45:00 - 05/04/2026 07:00:00","BZN|NL","Without Sequence","-1.52","",""
"05/04/2026 07:00:00 - 05/04/2026 07:15:00","BZN|NL","Without Sequence","-0.10","",""
"05/04/2026 07:15:00 - 05/04/2026 07:30:00","BZN|NL","Without Sequence","-1.40","",""
"05/04/2026 07:30:00 - 05/04/2026 07:45:00","BZN|NL","Without Sequence","-2.00","",""
"05/04/2026 07:45:00 - 05/04/2026 08:00:00","BZN|NL","Without Sequence","-2.04","",""
"05/04/2026 08:00:00 - 05/04/2026 08:15:00","BZN|NL","Without Sequence","-2.07","",""
"05/04/2026 08:15:00 - 05/04/2026 08:30:00","BZN|NL","Without Sequence","-2.51","",""
"05/04/2026 08:30:00 - 05/04/2026 08:45:00","BZN|NL","Without Sequence","-3.72","",""
"05/04/2026 08:45:00 - 05/04/2026 09:00:00","BZN|NL","Without Sequence","-7.70","",""
"05/04/2026 09:00:00 - 05/04/2026 09:15:00","BZN|NL","Without Sequence","-3.49","",""
"05/04/2026 09:15:00 - 05/04/2026 09:30:00","BZN|NL","Without Sequence","-7.91","",""
"05/04/2026 09:30:00 - 05/04/2026 09:45:00","BZN|NL","Without Sequence","-9.90","",""
"05/04/2026 09:45:00 - 05/04/2026 10:00:00","BZN|NL","Without Sequence","-10.70","",""
"05/04/2026 10:00:00 - 05/04/2026 10:15:00","BZN|NL","Without Sequence","-11.80","",""
"05/04/2026 10:15:00 - 05/04/2026 10:30:00","BZN|NL","Without Sequence","-11.80","",""
"05/04/2026 10:30:00 - 05/04/2026 10:45:00","BZN|NL","Without Sequence","-12.01","",""
"05/04/2026 10:45:00 - 05/04/2026 11:00:00","BZN|NL","Without Sequence","-22.37","",""
"05/04/2026 11:00:00 - 05/04/2026 11:15:00","BZN|NL","Without Sequence","-15.12","",""
"05/04/2026 11:15:00 - 05/04/2026 11:30:00","BZN|NL","Without Sequence","-23.04","",""
"05/04/2026 11:30:00 - 05/04/2026 11:45:00","BZN|NL","Without Sequence","-30.12","",""
"05/04/2026 11:45:00 - 05/04/2026 12:00:00","BZN|NL","Without Sequence","-40.52","",""
"05/04/2026 12:00:00 - 05/04/2026 12:15:00","BZN|NL","Without Sequence","-47.01","",""
"05/04/2026 12:15:00 - 05/04/2026 12:30:00","BZN|NL","Without Sequence","-51.00","",""
"05/04/2026 12:30:00 - 05/04/2026 12:45:00","BZN|NL","Without Sequence","-52.04","",""
"05/04/2026 12:45:00 - 05/04/2026 13:00:00","BZN|NL","Without Sequence","-51.67","",""
"05/04/2026 13:00:00 - 05/04/2026 13:15:00","BZN|NL","Without Sequence","-53.17","",""
"05/04/2026 13:15:00 - 05/04/2026 13:30:00","BZN|NL","Without Sequence","-52.62","",""
"05/04/2026 13:30:00 - 05/04/2026 13:45:00","BZN|NL","Without Sequence","-50.00","",""
"05/04/2026 13:45:00 - 05/04/2026 14:00:00","BZN|NL","Without Sequence","-44.01","",""
"05/04/2026 14:00:00 - 05/04/2026 14:15:00","BZN|NL","Without Sequence","-49.54","",""
"05/04/2026 14:15:00 - 05/04/2026 14:30:00","BZN|NL","Without Sequence","-29.62","",""
"05/04/2026 14:30:00 - 05/04/2026 14:45:00","BZN|NL","Without Sequence","-24.63","",""
"05/04/2026 14:45:00 - 05/04/2026 15:00:00","BZN|NL","Without Sequence","-14.22","",""
"05/04/2026 15:00:00 - 05/04/2026 15:15:00","BZN|NL","Without Sequence","-11.09","",""
"05/04/2026 15:15:00 - 05/04/2026 15:30:00","BZN|NL","Without Sequence","-5.00","",""
"05/04/2026 15:30:00 - 05/04/2026 15:45:00","BZN|NL","Without Sequence","-2.35","",""
"05/04/2026 15:45:00 - 05/04/2026 16:00:00","BZN|NL","Without Sequence","-0.21","",""
"05/04/2026 16:00:00 - 05/04/2026 16:15:00","BZN|NL","Without Sequence","-2.04","",""
"05/04/2026 16:15:00 - 05/04/2026 16:30:00","BZN|NL","Without Sequence","-0.14","",""
"05/04/2026 16:30:00 - 05/04/2026 16:45:00","BZN|NL","Without Sequence","1.15","",""
"05/04/2026 16:45:00 - 05/04/2026 17:00:00","BZN|NL","Without Sequence","4.08","",""
"05/04/2026 17:00:00 - 05/04/2026 17:15:00","BZN|NL","Without Sequence","9.99","",""
"05/04/2026 17:15:00 - 05/04/2026 17:30:00","BZN|NL","Without Sequence","53.95","",""
"05/04/2026 17:30:00 - 05/04/2026 17:45:00","BZN|NL","Without Sequence","79.49","",""
"05/04/2026 17:45:00 - 05/04/2026 18:00:00","BZN|NL","Without Sequence","112.79","",""
"05/04/2026 18:00:00 - 05/04/2026 18:15:00","BZN|NL","Without Sequence","100.83","",""
"05/04/2026 18:15:00 - 05/04/2026 18:30:00","BZN|NL","Without Sequence","116.67","",""
"05/04/2026 18:30:00 - 05/04/2026 18:45:00","BZN|NL","Without Sequence","109.20","",""
"05/04/2026 18:45:00 - 05/04/2026 19:00:00","BZN|NL","Without Sequence","130.10","",""
"05/04/2026 19:00:00 - 05/04/2026 19:15:00","BZN|NL","Without Sequence","144.89","",""
"05/04/2026 19:15:00 - 05/04/2026 19:30:00","BZN|NL","Without Sequence","129.72","",""
"05/04/2026 19:30:00 - 05/04/2026 19:45:00","BZN|NL","Without Sequence","125.93","",""
"05/04/2026 19:45:00 - 05/04/2026 20:00:00","BZN|NL","Without Sequence","119.46","",""
"05/04/2026 20:00:00 - 05/04/2026 20:15:00","BZN|NL","Without Sequence","126.53","",""
"05/04/2026 20:15:00 - 05/04/2026 20:30:00","BZN|NL","Without Sequence","125.48","",""
"05/04/2026 20:30:00 - 05/04/2026 20:45:00","BZN|NL","Without Sequence","122.59","",""
"05/04/2026 20:45:00 - 05/04/2026 21:00:00","BZN|NL","Without Sequence","118.23","",""
"05/04/2026 21:00:00 - 05/04/2026 21:15:00","BZN|NL","Without Sequence","123.68","",""
"05/04/2026 21:15:00 - 05/04/2026 21:30:00","BZN|NL","Without Sequence","113.56","",""
"05/04/2026 21:30:00 - 05/04/2026 21:45:00","BZN|NL","Without Sequence","115.00","",""
"05/04/2026 21:45:00 - 05/04/2026 22:00:00","BZN|NL","Without Sequence","102.20","",""
"05/04/2026 22:00:00 - 05/04/2026 22:15:00","BZN|NL","Without Sequence","116.52","",""
"05/04/2026 22:15:00 - 05/04/2026 22:30:00","BZN|NL","Without Sequence","110.56","",""
"05/04/2026 22:30:00 - 05/04/2026 22:45:00","BZN|NL","Without Sequence","93.98","",""
"05/04/2026 22:45:00 - 05/04/2026 23:00:00","BZN|NL","Without Sequence","90.77","",""
"05/04/2026 23:00:00 - 05/04/2026 23:15:00","BZN|NL","Without Sequence","110.77","",""
"05/04/2026 23:15:00 - 05/04/2026 23:30:00","BZN|NL","Without Sequence","90.91","",""
"05/04/2026 23:30:00 - 05/04/2026 23:45:00","BZN|NL","Without Sequence","81.79","",""
"05/04/2026 23:45:00 - 06/04/2026 00:00:00","BZN|NL","Without Sequence","79.55","",""
"06/04/2026 00:00:00 - 06/04/2026 00:15:00","BZN|NL","Without Sequence","96.77","",""
"06/04/2026 00:15:00 - 06/04/2026 00:30:00","BZN|NL","Without Sequence","94.61","",""
"06/04/2026 00:30:00 - 06/04/2026 00:45:00","BZN|NL","Without Sequence","105.30","",""
"06/04/2026 00:45:00 - 06/04/2026 01:00:00","BZN|NL","Without Sequence","108.00","",""
"06/04/2026 01:00:00 - 06/04/2026 01:15:00","BZN|NL","Without Sequence","97.80","",""
"06/04/2026 01:15:00 - 06/04/2026 01:30:00","BZN|NL","Without Sequence","109.47","",""
"06/04/2026 01:30:00 - 06/04/2026 01:45:00","BZN|NL","Without Sequence","114.40","",""
"06/04/2026 01:45:00 - 06/04/2026 02:00:00","BZN|NL","Without Sequence","146.89","",""
"06/04/2026 02:00:00 - 06/04/2026 02:15:00","BZN|NL","Without Sequence","120.35","",""
"06/04/2026 02:15:00 - 06/04/2026 02:30:00","BZN|NL","Without Sequence","152.25","",""
"06/04/2026 02:30:00 - 06/04/2026 02:45:00","BZN|NL","Without Sequence","163.40","",""
"06/04/2026 02:45:00 - 06/04/2026 03:00:00","BZN|NL","Without Sequence","169.41","",""
"06/04/2026 03:00:00 - 06/04/2026 03:15:00","BZN|NL","Without Sequence","111.53","",""
"06/04/2026 03:15:00 - 06/04/2026 03:30:00","BZN|NL","Without Sequence","127.24","",""
"06/04/2026 03:30:00 - 06/04/2026 03:45:00","BZN|NL","Without Sequence","153.19","",""
"06/04/2026 03:45:00 - 06/04/2026 04:00:00","BZN|NL","Without Sequence","169.00","",""
"06/04/2026 04:00:00 - 06/04/2026 04:15:00","BZN|NL","Without Sequence","114.00","",""
"06/04/2026 04:15:00 - 06/04/2026 04:30:00","BZN|NL","Without Sequence","135.60","",""
"06/04/2026 04:30:00 - 06/04/2026 04:45:00","BZN|NL","Without Sequence","149.94","",""
"06/04/2026 04:45:00 - 06/04/2026 05:00:00","BZN|NL","Without Sequence","148.46","",""
"06/04/2026 05:00:00 - 06/04/2026 05:15:00","BZN|NL","Without Sequence","134.83","",""
"06/04/2026 05:15:00 - 06/04/2026 05:30:00","BZN|NL","Without Sequence","156.01","",""
"06/04/2026 05:30:00 - 06/04/2026 05:45:00","BZN|NL","Without Sequence","172.88","",""
"06/04/2026 05:45:00 - 06/04/2026 06:00:00","BZN|NL","Without Sequence","136.29","",""
"06/04/2026 06:00:00 - 06/04/2026 06:15:00","BZN|NL","Without Sequence","243.59","",""
"06/04/2026 06:15:00 - 06/04/2026 06:30:00","BZN|NL","Without Sequence","131.34","",""
"06/04/2026 06:30:00 - 06/04/2026 06:45:00","BZN|NL","Without Sequence","102.63","",""
"06/04/2026 06:45:00 - 06/04/2026 07:00:00","BZN|NL","Without Sequence","62.87","",""
"06/04/2026 07:00:00 - 06/04/2026 07:15:00","BZN|NL","Without Sequence","117.89","",""
"06/04/2026 07:15:00 - 06/04/2026 07:30:00","BZN|NL","Without Sequence","86.26","",""
"06/04/2026 07:30:00 - 06/04/2026 07:45:00","BZN|NL","Without Sequence","41.63","",""
"06/04/2026 07:45:00 - 06/04/2026 08:00:00","BZN|NL","Without Sequence","27.23","",""
"06/04/2026 08:00:00 - 06/04/2026 08:15:00","BZN|NL","Without Sequence","33.73","",""
"06/04/2026 08:15:00 - 06/04/2026 08:30:00","BZN|NL","Without Sequence","1.11","",""
"06/04/2026 08:30:00 - 06/04/2026 08:45:00","BZN|NL","Without Sequence","-0.10","",""
"06/04/2026 08:45:00 - 06/04/2026 09:00:00","BZN|NL","Without Sequence","-2.08","",""
"06/04/2026 09:00:00 - 06/04/2026 09:15:00","BZN|NL","Without Sequence","-5.08","",""
"06/04/2026 09:15:00 - 06/04/2026 09:30:00","BZN|NL","Without Sequence","-8.00","",""
"06/04/2026 09:30:00 - 06/04/2026 09:45:00","BZN|NL","Without Sequence","-9.90","",""
"06/04/2026 09:45:00 - 06/04/2026 10:00:00","BZN|NL","Without Sequence","-17.02","",""
"06/04/2026 10:00:00 - 06/04/2026 10:15:00","BZN|NL","Without Sequence","-25.00","",""
"06/04/2026 10:15:00 - 06/04/2026 10:30:00","BZN|NL","Without Sequence","-29.94","",""
"06/04/2026 10:30:00 - 06/04/2026 10:45:00","BZN|NL","Without Sequence","-30.00","",""
"06/04/2026 10:45:00 - 06/04/2026 11:00:00","BZN|NL","Without Sequence","-35.06","",""
"06/04/2026 11:00:00 - 06/04/2026 11:15:00","BZN|NL","Without Sequence","-51.40","",""
"06/04/2026 11:15:00 - 06/04/2026 11:30:00","BZN|NL","Without Sequence","-53.80","",""
"06/04/2026 11:30:00 - 06/04/2026 11:45:00","BZN|NL","Without Sequence","-59.99","",""
"06/04/2026 11:45:00 - 06/04/2026 12:00:00","BZN|NL","Without Sequence","-56.08","",""
"06/04/2026 12:00:00 - 06/04/2026 12:15:00","BZN|NL","Without Sequence","-63.00","",""
"06/04/2026 12:15:00 - 06/04/2026 12:30:00","BZN|NL","Without Sequence","-57.17","",""
"06/04/2026 12:30:00 - 06/04/2026 12:45:00","BZN|NL","Without Sequence","-56.00","",""
"06/04/2026 12:45:00 - 06/04/2026 13:00:00","BZN|NL","Without Sequence","-51.23","",""
"06/04/2026 13:00:00 - 06/04/2026 13:15:00","BZN|NL","Without Sequence","-65.00","",""
"06/04/2026 13:15:00 - 06/04/2026 13:30:00","BZN|NL","Without Sequence","-55.00","",""
"06/04/2026 13:30:00 - 06/04/2026 13:45:00","BZN|NL","Without Sequence","-50.00","",""
"06/04/2026 13:45:00 - 06/04/2026 14:00:00","BZN|NL","Without Sequence","-30.00","",""
"06/04/2026 14:00:00 - 06/04/2026 14:15:00","BZN|NL","Without Sequence","-8.00","",""
"06/04/2026 14:15:00 - 06/04/2026 14:30:00","BZN|NL","Without Sequence","-3.40","",""
"06/04/2026 14:30:00 - 06/04/2026 14:45:00","BZN|NL","Without Sequence","-0.10","",""
"06/04/2026 14:45:00 - 06/04/2026 15:00:00","BZN|NL","Without Sequence","1.52","",""
"06/04/2026 15:00:00 - 06/04/2026 15:15:00","BZN|NL","Without Sequence","0.00","",""
"06/04/2026 15:15:00 - 06/04/2026 15:30:00","BZN|NL","Without Sequence","20.08","",""
"06/04/2026 15:30:00 - 06/04/2026 15:45:00","BZN|NL","Without Sequence","70.10","",""
"06/04/2026 15:45:00 - 06/04/2026 16:00:00","BZN|NL","Without Sequence","169.82","",""
"06/04/2026 16:00:00 - 06/04/2026 16:15:00","BZN|NL","Without Sequence","49.98","",""
"06/04/2026 16:15:00 - 06/04/2026 16:30:00","BZN|NL","Without Sequence","97.60","",""
"06/04/2026 16:30:00 - 06/04/2026 16:45:00","BZN|NL","Without Sequence","137.34","",""
"06/04/2026 16:45:00 - 06/04/2026 17:00:00","BZN|NL","Without Sequence","224.00","",""
"06/04/2026 17:00:00 - 06/04/2026 17:15:00","BZN|NL","Without Sequence","106.30","",""
"06/04/2026 17:15:00 - 06/04/2026 17:30:00","BZN|NL","Without Sequence","161.46","",""
"06/04/2026 17:30:00 - 06/04/2026 17:45:00","BZN|NL","Without Sequence","149.77","",""
"06/04/2026 17:45:00 - 06/04/2026 18:00:00","BZN|NL","Without Sequence","247.11","",""
"06/04/2026 18:00:00 - 06/04/2026 18:15:00","BZN|NL","Without Sequence","149.35","",""
"06/04/2026 18:15:00 - 06/04/2026 18:30:00","BZN|NL","Without Sequence","164.39","",""
"06/04/2026 18:30:00 - 06/04/2026 18:45:00","BZN|NL","Without Sequence","160.93","",""
"06/04/2026 18:45:00 - 06/04/2026 19:00:00","BZN|NL","Without Sequence","150.10","",""
"06/04/2026 19:00:00 - 06/04/2026 19:15:00","BZN|NL","Without Sequence","193.75","",""
"06/04/2026 19:15:00 - 06/04/2026 19:30:00","BZN|NL","Without Sequence","155.96","",""
"06/04/2026 19:30:00 - 06/04/2026 19:45:00","BZN|NL","Without Sequence","137.20","",""
"06/04/2026 19:45:00 - 06/04/2026 20:00:00","BZN|NL","Without Sequence","113.08","",""
"06/04/2026 20:00:00 - 06/04/2026 20:15:00","BZN|NL","Without Sequence","125.05","",""
"06/04/2026 20:15:00 - 06/04/2026 20:30:00","BZN|NL","Without Sequence","117.52","",""
"06/04/2026 20:30:00 - 06/04/2026 20:45:00","BZN|NL","Without Sequence","115.70","",""
"06/04/2026 20:45:00 - 06/04/2026 21:00:00","BZN|NL","Without Sequence","111.74","",""
"06/04/2026 21:00:00 - 06/04/2026 21:15:00","BZN|NL","Without Sequence","116.88","",""
"06/04/2026 21:15:00 - 06/04/2026 21:30:00","BZN|NL","Without Sequence","115.15","",""
"06/04/2026 21:30:00 - 06/04/2026 21:45:00","BZN|NL","Without Sequence","107.18","",""
"06/04/2026 21:45:00 - 06/04/2026 22:00:00","BZN|NL","Without Sequence","101.19","",""
"06/04/2026 22:00:00 - 06/04/2026 22:15:00","BZN|NL","Without Sequence","107.54","",""
"06/04/2026 22:15:00 - 06/04/2026 22:30:00","BZN|NL","Without Sequence","107.23","",""
"06/04/2026 22:30:00 - 06/04/2026 22:45:00","BZN|NL","Without Sequence","107.19","",""
"06/04/2026 22:45:00 - 06/04/2026 23:00:00","BZN|NL","Without Sequence","103.64","",""
"06/04/2026 23:00:00 - 06/04/2026 23:15:00","BZN|NL","Without Sequence","104.28","",""
"06/04/2026 23:15:00 - 06/04/2026 23:30:00","BZN|NL","Without Sequence","101.65","",""
"06/04/2026 23:30:00 - 06/04/2026 23:45:00","BZN|NL","Without Sequence","100.29","",""
"06/04/2026 23:45:00 - 07/04/2026 00:00:00","BZN|NL","Without Sequence","98.23","",""
"07/04/2026 00:00:00 - 07/04/2026 00:15:00","BZN|NL","Without Sequence","102.06","",""
"07/04/2026 00:15:00 - 07/04/2026 00:30:00","BZN|NL","Without Sequence","101.61","",""
"07/04/2026 00:30:00 - 07/04/2026 00:45:00","BZN|NL","Without Sequence","100.91","",""
"07/04/2026 00:45:00 - 07/04/2026 01:00:00","BZN|NL","Without Sequence","100.60","",""
"07/04/2026 01:00:00 - 07/04/2026 01:15:00","BZN|NL","Without Sequence","101.58","",""
"07/04/2026 01:15:00 - 07/04/2026 01:30:00","BZN|NL","Without Sequence","101.27","",""
"07/04/2026 01:30:00 - 07/04/2026 01:45:00","BZN|NL","Without Sequence","101.87","",""
"07/04/2026 01:45:00 - 07/04/2026 02:00:00","BZN|NL","Without Sequence","100.86","",""
"07/04/2026 02:00:00 - 07/04/2026 02:15:00","BZN|NL","Without Sequence","102.71","",""
"07/04/2026 02:15:00 - 07/04/2026 02:30:00","BZN|NL","Without Sequence","103.31","",""
"07/04/2026 02:30:00 - 07/04/2026 02:45:00","BZN|NL","Without Sequence","103.50","",""
"07/04/2026 02:45:00 - 07/04/2026 03:00:00","BZN|NL","Without Sequence","108.49","",""
"07/04/2026 03:00:00 - 07/04/2026 03:15:00","BZN|NL","Without Sequence","103.01","",""
"07/04/2026 03:15:00 - 07/04/2026 03:30:00","BZN|NL","Without Sequence","103.50","",""
"07/04/2026 03:30:00 - 07/04/2026 03:45:00","BZN|NL","Without Sequence","117.03","",""
"07/04/2026 03:45:00 - 07/04/2026 04:00:00","BZN|NL","Without Sequence","121.77","",""
"07/04/2026 04:00:00 - 07/04/2026 04:15:00","BZN|NL","Without Sequence","111.50","",""
"07/04/2026 04:15:00 - 07/04/2026 04:30:00","BZN|NL","Without Sequence","127.68","",""
"07/04/2026 04:30:00 - 07/04/2026 04:45:00","BZN|NL","Without Sequence","137.10","",""
"07/04/2026 04:45:00 - 07/04/2026 05:00:00","BZN|NL","Without Sequence","154.20","",""
"07/04/2026 05:00:00 - 07/04/2026 05:15:00","BZN|NL","Without Sequence","195.21","",""
"07/04/2026 05:15:00 - 07/04/2026 05:30:00","BZN|NL","Without Sequence","210.26","",""
"07/04/2026 05:30:00 - 07/04/2026 05:45:00","BZN|NL","Without Sequence","173.16","",""
"07/04/2026 05:45:00 - 07/04/2026 06:00:00","BZN|NL","Without Sequence","130.70","",""
"07/04/2026 06:00:00 - 07/04/2026 06:15:00","BZN|NL","Without Sequence","230.87","",""
"07/04/2026 06:15:00 - 07/04/2026 06:30:00","BZN|NL","Without Sequence","147.57","",""
"07/04/2026 06:30:00 - 07/04/2026 06:45:00","BZN|NL","Without Sequence","106.30","",""
"07/04/2026 06:45:00 - 07/04/2026 07:00:00","BZN|NL","Without Sequence","72.99","",""
"07/04/2026 07:00:00 - 07/04/2026 07:15:00","BZN|NL","Without Sequence","158.45","",""
"07/04/2026 07:15:00 - 07/04/2026 07:30:00","BZN|NL","Without Sequence","111.36","",""
"07/04/2026 07:30:00 - 07/04/2026 07:45:00","BZN|NL","Without Sequence","86.54","",""
"07/04/2026 07:45:00 - 07/04/2026 08:00:00","BZN|NL","Without Sequence","54.77","",""
"07/04/2026 08:00:00 - 07/04/2026 08:15:00","BZN|NL","Without Sequence","101.50","",""
"07/04/2026 08:15:00 - 07/04/2026 08:30:00","BZN|NL","Without Sequence","44.24","",""
"07/04/2026 08:30:00 - 07/04/2026 08:45:00","BZN|NL","Without Sequence","3.79","",""
"07/04/2026 08:45:00 - 07/04/2026 09:00:00","BZN|NL","Without Sequence","-0.01","",""
"07/04/2026 09:00:00 - 07/04/2026 09:15:00","BZN|NL","Without Sequence","1.06","",""
"07/04/2026 09:15:00 - 07/04/2026 09:30:00","BZN|NL","Without Sequence","0.00","",""
"07/04/2026 09:30:00 - 07/04/2026 09:45:00","BZN|NL","Without Sequence","-0.09","",""
"07/04/2026 09:45:00 - 07/04/2026 10:00:00","BZN|NL","Without Sequence","-1.00","",""
"07/04/2026 10:00:00 - 07/04/2026 10:15:00","BZN|NL","Without Sequence","-0.20","",""
"07/04/2026 10:15:00 - 07/04/2026 10:30:00","BZN|NL","Without Sequence","-1.99","",""
"07/04/2026 10:30:00 - 07/04/2026 10:45:00","BZN|NL","Without Sequence","-4.74","",""
"07/04/2026 10:45:00 - 07/04/2026 11:00:00","BZN|NL","Without Sequence","-5.11","",""
"07/04/2026 11:00:00 - 07/04/2026 11:15:00","BZN|NL","Without Sequence","-6.10","",""
"07/04/2026 11:15:00 - 07/04/2026 11:30:00","BZN|NL","Without Sequence","-9.90","",""
"07/04/2026 11:30:00 - 07/04/2026 11:45:00","BZN|NL","Without Sequence","-13.82","",""
"07/04/2026 11:45:00 - 07/04/2026 12:00:00","BZN|NL","Without Sequence","-14.77","",""
"07/04/2026 12:00:00 - 07/04/2026 12:15:00","BZN|NL","Without Sequence","-14.75","",""
"07/04/2026 12:15:00 - 07/04/2026 12:30:00","BZN|NL","Without Sequence","-14.34","",""
"07/04/2026 12:30:00 - 07/04/2026 12:45:00","BZN|NL","Without Sequence","-9.90","",""
"07/04/2026 12:45:00 - 07/04/2026 13:00:00","BZN|NL","Without Sequence","-5.08","",""
"07/04/2026 13:00:00 - 07/04/2026 13:15:00","BZN|NL","Without Sequence","-11.51","",""
"07/04/2026 13:15:00 - 07/04/2026 13:30:00","BZN|NL","Without Sequence","-4.24","",""
"07/04/2026 13:30:00 - 07/04/2026 13:45:00","BZN|NL","Without Sequence","-0.24","",""
"07/04/2026 13:45:00 - 07/04/2026 14:00:00","BZN|NL","Without Sequence","-0.01","",""
"07/04/2026 14:00:00 - 07/04/2026 14:15:00","BZN|NL","Without Sequence","-1.30","",""
"07/04/2026 14:15:00 - 07/04/2026 14:30:00","BZN|NL","Without Sequence","-0.01","",""
"07/04/2026 14:30:00 - 07/04/2026 14:45:00","BZN|NL","Without Sequence","0.01","",""
"07/04/2026 14:45:00 - 07/04/2026 15:00:00","BZN|NL","Without Sequence","14.90","",""
"07/04/2026 15:00:00 - 07/04/2026 15:15:00","BZN|NL","Without Sequence","10.52","",""
"07/04/2026 15:15:00 - 07/04/2026 15:30:00","BZN|NL","Without Sequence","63.08","",""
"07/04/2026 15:30:00 - 07/04/2026 15:45:00","BZN|NL","Without Sequence","92.86","",""
"07/04/2026 15:45:00 - 07/04/2026 16:00:00","BZN|NL","Without Sequence","127.14","",""
"07/04/2026 16:00:00 - 07/04/2026 16:15:00","BZN|NL","Without Sequence","85.65","",""
"07/04/2026 16:15:00 - 07/04/2026 16:30:00","BZN|NL","Without Sequence","117.96","",""
"07/04/2026 16:30:00 - 07/04/2026 16:45:00","BZN|NL","Without Sequence","133.46","",""
"07/04/2026 16:45:00 - 07/04/2026 17:00:00","BZN|NL","Without Sequence","185.34","",""
"07/04/2026 17:00:00 - 07/04/2026 17:15:00","BZN|NL","Without Sequence","140.61","",""
"07/04/2026 17:15:00 - 07/04/2026 17:30:00","BZN|NL","Without Sequence","170.68","",""
"07/04/2026 17:30:00 - 07/04/2026 17:45:00","BZN|NL","Without Sequence","208.62","",""
"07/04/2026 17:45:00 - 07/04/2026 18:00:00","BZN|NL","Without Sequence","219.82","",""
"07/04/2026 18:00:00 - 07/04/2026 18:15:00","BZN|NL","Without Sequence","218.57","",""
"07/04/2026 18:15:00 - 07/04/2026 18:30:00","BZN|NL","Without Sequence","205.47","",""
"07/04/2026 18:30:00 - 07/04/2026 18:45:00","BZN|NL","Without Sequence","166.16","",""
"07/04/2026 18:45:00 - 07/04/2026 19:00:00","BZN|NL","Without Sequence","140.02","",""
"07/04/2026 19:00:00 - 07/04/2026 19:15:00","BZN|NL","Without Sequence","166.96","",""
"07/04/2026 19:15:00 - 07/04/2026 19:30:00","BZN|NL","Without Sequence","144.32","",""
"07/04/2026 19:30:00 - 07/04/2026 19:45:00","BZN|NL","Without Sequence","135.59","",""
"07/04/2026 19:45:00 - 07/04/2026 20:00:00","BZN|NL","Without Sequence","118.45","",""
"07/04/2026 20:00:00 - 07/04/2026 20:15:00","BZN|NL","Without Sequence","130.77","",""
"07/04/2026 20:15:00 - 07/04/2026 20:30:00","BZN|NL","Without Sequence","124.55","",""
"07/04/2026 20:30:00 - 07/04/2026 20:45:00","BZN|NL","Without Sequence","126.03","",""
"07/04/2026 20:45:00 - 07/04/2026 21:00:00","BZN|NL","Without Sequence","116.97","",""
"07/04/2026 21:00:00 - 07/04/2026 21:15:00","BZN|NL","Without Sequence","123.57","",""
"07/04/2026 21:15:00 - 07/04/2026 21:30:00","BZN|NL","Without Sequence","113.83","",""
"07/04/2026 21:30:00 - 07/04/2026 21:45:00","BZN|NL","Without Sequence","111.00","",""
"07/04/2026 21:45:00 - 07/04/2026 22:00:00","BZN|NL","Without Sequence","108.83","",""
"07/04/2026 22:00:00 - 07/04/2026 22:15:00","BZN|NL","Without Sequence","111.99","",""
"07/04/2026 22:15:00 - 07/04/2026 22:30:00","BZN|NL","Without Sequence","104.56","",""
"07/04/2026 22:30:00 - 07/04/2026 22:45:00","BZN|NL","Without Sequence","99.11","",""
"07/04/2026 22:45:00 - 07/04/2026 23:00:00","BZN|NL","Without Sequence","94.49","",""
"07/04/2026 23:00:00 - 07/04/2026 23:15:00","BZN|NL","Without Sequence","99.39","",""
"07/04/2026 23:15:00 - 07/04/2026 23:30:00","BZN|NL","Without Sequence","98.51","",""
"07/04/2026 23:30:00 - 07/04/2026 23:45:00","BZN|NL","Without Sequence","97.41","",""
"07/04/2026 23:45:00 - 08/04/2026 00:00:00","BZN|NL","Without Sequence","95.98","",""
"08/04/2026 00:00:00 - 08/04/2026 00:15:00","BZN|NL","Without Sequence","98.11","",""
"08/04/2026 00:15:00 - 08/04/2026 00:30:00","BZN|NL","Without Sequence","96.11","",""
"08/04/2026 00:30:00 - 08/04/2026 00:45:00","BZN|NL","Without Sequence","96.07","",""
"08/04/2026 00:45:00 - 08/04/2026 01:00:00","BZN|NL","Without Sequence","96.10","",""
"08/04/2026 01:00:00 - 08/04/2026 01:15:00","BZN|NL","Without Sequence","97.58","",""
"08/04/2026 01:15:00 - 08/04/2026 01:30:00","BZN|NL","Without Sequence","98.01","",""
"08/04/2026 01:30:00 - 08/04/2026 01:45:00","BZN|NL","Without Sequence","98.64","",""
"08/04/2026 01:45:00 - 08/04/2026 02:00:00","BZN|NL","Without Sequence","99.67","",""
"08/04/2026 02:00:00 - 08/04/2026 02:15:00","BZN|NL","Without Sequence","97.08","",""
"08/04/2026 02:15:00 - 08/04/2026 02:30:00","BZN|NL","Without Sequence","99.19","",""
"08/04/2026 02:30:00 - 08/04/2026 02:45:00","BZN|NL","Without Sequence","103.72","",""
"08/04/2026 02:45:00 - 08/04/2026 03:00:00","BZN|NL","Without Sequence","109.00","",""
"08/04/2026 03:00:00 - 08/04/2026 03:15:00","BZN|NL","Without Sequence","99.67","",""
"08/04/2026 03:15:00 - 08/04/2026 03:30:00","BZN|NL","Without Sequence","106.67","",""
"08/04/2026 03:30:00 - 08/04/2026 03:45:00","BZN|NL","Without Sequence","112.69","",""
"08/04/2026 03:45:00 - 08/04/2026 04:00:00","BZN|NL","Without Sequence","129.53","",""
"08/04/2026 04:00:00 - 08/04/2026 04:15:00","BZN|NL","Without Sequence","118.90","",""
"08/04/2026 04:15:00 - 08/04/2026 04:30:00","BZN|NL","Without Sequence","135.75","",""
"08/04/2026 04:30:00 - 08/04/2026 04:45:00","BZN|NL","Without Sequence","157.62","",""
"08/04/2026 04:45:00 - 08/04/2026 05:00:00","BZN|NL","Without Sequence","162.85","",""
"08/04/2026 05:00:00 - 08/04/2026 05:15:00","BZN|NL","Without Sequence","186.79","",""
"08/04/2026 05:15:00 - 08/04/2026 05:30:00","BZN|NL","Without Sequence","184.81","",""
"08/04/2026 05:30:00 - 08/04/2026 05:45:00","BZN|NL","Without Sequence","168.00","",""
"08/04/2026 05:45:00 - 08/04/2026 06:00:00","BZN|NL","Without Sequence","135.59","",""
"08/04/2026 06:00:00 - 08/04/2026 06:15:00","BZN|NL","Without Sequence","186.51","",""
"08/04/2026 06:15:00 - 08/04/2026 06:30:00","BZN|NL","Without Sequence","145.74","",""
"08/04/2026 06:30:00 - 08/04/2026 06:45:00","BZN|NL","Without Sequence","135.54","",""
"08/04/2026 06:45:00 - 08/04/2026 07:00:00","BZN|NL","Without Sequence","99.40","",""
"08/04/2026 07:00:00 - 08/04/2026 07:15:00","BZN|NL","Without Sequence","149.03","",""
"08/04/2026 07:15:00 - 08/04/2026 07:30:00","BZN|NL","Without Sequence","117.75","",""
"08/04/2026 07:30:00 - 08/04/2026 07:45:00","BZN|NL","Without Sequence","98.40","",""
"08/04/2026 07:45:00 - 08/04/2026 08:00:00","BZN|NL","Without Sequence","72.42","",""
"08/04/2026 08:00:00 - 08/04/2026 08:15:00","BZN|NL","Without Sequence","103.63","",""
"08/04/2026 08:15:00 - 08/04/2026 08:30:00","BZN|NL","Without Sequence","77.59","",""
"08/04/2026 08:30:00 - 08/04/2026 08:45:00","BZN|NL","Without Sequence","26.13","",""
"08/04/2026 08:45:00 - 08/04/2026 09:00:00","BZN|NL","Without Sequence","0.00","",""
"08/04/2026 09:00:00 - 08/04/2026 09:15:00","BZN|NL","Without Sequence","5.90","",""
"08/04/2026 09:15:00 - 08/04/2026 09:30:00","BZN|NL","Without Sequence","-0.01","",""
"08/04/2026 09:30:00 - 08/04/2026 09:45:00","BZN|NL","Without Sequence","-1.09","",""
"08/04/2026 09:45:00 - 08/04/2026 10:00:00","BZN|NL","Without Sequence","-5.00","",""
"08/04/2026 10:00:00 - 08/04/2026 10:15:00","BZN|NL","Without Sequence","-5.30","",""
"08/04/2026 10:15:00 - 08/04/2026 10:30:00","BZN|NL","Without Sequence","-18.30","",""
"08/04/2026 10:30:00 - 08/04/2026 10:45:00","BZN|NL","Without Sequence","-21.44","",""
"08/04/2026 10:45:00 - 08/04/2026 11:00:00","BZN|NL","Without Sequence","-29.22","",""
"08/04/2026 11:00:00 - 08/04/2026 11:15:00","BZN|NL","Without Sequence","-25.93","",""
"08/04/2026 11:15:00 - 08/04/2026 11:30:00","BZN|NL","Without Sequence","-30.03","",""
"08/04/2026 11:30:00 - 08/04/2026 11:45:00","BZN|NL","Without Sequence","-32.61","",""
"08/04/2026 11:45:00 - 08/04/2026 12:00:00","BZN|NL","Without Sequence","-38.81","",""
"08/04/2026 12:00:00 - 08/04/2026 12:15:00","BZN|NL","Without Sequence","-33.03","",""
"08/04/2026 12:15:00 - 08/04/2026 12:30:00","BZN|NL","Without Sequence","-32.05","",""
"08/04/2026 12:30:00 - 08/04/2026 12:45:00","BZN|NL","Without Sequence","-29.12","",""
"08/04/2026 12:45:00 - 08/04/2026 13:00:00","BZN|NL","Without Sequence","-21.28","",""
"08/04/2026 13:00:00 - 08/04/2026 13:15:00","BZN|NL","Without Sequence","-22.20","",""
"08/04/2026 13:15:00 - 08/04/2026 13:30:00","BZN|NL","Without Sequence","-17.40","",""
"08/04/2026 13:30:00 - 08/04/2026 13:45:00","BZN|NL","Without Sequence","-9.99","",""
"08/04/2026 13:45:00 - 08/04/2026 14:00:00","BZN|NL","Without Sequence","-1.05","",""
"08/04/2026 14:00:00 - 08/04/2026 14:15:00","BZN|NL","Without Sequence","-5.79","",""
"08/04/2026 14:15:00 - 08/04/2026 14:30:00","BZN|NL","Without Sequence","-0.01","",""
"08/04/2026 14:30:00 - 08/04/2026 14:45:00","BZN|NL","Without Sequence","1.36","",""
"08/04/2026 14:45:00 - 08/04/2026 15:00:00","BZN|NL","Without Sequence","59.47","",""
"08/04/2026 15:00:00 - 08/04/2026 15:15:00","BZN|NL","Without Sequence","27.80","",""
"08/04/2026 15:15:00 - 08/04/2026 15:30:00","BZN|NL","Without Sequence","80.45","",""
"08/04/2026 15:30:00 - 08/04/2026 15:45:00","BZN|NL","Without Sequence","113.24","",""
"08/04/2026 15:45:00 - 08/04/2026 16:00:00","BZN|NL","Without Sequence","154.37","",""
"08/04/2026 16:00:00 - 08/04/2026 16:15:00","BZN|NL","Without Sequence","104.44","",""
"08/04/2026 16:15:00 - 08/04/2026 16:30:00","BZN|NL","Without Sequence","121.42","",""
"08/04/2026 16:30:00 - 08/04/2026 16:45:00","BZN|NL","Without Sequence","132.40","",""
"08/04/2026 16:45:00 - 08/04/2026 17:00:00","BZN|NL","Without Sequence","159.99","",""
"08/04/2026 17:00:00 - 08/04/2026 17:15:00","BZN|NL","Without Sequence","146.00","",""
"08/04/2026 17:15:00 - 08/04/2026 17:30:00","BZN|NL","Without Sequence","168.64","",""
"08/04/2026 17:30:00 - 08/04/2026 17:45:00","BZN|NL","Without Sequence","183.67","",""
"08/04/2026 17:45:00 - 08/04/2026 18:00:00","BZN|NL","Without Sequence","186.89","",""
"08/04/2026 18:00:00 - 08/04/2026 18:15:00","BZN|NL","Without Sequence","203.22","",""
"08/04/2026 18:15:00 - 08/04/2026 18:30:00","BZN|NL","Without Sequence","164.12","",""
"08/04/2026 18:30:00 - 08/04/2026 18:45:00","BZN|NL","Without Sequence","142.34","",""
"08/04/2026 18:45:00 - 08/04/2026 19:00:00","BZN|NL","Without Sequence","135.27","",""
"08/04/2026 19:00:00 - 08/04/2026 19:15:00","BZN|NL","Without Sequence","154.93","",""
"08/04/2026 19:15:00 - 08/04/2026 19:30:00","BZN|NL","Without Sequence","142.08","",""
"08/04/2026 19:30:00 - 08/04/2026 19:45:00","BZN|NL","Without Sequence","135.16","",""
"08/04/2026 19:45:00 - 08/04/2026 20:00:00","BZN|NL","Without Sequence","117.00","",""
"08/04/2026 20:00:00 - 08/04/2026 20:15:00","BZN|NL","Without Sequence","127.45","",""
"08/04/2026 20:15:00 - 08/04/2026 20:30:00","BZN|NL","Without Sequence","122.59","",""
"08/04/2026 20:30:00 - 08/04/2026 20:45:00","BZN|NL","Without Sequence","121.54","",""
"08/04/2026 20:45:00 - 08/04/2026 21:00:00","BZN|NL","Without Sequence","114.53","",""
"08/04/2026 21:00:00 - 08/04/2026 21:15:00","BZN|NL","Without Sequence","118.81","",""
"08/04/2026 21:15:00 - 08/04/2026 21:30:00","BZN|NL","Without Sequence","118.20","",""
"08/04/2026 21:30:00 - 08/04/2026 21:45:00","BZN|NL","Without Sequence","107.75","",""
"08/04/2026 21:45:00 - 08/04/2026 22:00:00","BZN|NL","Without Sequence","101.83","",""
"08/04/2026 22:00:00 - 08/04/2026 22:15:00","BZN|NL","Without Sequence","109.49","",""
"08/04/2026 22:15:00 - 08/04/2026 22:30:00","BZN|NL","Without Sequence","105.36","",""
"08/04/2026 22:30:00 - 08/04/2026 22:45:00","BZN|NL","Without Sequence","102.91","",""
"08/04/2026 22:45:00 - 08/04/2026 23:00:00","BZN|NL","Without Sequence","101.40","",""
"08/04/2026 23:00:00 - 08/04/2026 23:15:00","BZN|NL","Without Sequence","101.74","",""
"08/04/2026 23:15:00 - 08/04/2026 23:30:00","BZN|NL","Without Sequence","100.71","",""
"08/04/2026 23:30:00 - 08/04/2026 23:45:00","BZN|NL","Without Sequence","100.08","",""
"08/04/2026 23:45:00 - 09/04/2026 00:00:00","BZN|NL","Without Sequence","99.28","",""
"09/04/2026 00:00:00 - 09/04/2026 00:15:00","BZN|NL","Without Sequence","99.46","",""
"09/04/2026 00:15:00 - 09/04/2026 00:30:00","BZN|NL","Without Sequence","99.22","",""
"09/04/2026 00:30:00 - 09/04/2026 00:45:00","BZN|NL","Without Sequence","99.41","",""
"09/04/2026 00:45:00 - 09/04/2026 01:00:00","BZN|NL","Without Sequence","99.11","",""
"09/04/2026 01:00:00 - 09/04/2026 01:15:00","BZN|NL","Without Sequence","98.65","",""
"09/04/2026 01:15:00 - 09/04/2026 01:30:00","BZN|NL","Without Sequence","99.80","",""
"09/04/2026 01:30:00 - 09/04/2026 01:45:00","BZN|NL","Without Sequence","99.60","",""
"09/04/2026 01:45:00 - 09/04/2026 02:00:00","BZN|NL","Without Sequence","100.32","",""
"09/04/2026 02:00:00 - 09/04/2026 02:15:00","BZN|NL","Without Sequence","97.13","",""
"09/04/2026 02:15:00 - 09/04/2026 02:30:00","BZN|NL","Without Sequence","99.25","",""
"09/04/2026 02:30:00 - 09/04/2026 02:45:00","BZN|NL","Without Sequence","102.06","",""
"09/04/2026 02:45:00 - 09/04/2026 03:00:00","BZN|NL","Without Sequence","108.95","",""
"09/04/2026 03:00:00 - 09/04/2026 03:15:00","BZN|NL","Without Sequence","101.85","",""
"09/04/2026 03:15:00 - 09/04/2026 03:30:00","BZN|NL","Without Sequence","107.19","",""
"09/04/2026 03:30:00 - 09/04/2026 03:45:00","BZN|NL","Without Sequence","115.85","",""
"09/04/2026 03:45:00 - 09/04/2026 04:00:00","BZN|NL","Without Sequence","123.98","",""
"09/04/2026 04:00:00 - 09/04/2026 04:15:00","BZN|NL","Without Sequence","116.33","",""
"09/04/2026 04:15:00 - 09/04/2026 04:30:00","BZN|NL","Without Sequence","127.94","",""
"09/04/2026 04:30:00 - 09/04/2026 04:45:00","BZN|NL","Without Sequence","138.82","",""
"09/04/2026 04:45:00 - 09/04/2026 05:00:00","BZN|NL","Without Sequence","145.30","",""
"09/04/2026 05:00:00 - 09/04/2026 05:15:00","BZN|NL","Without Sequence","153.88","",""
"09/04/2026 05:15:00 - 09/04/2026 05:30:00","BZN|NL","Without Sequence","152.84","",""
"09/04/2026 05:30:00 - 09/04/2026 05:45:00","BZN|NL","Without Sequence","145.89","",""
"09/04/2026 05:45:00 - 09/04/2026 06:00:00","BZN|NL","Without Sequence","128.93","",""
"09/04/2026 06:00:00 - 09/04/2026 06:15:00","BZN|NL","Without Sequence","158.75","",""
"09/04/2026 06:15:00 - 09/04/2026 06:30:00","BZN|NL","Without Sequence","135.80","",""
"09/04/2026 06:30:00 - 09/04/2026 06:45:00","BZN|NL","Without Sequence","121.29","",""
"09/04/2026 06:45:00 - 09/04/2026 07:00:00","BZN|NL","Without Sequence","103.54","",""
"09/04/2026 07:00:00 - 09/04/2026 07:15:00","BZN|NL","Without Sequence","146.29","",""
"09/04/2026 07:15:00 - 09/04/2026 07:30:00","BZN|NL","Without Sequence","119.96","",""
"09/04/2026 07:30:00 - 09/04/2026 07:45:00","BZN|NL","Without Sequence","98.71","",""
"09/04/2026 07:45:00 - 09/04/2026 08:00:00","BZN|NL","Without Sequence","76.73","",""
"09/04/2026 08:00:00 - 09/04/2026 08:15:00","BZN|NL","Without Sequence","88.29","",""
"09/04/2026 08:15:00 - 09/04/2026 08:30:00","BZN|NL","Without Sequence","74.85","",""
"09/04/2026 08:30:00 - 09/04/2026 08:45:00","BZN|NL","Without Sequence","47.09","",""
"09/04/2026 08:45:00 - 09/04/2026 09:00:00","BZN|NL","Without Sequence","9.10","",""
"09/04/2026 09:00:00 - 09/04/2026 09:15:00","BZN|NL","Without Sequence","4.63","",""
"09/04/2026 09:15:00 - 09/04/2026 09:30:00","BZN|NL","Without Sequence","0.01","",""
"09/04/2026 09:30:00 - 09/04/2026 09:45:00","BZN|NL","Without Sequence","0.00","",""
"09/04/2026 09:45:00 - 09/04/2026 10:00:00","BZN|NL","Without Sequence","-0.01","",""
"09/04/2026 10:00:00 - 09/04/2026 10:15:00","BZN|NL","Without Sequence","-0.01","",""
"09/04/2026 10:15:00 - 09/04/2026 10:30:00","BZN|NL","Without Sequence","-0.10","",""
"09/04/2026 10:30:00 - 09/04/2026 10:45:00","BZN|NL","Without Sequence","-1.07","",""
"09/04/2026 10:45:00 - 09/04/2026 11:00:00","BZN|NL","Without Sequence","-2.90","",""
"09/04/2026 11:00:00 - 09/04/2026 11:15:00","BZN|NL","Without Sequence","-2.98","",""
"09/04/2026 11:15:00 - 09/04/2026 11:30:00","BZN|NL","Without Sequence","-5.10","",""
"09/04/2026 11:30:00 - 09/04/2026 11:45:00","BZN|NL","Without Sequence","-9.82","",""
"09/04/2026 11:45:00 - 09/04/2026 12:00:00","BZN|NL","Without Sequence","-13.14","",""
"09/04/2026 12:00:00 - 09/04/2026 12:15:00","BZN|NL","Without Sequence","-10.06","",""
"09/04/2026 12:15:00 - 09/04/2026 12:30:00","BZN|NL","Without Sequence","-9.84","",""
"09/04/2026 12:30:00 - 09/04/2026 12:45:00","BZN|NL","Without Sequence","-7.04","",""
"09/04/2026 12:45:00 - 09/04/2026 13:00:00","BZN|NL","Without Sequence","-5.06","",""
"09/04/2026 13:00:00 - 09/04/2026 13:15:00","BZN|NL","Without Sequence","-2.88","",""
"09/04/2026 13:15:00 - 09/04/2026 13:30:00","BZN|NL","Without Sequence","-1.12","",""
"09/04/2026 13:30:00 - 09/04/2026 13:45:00","BZN|NL","Without Sequence","-0.87","",""
"09/04/2026 13:45:00 - 09/04/2026 14:00:00","BZN|NL","Without Sequence","-0.14","",""
"09/04/2026 14:00:00 - 09/04/2026 14:15:00","BZN|NL","Without Sequence","-0.02","",""
"09/04/2026 14:15:00 - 09/04/2026 14:30:00","BZN|NL","Without Sequence","3.24","",""
"09/04/2026 14:30:00 - 09/04/2026 14:45:00","BZN|NL","Without Sequence","30.05","",""
"09/04/2026 14:45:00 - 09/04/2026 15:00:00","BZN|NL","Without Sequence","63.84","",""
"09/04/2026 15:00:00 - 09/04/2026 15:15:00","BZN|NL","Without Sequence","24.52","",""
"09/04/2026 15:15:00 - 09/04/2026 15:30:00","BZN|NL","Without Sequence","69.97","",""
"09/04/2026 15:30:00 - 09/04/2026 15:45:00","BZN|NL","Without Sequence","91.91","",""
"09/04/2026 15:45:00 - 09/04/2026 16:00:00","BZN|NL","Without Sequence","113.63","",""
"09/04/2026 16:00:00 - 09/04/2026 16:15:00","BZN|NL","Without Sequence","85.37","",""
"09/04/2026 16:15:00 - 09/04/2026 16:30:00","BZN|NL","Without Sequence","105.69","",""
"09/04/2026 16:30:00 - 09/04/2026 16:45:00","BZN|NL","Without Sequence","120.34","",""
"09/04/2026 16:45:00 - 09/04/2026 17:00:00","BZN|NL","Without Sequence","127.79","",""
"09/04/2026 17:00:00 - 09/04/2026 17:15:00","BZN|NL","Without Sequence","119.63","",""
"09/04/2026 17:15:00 - 09/04/2026 17:30:00","BZN|NL","Without Sequence","124.82","",""
"09/04/2026 17:30:00 - 09/04/2026 17:45:00","BZN|NL","Without Sequence","136.53","",""
"09/04/2026 17:45:00 - 09/04/2026 18:00:00","BZN|NL","Without Sequence","138.36","",""
"09/04/2026 18:00:00 - 09/04/2026 18:15:00","BZN|NL","Without Sequence","145.83","",""
"09/04/2026 18:15:00 - 09/04/2026 18:30:00","BZN|NL","Without Sequence","126.05","",""
"09/04/2026 18:30:00 - 09/04/2026 18:45:00","BZN|NL","Without Sequence","117.13","",""
"09/04/2026 18:45:00 - 09/04/2026 19:00:00","BZN|NL","Without Sequence","104.88","",""
"09/04/2026 19:00:00 - 09/04/2026 19:15:00","BZN|NL","Without Sequence","126.76","",""
"09/04/2026 19:15:00 - 09/04/2026 19:30:00","BZN|NL","Without Sequence","115.86","",""
"09/04/2026 19:30:00 - 09/04/2026 19:45:00","BZN|NL","Without Sequence","100.41","",""
"09/04/2026 19:45:00 - 09/04/2026 20:00:00","BZN|NL","Without Sequence","80.30","",""
"09/04/2026 20:00:00 - 09/04/2026 20:15:00","BZN|NL","Without Sequence","104.72","",""
"09/04/2026 20:15:00 - 09/04/2026 20:30:00","BZN|NL","Without Sequence","97.51","",""
"09/04/2026 20:30:00 - 09/04/2026 20:45:00","BZN|NL","Without Sequence","95.43","",""
"09/04/2026 20:45:00 - 09/04/2026 21:00:00","BZN|NL","Without Sequence","86.53","",""
"09/04/2026 21:00:00 - 09/04/2026 21:15:00","BZN|NL","Without Sequence","89.45","",""
"09/04/2026 21:15:00 - 09/04/2026 21:30:00","BZN|NL","Without Sequence","84.31","",""
"09/04/2026 21:30:00 - 09/04/2026 21:45:00","BZN|NL","Without Sequence","79.25","",""
"09/04/2026 21:45:00 - 09/04/2026 22:00:00","BZN|NL","Without Sequence","68.78","",""
"09/04/2026 22:00:00 - 09/04/2026 22:15:00","BZN|NL","Without Sequence","81.50","",""
"09/04/2026 22:15:00 - 09/04/2026 22:30:00","BZN|NL","Without Sequence","79.25","",""
"09/04/2026 22:30:00 - 09/04/2026 22:45:00","BZN|NL","Without Sequence","73.46","",""
"09/04/2026 22:45:00 - 09/04/2026 23:00:00","BZN|NL","Without Sequence","72.05","",""
"09/04/2026 23:00:00 - 09/04/2026 23:15:00","BZN|NL","Without Sequence","75.23","",""
"09/04/2026 23:15:00 - 09/04/2026 23:30:00","BZN|NL","Without Sequence","73.05","",""
"09/04/2026 23:30:00 - 09/04/2026 23:45:00","BZN|NL","Without Sequence","73.62","",""
"09/04/2026 23:45:00 - 10/04/2026 00:00:00","BZN|NL","Without Sequence","71.64","",""
"10/04/2026 00:00:00 - 10/04/2026 00:15:00","BZN|NL","Without Sequence","76.40","",""
"10/04/2026 00:15:00 - 10/04/2026 00:30:00","BZN|NL","Without Sequence","72.14","",""
"10/04/2026 00:30:00 - 10/04/2026 00:45:00","BZN|NL","Without Sequence","71.92","",""
"10/04/2026 00:45:00 - 10/04/2026 01:00:00","BZN|NL","Without Sequence","70.42","",""
"10/04/2026 01:00:00 - 10/04/2026 01:15:00","BZN|NL","Without Sequence","71.14","",""
"10/04/2026 01:15:00 - 10/04/2026 01:30:00","BZN|NL","Without Sequence","72.30","",""
"10/04/2026 01:30:00 - 10/04/2026 01:45:00","BZN|NL","Without Sequence","72.99","",""
"10/04/2026 01:45:00 - 10/04/2026 02:00:00","BZN|NL","Without Sequence","71.63","",""
"10/04/2026 02:00:00 - 10/04/2026 02:15:00","BZN|NL","Without Sequence","71.72","",""
"10/04/2026 02:15:00 - 10/04/2026 02:30:00","BZN|NL","Without Sequence","73.85","",""
"10/04/2026 02:30:00 - 10/04/2026 02:45:00","BZN|NL","Without Sequence","73.71","",""
"10/04/2026 02:45:00 - 10/04/2026 03:00:00","BZN|NL","Without Sequence","76.82","",""
"10/04/2026 03:00:00 - 10/04/2026 03:15:00","BZN|NL","Without Sequence","74.46","",""
"10/04/2026 03:15:00 - 10/04/2026 03:30:00","BZN|NL","Without Sequence","81.69","",""
"10/04/2026 03:30:00 - 10/04/2026 03:45:00","BZN|NL","Without Sequence","79.16","",""
"10/04/2026 03:45:00 - 10/04/2026 04:00:00","BZN|NL","Without Sequence","91.58","",""
"10/04/2026 04:00:00 - 10/04/2026 04:15:00","BZN|NL","Without Sequence","82.49","",""
"10/04/2026 04:15:00 - 10/04/2026 04:30:00","BZN|NL","Without Sequence","110.16","",""
"10/04/2026 04:30:00 - 10/04/2026 04:45:00","BZN|NL","Without Sequence","111.20","",""
"10/04/2026 04:45:00 - 10/04/2026 05:00:00","BZN|NL","Without Sequence","118.28","",""
"10/04/2026 05:00:00 - 10/04/2026 05:15:00","BZN|NL","Without Sequence","121.35","",""
"10/04/2026 05:15:00 - 10/04/2026 05:30:00","BZN|NL","Without Sequence","124.31","",""
"10/04/2026 05:30:00 - 10/04/2026 05:45:00","BZN|NL","Without Sequence","122.43","",""
"10/04/2026 05:45:00 - 10/04/2026 06:00:00","BZN|NL","Without Sequence","121.62","",""
"10/04/2026 06:00:00 - 10/04/2026 06:15:00","BZN|NL","Without Sequence","130.73","",""
"10/04/2026 06:15:00 - 10/04/2026 06:30:00","BZN|NL","Without Sequence","127.20","",""
"10/04/2026 06:30:00 - 10/04/2026 06:45:00","BZN|NL","Without Sequence","123.05","",""
"10/04/2026 06:45:00 - 10/04/2026 07:00:00","BZN|NL","Without Sequence","119.39","",""
"10/04/2026 07:00:00 - 10/04/2026 07:15:00","BZN|NL","Without Sequence","144.03","",""
"10/04/2026 07:15:00 - 10/04/2026 07:30:00","BZN|NL","Without Sequence","131.30","",""
"10/04/2026 07:30:00 - 10/04/2026 07:45:00","BZN|NL","Without Sequence","132.08","",""
"10/04/2026 07:45:00 - 10/04/2026 08:00:00","BZN|NL","Without Sequence","116.10","",""
"10/04/2026 08:00:00 - 10/04/2026 08:15:00","BZN|NL","Without Sequence","150.00","",""
"10/04/2026 08:15:00 - 10/04/2026 08:30:00","BZN|NL","Without Sequence","110.78","",""
"10/04/2026 08:30:00 - 10/04/2026 08:45:00","BZN|NL","Without Sequence","133.66","",""
"10/04/2026 08:45:00 - 10/04/2026 09:00:00","BZN|NL","Without Sequence","108.02","",""
"10/04/2026 09:00:00 - 10/04/2026 09:15:00","BZN|NL","Without Sequence","125.38","",""
"10/04/2026 09:15:00 - 10/04/2026 09:30:00","BZN|NL","Without Sequence","104.24","",""
"10/04/2026 09:30:00 - 10/04/2026 09:45:00","BZN|NL","Without Sequence","100.18","",""
"10/04/2026 09:45:00 - 10/04/2026 10:00:00","BZN|NL","Without Sequence","99.00","",""
"10/04/2026 10:00:00 - 10/04/2026 10:15:00","BZN|NL","Without Sequence","98.17","",""
"10/04/2026 10:15:00 - 10/04/2026 10:30:00","BZN|NL","Without Sequence","88.48","",""
"10/04/2026 10:30:00 - 10/04/2026 10:45:00","BZN|NL","Without Sequence","110.83","",""
"10/04/2026 10:45:00 - 10/04/2026 11:00:00","BZN|NL","Without Sequence","117.14","",""
"10/04/2026 11:00:00 - 10/04/2026 11:15:00","BZN|NL","Without Sequence","96.57","",""
"10/04/2026 11:15:00 - 10/04/2026 11:30:00","BZN|NL","Without Sequence","92.80","",""
"10/04/2026 11:30:00 - 10/04/2026 11:45:00","BZN|NL","Without Sequence","89.38","",""
"10/04/2026 11:45:00 - 10/04/2026 12:00:00","BZN|NL","Without Sequence","86.81","",""
"10/04/2026 12:00:00 - 10/04/2026 12:15:00","BZN|NL","Without Sequence","93.53","",""
"10/04/2026 12:15:00 - 10/04/2026 12:30:00","BZN|NL","Without Sequence","95.93","",""
"10/04/2026 12:30:00 - 10/04/2026 12:45:00","BZN|NL","Without Sequence","94.90","",""
"10/04/2026 12:45:00 - 10/04/2026 13:00:00","BZN|NL","Without Sequence","97.34","",""
"10/04/2026 13:00:00 - 10/04/2026 13:15:00","BZN|NL","Without Sequence","77.81","",""
"10/04/2026 13:15:00 - 10/04/2026 13:30:00","BZN|NL","Without Sequence","84.57","",""
"10/04/2026 13:30:00 - 10/04/2026 13:45:00","BZN|NL","Without Sequence","87.35","",""
"10/04/2026 13:45:00 - 10/04/2026 14:00:00","BZN|NL","Without Sequence","88.49","",""
"10/04/2026 14:00:00 - 10/04/2026 14:15:00","BZN|NL","Without Sequence","88.05","",""
"10/04/2026 14:15:00 - 10/04/2026 14:30:00","BZN|NL","Without Sequence","96.83","",""
"10/04/2026 14:30:00 - 10/04/2026 14:45:00","BZN|NL","Without Sequence","105.03","",""
"10/04/2026 14:45:00 - 10/04/2026 15:00:00","BZN|NL","Without Sequence","115.14","",""
"10/04/2026 15:00:00 - 10/04/2026 15:15:00","BZN|NL","Without Sequence","101.84","",""
"10/04/2026 15:15:00 - 10/04/2026 15:30:00","BZN|NL","Without Sequence","113.99","",""
"10/04/2026 15:30:00 - 10/04/2026 15:45:00","BZN|NL","Without Sequence","121.42","",""
"10/04/2026 15:45:00 - 10/04/2026 16:00:00","BZN|NL","Without Sequence","145.62","",""
"10/04/2026 16:00:00 - 10/04/2026 16:15:00","BZN|NL","Without Sequence","125.69","",""
"10/04/2026 16:15:00 - 10/04/2026 16:30:00","BZN|NL","Without Sequence","131.11","",""
"10/04/2026 16:30:00 - 10/04/2026 16:45:00","BZN|NL","Without Sequence","144.80","",""
"10/04/2026 16:45:00 - 10/04/2026 17:00:00","BZN|NL","Without Sequence","200.00","",""
"10/04/2026 17:00:00 - 10/04/2026 17:15:00","BZN|NL","Without Sequence","153.47","",""
"10/04/2026 17:15:00 - 10/04/2026 17:30:00","BZN|NL","Without Sequence","191.17","",""
"10/04/2026 17:30:00 - 10/04/2026 17:45:00","BZN|NL","Without Sequence","237.77","",""
"10/04/2026 17:45:00 - 10/04/2026 18:00:00","BZN|NL","Without Sequence","317.60","",""
"10/04/2026 18:00:00 - 10/04/2026 18:15:00","BZN|NL","Without Sequence","261.90","",""
"10/04/2026 18:15:00 - 10/04/2026 18:30:00","BZN|NL","Without Sequence","250.30","",""
"10/04/2026 18:30:00 - 10/04/2026 18:45:00","BZN|NL","Without Sequence","234.22","",""
"10/04/2026 18:45:00 - 10/04/2026 19:00:00","BZN|NL","Without Sequence","206.15","",""
"10/04/2026 19:00:00 - 10/04/2026 19:15:00","BZN|NL","Without Sequence","211.79","",""
"10/04/2026 19:15:00 - 10/04/2026 19:30:00","BZN|NL","Without Sequence","169.33","",""
"10/04/2026 19:30:00 - 10/04/2026 19:45:00","BZN|NL","Without Sequence","161.00","",""
"10/04/2026 19:45:00 - 10/04/2026 20:00:00","BZN|NL","Without Sequence","140.40","",""
"10/04/2026 20:00:00 - 10/04/2026 20:15:00","BZN|NL","Without Sequence","159.48","",""
"10/04/2026 20:15:00 - 10/04/2026 20:30:00","BZN|NL","Without Sequence","144.43","",""
"10/04/2026 20:30:00 - 10/04/2026 20:45:00","BZN|NL","Without Sequence","137.52","",""
"10/04/2026 20:45:00 - 10/04/2026 21:00:00","BZN|NL","Without Sequence","126.87","",""
"10/04/2026 21:00:00 - 10/04/2026 21:15:00","BZN|NL","Without Sequence","131.60","",""
"10/04/2026 21:15:00 - 10/04/2026 21:30:00","BZN|NL","Without Sequence","126.06","",""
"10/04/2026 21:30:00 - 10/04/2026 21:45:00","BZN|NL","Without Sequence","126.07","",""
"10/04/2026 21:45:00 - 10/04/2026 22:00:00","BZN|NL","Without Sequence","119.15","",""
"10/04/2026 22:00:00 - 10/04/2026 22:15:00","BZN|NL","Without Sequence","141.51","",""
"10/04/2026 22:15:00 - 10/04/2026 22:30:00","BZN|NL","Without Sequence","131.19","",""
"10/04/2026 22:30:00 - 10/04/2026 22:45:00","BZN|NL","Without Sequence","119.60","",""
"10/04/2026 22:45:00 - 10/04/2026 23:00:00","BZN|NL","Without Sequence","111.40","",""
"10/04/2026 23:00:00 - 10/04/2026 23:15:00","BZN|NL","Without Sequence","120.74","",""
"10/04/2026 23:15:00 - 10/04/2026 23:30:00","BZN|NL","Without Sequence","115.41","",""
"10/04/2026 23:30:00 - 10/04/2026 23:45:00","BZN|NL","Without Sequence","108.46","",""
"10/04/2026 23:45:00 - 11/04/2026 00:00:00","BZN|NL","Without Sequence","103.60","",""
"11/04/2026 00:00:00 - 11/04/2026 00:15:00","BZN|NL","Without Sequence","110.04","",""
"11/04/2026 00:15:00 - 11/04/2026 00:30:00","BZN|NL","Without Sequence","103.90","",""
"11/04/2026 00:30:00 - 11/04/2026 00:45:00","BZN|NL","Without Sequence","103.43","",""
"11/04/2026 00:45:00 - 11/04/2026 01:00:00","BZN|NL","Without Sequence","100.89","",""
"11/04/2026 01:00:00 - 11/04/2026 01:15:00","BZN|NL","Without Sequence","103.62","",""
"11/04/2026 01:15:00 - 11/04/2026 01:30:00","BZN|NL","Without Sequence","101.53","",""
"11/04/2026 01:30:00 - 11/04/2026 01:45:00","BZN|NL","Without Sequence","101.24","",""
"11/04/2026 01:45:00 - 11/04/2026 02:00:00","BZN|NL","Without Sequence","97.80","",""
"11/04/2026 02:00:00 - 11/04/2026 02:15:00","BZN|NL","Without Sequence","102.09","",""
"11/04/2026 02:15:00 - 11/04/2026 02:30:00","BZN|NL","Without Sequence","100.78","",""
"11/04/2026 02:30:00 - 11/04/2026 02:45:00","BZN|NL","Without Sequence","99.83","",""
"11/04/2026 02:45:00 - 11/04/2026 03:00:00","BZN|NL","Without Sequence","96.11","",""
"11/04/2026 03:00:00 - 11/04/2026 03:15:00","BZN|NL","Without Sequence","100.16","",""
"11/04/2026 03:15:00 - 11/04/2026 03:30:00","BZN|NL","Without Sequence","95.97","",""
"11/04/2026 03:30:00 - 11/04/2026 03:45:00","BZN|NL","Without Sequence","96.06","",""
"11/04/2026 03:45:00 - 11/04/2026 04:00:00","BZN|NL","Without Sequence","95.38","",""
"11/04/2026 04:00:00 - 11/04/2026 04:15:00","BZN|NL","Without Sequence","97.38","",""
"11/04/2026 04:15:00 - 11/04/2026 04:30:00","BZN|NL","Without Sequence","98.23","",""
"11/04/2026 04:30:00 - 11/04/2026 04:45:00","BZN|NL","Without Sequence","98.44","",""
"11/04/2026 04:45:00 - 11/04/2026 05:00:00","BZN|NL","Without Sequence","91.46","",""
"11/04/2026 05:00:00 - 11/04/2026 05:15:00","BZN|NL","Without Sequence","101.07","",""
"11/04/2026 05:15:00 - 11/04/2026 05:30:00","BZN|NL","Without Sequence","94.91","",""
"11/04/2026 05:30:00 - 11/04/2026 05:45:00","BZN|NL","Without Sequence","81.57","",""
"11/04/2026 05:45:00 - 11/04/2026 06:00:00","BZN|NL","Without Sequence","60.11","",""
"11/04/2026 06:00:00 - 11/04/2026 06:15:00","BZN|NL","Without Sequence","95.11","",""
"11/04/2026 06:15:00 - 11/04/2026 06:30:00","BZN|NL","Without Sequence","79.02","",""
"11/04/2026 06:30:00 - 11/04/2026 06:45:00","BZN|NL","Without Sequence","58.94","",""
"11/04/2026 06:45:00 - 11/04/2026 07:00:00","BZN|NL","Without Sequence","23.14","",""
"11/04/2026 07:00:00 - 11/04/2026 07:15:00","BZN|NL","Without Sequence","52.59","",""
"11/04/2026 07:15:00 - 11/04/2026 07:30:00","BZN|NL","Without Sequence","22.46","",""
"11/04/2026 07:30:00 - 11/04/2026 07:45:00","BZN|NL","Without Sequence","8.00","",""
"11/04/2026 07:45:00 - 11/04/2026 08:00:00","BZN|NL","Without Sequence","0.01","",""
"11/04/2026 08:00:00 - 11/04/2026 08:15:00","BZN|NL","Without Sequence","7.73","",""
"11/04/2026 08:15:00 - 11/04/2026 08:30:00","BZN|NL","Without Sequence","0.00","",""
"11/04/2026 08:30:00 - 11/04/2026 08:45:00","BZN|NL","Without Sequence","-0.99","",""
"11/04/2026 08:45:00 - 11/04/2026 09:00:00","BZN|NL","Without Sequence","-7.18","",""
"11/04/2026 09:00:00 - 11/04/2026 09:15:00","BZN|NL","Without Sequence","-0.98","",""
"11/04/2026 09:15:00 - 11/04/2026 09:30:00","BZN|NL","Without Sequence","-2.06","",""
"11/04/2026 09:30:00 - 11/04/2026 09:45:00","BZN|NL","Without Sequence","-6.58","",""
"11/04/2026 09:45:00 - 11/04/2026 10:00:00","BZN|NL","Without Sequence","-9.75","",""
"11/04/2026 10:00:00 - 11/04/2026 10:15:00","BZN|NL","Without Sequence","-11.80","",""
"11/04/2026 10:15:00 - 11/04/2026 10:30:00","BZN|NL","Without Sequence","-20.00","",""
"11/04/2026 10:30:00 - 11/04/2026 10:45:00","BZN|NL","Without Sequence","-25.00","",""
"11/04/2026 10:45:00 - 11/04/2026 11:00:00","BZN|NL","Without Sequence","-30.12","",""
"11/04/2026 11:00:00 - 11/04/2026 11:15:00","BZN|NL","Without Sequence","-25.50","",""
"11/04/2026 11:15:00 - 11/04/2026 11:30:00","BZN|NL","Without Sequence","-30.12","",""
"11/04/2026 11:30:00 - 11/04/2026 11:45:00","BZN|NL","Without Sequence","-30.12","",""
"11/04/2026 11:45:00 - 11/04/2026 12:00:00","BZN|NL","Without Sequence","-30.12","",""
"11/04/2026 12:00:00 - 11/04/2026 12:15:00","BZN|NL","Without Sequence","-30.12","",""
"11/04/2026 12:15:00 - 11/04/2026 12:30:00","BZN|NL","Without Sequence","-27.11","",""
"11/04/2026 12:30:00 - 11/04/2026 12:45:00","BZN|NL","Without Sequence","-23.08","",""
"11/04/2026 12:45:00 - 11/04/2026 13:00:00","BZN|NL","Without Sequence","-17.10","",""
"11/04/2026 13:00:00 - 11/04/2026 13:15:00","BZN|NL","Without Sequence","-11.80","",""
"11/04/2026 13:15:00 - 11/04/2026 13:30:00","BZN|NL","Without Sequence","-7.05","",""
"11/04/2026 13:30:00 - 11/04/2026 13:45:00","BZN|NL","Without Sequence","-2.09","",""
"11/04/2026 13:45:00 - 11/04/2026 14:00:00","BZN|NL","Without Sequence","-2.04","",""
"11/04/2026 14:00:00 - 11/04/2026 14:15:00","BZN|NL","Without Sequence","-0.10","",""
"11/04/2026 14:15:00 - 11/04/2026 14:30:00","BZN|NL","Without Sequence","5.41","",""
"11/04/2026 14:30:00 - 11/04/2026 14:45:00","BZN|NL","Without Sequence","11.86","",""
"11/04/2026 14:45:00 - 11/04/2026 15:00:00","BZN|NL","Without Sequence","5.90","",""
"11/04/2026 15:00:00 - 11/04/2026 15:15:00","BZN|NL","Without Sequence","-1.65","",""
"11/04/2026 15:15:00 - 11/04/2026 15:30:00","BZN|NL","Without Sequence","-1.40","",""
"11/04/2026 15:30:00 - 11/04/2026 15:45:00","BZN|NL","Without Sequence","15.30","",""
"11/04/2026 15:45:00 - 11/04/2026 16:00:00","BZN|NL","Without Sequence","64.95","",""
"11/04/2026 16:00:00 - 11/04/2026 16:15:00","BZN|NL","Without Sequence","5.07","",""
"11/04/2026 16:15:00 - 11/04/2026 16:30:00","BZN|NL","Without Sequence","54.97","",""
"11/04/2026 16:30:00 - 11/04/2026 16:45:00","BZN|NL","Without Sequence","91.40","",""
"11/04/2026 16:45:00 - 11/04/2026 17:00:00","BZN|NL","Without Sequence","128.55","",""
"11/04/2026 17:00:00 - 11/04/2026 17:15:00","BZN|NL","Without Sequence","72.93","",""
"11/04/2026 17:15:00 - 11/04/2026 17:30:00","BZN|NL","Without Sequence","80.50","",""
"11/04/2026 17:30:00 - 11/04/2026 17:45:00","BZN|NL","Without Sequence","90.10","",""
"11/04/2026 17:45:00 - 11/04/2026 18:00:00","BZN|NL","Without Sequence","120.10","",""
"11/04/2026 18:00:00 - 11/04/2026 18:15:00","BZN|NL","Without Sequence","110.94","",""
"11/04/2026 18:15:00 - 11/04/2026 18:30:00","BZN|NL","Without Sequence","108.00","",""
"11/04/2026 18:30:00 - 11/04/2026 18:45:00","BZN|NL","Without Sequence","106.72","",""
"11/04/2026 18:45:00 - 11/04/2026 19:00:00","BZN|NL","Without Sequence","103.27","",""
"11/04/2026 19:00:00 - 11/04/2026 19:15:00","BZN|NL","Without Sequence","118.40","",""
"11/04/2026 19:15:00 - 11/04/2026 19:30:00","BZN|NL","Without Sequence","108.54","",""
"11/04/2026 19:30:00 - 11/04/2026 19:45:00","BZN|NL","Without Sequence","97.83","",""
"11/04/2026 19:45:00 - 11/04/2026 20:00:00","BZN|NL","Without Sequence","87.10","",""
"11/04/2026 20:00:00 - 11/04/2026 20:15:00","BZN|NL","Without Sequence","132.61","",""
"11/04/2026 20:15:00 - 11/04/2026 20:30:00","BZN|NL","Without Sequence","136.95","",""
"11/04/2026 20:30:00 - 11/04/2026 20:45:00","BZN|NL","Without Sequence","120.75","",""
"11/04/2026 20:45:00 - 11/04/2026 21:00:00","BZN|NL","Without Sequence","89.29","",""
"11/04/2026 21:00:00 - 11/04/2026 21:15:00","BZN|NL","Without Sequence","100.00","",""
"11/04/2026 21:15:00 - 11/04/2026 21:30:00","BZN|NL","Without Sequence","86.10","",""
"11/04/2026 21:30:00 - 11/04/2026 21:45:00","BZN|NL","Without Sequence","73.74","",""
"11/04/2026 21:45:00 - 11/04/2026 22:00:00","BZN|NL","Without Sequence","69.70","",""
"11/04/2026 22:00:00 - 11/04/2026 22:15:00","BZN|NL","Without Sequence","65.77","",""
"11/04/2026 22:15:00 - 11/04/2026 22:30:00","BZN|NL","Without Sequence","66.65","",""
"11/04/2026 22:30:00 - 11/04/2026 22:45:00","BZN|NL","Without Sequence","69.95","",""
"11/04/2026 22:45:00 - 11/04/2026 23:00:00","BZN|NL","Without Sequence","68.50","",""
"11/04/2026 23:00:00 - 11/04/2026 23:15:00","BZN|NL","Without Sequence","71.04","",""
"11/04/2026 23:15:00 - 11/04/2026 23:30:00","BZN|NL","Without Sequence","66.84","",""
"11/04/2026 23:30:00 - 11/04/2026 23:45:00","BZN|NL","Without Sequence","69.22","",""
"11/04/2026 23:45:00 - 12/04/2026 00:00:00","BZN|NL","Without Sequence","71.67","",""
"12/04/2026 00:00:00 - 12/04/2026 00:15:00","BZN|NL","Without Sequence","70.75","",""
"12/04/2026 00:15:00 - 12/04/2026 00:30:00","BZN|NL","Without Sequence","72.68","",""
"12/04/2026 00:30:00 - 12/04/2026 00:45:00","BZN|NL","Without Sequence","73.43","",""
"12/04/2026 00:45:00 - 12/04/2026 01:00:00","BZN|NL","Without Sequence","75.92","",""
"12/04/2026 01:00:00 - 12/04/2026 01:15:00","BZN|NL","Without Sequence","74.74","",""
"12/04/2026 01:15:00 - 12/04/2026 01:30:00","BZN|NL","Without Sequence","77.31","",""
"12/04/2026 01:30:00 - 12/04/2026 01:45:00","BZN|NL","Without Sequence","76.40","",""
"12/04/2026 01:45:00 - 12/04/2026 02:00:00","BZN|NL","Without Sequence","79.08","",""
"12/04/2026 02:00:00 - 12/04/2026 02:15:00","BZN|NL","Without Sequence","82.26","",""
"12/04/2026 02:15:00 - 12/04/2026 02:30:00","BZN|NL","Without Sequence","83.96","",""
"12/04/2026 02:30:00 - 12/04/2026 02:45:00","BZN|NL","Without Sequence","86.47","",""
"12/04/2026 02:45:00 - 12/04/2026 03:00:00","BZN|NL","Without Sequence","90.04","",""
"12/04/2026 03:00:00 - 12/04/2026 03:15:00","BZN|NL","Without Sequence","86.32","",""
"12/04/2026 03:15:00 - 12/04/2026 03:30:00","BZN|NL","Without Sequence","89.64","",""
"12/04/2026 03:30:00 - 12/04/2026 03:45:00","BZN|NL","Without Sequence","89.54","",""
"12/04/2026 03:45:00 - 12/04/2026 04:00:00","BZN|NL","Without Sequence","88.41","",""
"12/04/2026 04:00:00 - 12/04/2026 04:15:00","BZN|NL","Without Sequence","90.94","",""
"12/04/2026 04:15:00 - 12/04/2026 04:30:00","BZN|NL","Without Sequence","90.46","",""
"12/04/2026 04:30:00 - 12/04/2026 04:45:00","BZN|NL","Without Sequence","87.11","",""
"12/04/2026 04:45:00 - 12/04/2026 05:00:00","BZN|NL","Without Sequence","84.91","",""
"12/04/2026 05:00:00 - 12/04/2026 05:15:00","BZN|NL","Without Sequence","94.15","",""
"12/04/2026 05:15:00 - 12/04/2026 05:30:00","BZN|NL","Without Sequence","85.54","",""
"12/04/2026 05:30:00 - 12/04/2026 05:45:00","BZN|NL","Without Sequence","79.67","",""
"12/04/2026 05:45:00 - 12/04/2026 06:00:00","BZN|NL","Without Sequence","77.32","",""
"12/04/2026 06:00:00 - 12/04/2026 06:15:00","BZN|NL","Without Sequence","79.55","",""
"12/04/2026 06:15:00 - 12/04/2026 06:30:00","BZN|NL","Without Sequence","73.26","",""
"12/04/2026 06:30:00 - 12/04/2026 06:45:00","BZN|NL","Without Sequence","68.93","",""
"12/04/2026 06:45:00 - 12/04/2026 07:00:00","BZN|NL","Without Sequence","51.79","",""
"12/04/2026 07:00:00 - 12/04/2026 07:15:00","BZN|NL","Without Sequence","56.47","",""
"12/04/2026 07:15:00 - 12/04/2026 07:30:00","BZN|NL","Without Sequence","48.91","",""
"12/04/2026 07:30:00 - 12/04/2026 07:45:00","BZN|NL","Without Sequence","41.51","",""
"12/04/2026 07:45:00 - 12/04/2026 08:00:00","BZN|NL","Without Sequence","37.86","",""
"12/04/2026 08:00:00 - 12/04/2026 08:15:00","BZN|NL","Without Sequence","44.67","",""
"12/04/2026 08:15:00 - 12/04/2026 08:30:00","BZN|NL","Without Sequence","23.21","",""
"12/04/2026 08:30:00 - 12/04/2026 08:45:00","BZN|NL","Without Sequence","-2.01","",""
"12/04/2026 08:45:00 - 12/04/2026 09:00:00","BZN|NL","Without Sequence","-2.03","",""
"12/04/2026 09:00:00 - 12/04/2026 09:15:00","BZN|NL","Without Sequence","-2.05","",""
"12/04/2026 09:15:00 - 12/04/2026 09:30:00","BZN|NL","Without Sequence","-2.07","",""
"12/04/2026 09:30:00 - 12/04/2026 09:45:00","BZN|NL","Without Sequence","-2.08","",""
"12/04/2026 09:45:00 - 12/04/2026 10:00:00","BZN|NL","Without Sequence","-2.09","",""
"12/04/2026 10:00:00 - 12/04/2026 10:15:00","BZN|NL","Without Sequence","-2.02","",""
"12/04/2026 10:15:00 - 12/04/2026 10:30:00","BZN|NL","Without Sequence","-2.02","",""
"12/04/2026 10:30:00 - 12/04/2026 10:45:00","BZN|NL","Without Sequence","-2.03","",""
"12/04/2026 10:45:00 - 12/04/2026 11:00:00","BZN|NL","Without Sequence","-2.02","",""
"12/04/2026 11:00:00 - 12/04/2026 11:15:00","BZN|NL","Without Sequence","-2.01","",""
"12/04/2026 11:15:00 - 12/04/2026 11:30:00","BZN|NL","Without Sequence","-2.00","",""
"12/04/2026 11:30:00 - 12/04/2026 11:45:00","BZN|NL","Without Sequence","-0.31","",""
"12/04/2026 11:45:00 - 12/04/2026 12:00:00","BZN|NL","Without Sequence","-0.20","",""
"12/04/2026 12:00:00 - 12/04/2026 12:15:00","BZN|NL","Without Sequence","0.00","",""
"12/04/2026 12:15:00 - 12/04/2026 12:30:00","BZN|NL","Without Sequence","3.24","",""
"12/04/2026 12:30:00 - 12/04/2026 12:45:00","BZN|NL","Without Sequence","8.02","",""
"12/04/2026 12:45:00 - 12/04/2026 13:00:00","BZN|NL","Without Sequence","7.04","",""
"12/04/2026 13:00:00 - 12/04/2026 13:15:00","BZN|NL","Without Sequence","5.97","",""
"12/04/2026 13:15:00 - 12/04/2026 13:30:00","BZN|NL","Without Sequence","10.04","",""
"12/04/2026 13:30:00 - 12/04/2026 13:45:00","BZN|NL","Without Sequence","17.24","",""
"12/04/2026 13:45:00 - 12/04/2026 14:00:00","BZN|NL","Without Sequence","30.43","",""
"12/04/2026 14:00:00 - 12/04/2026 14:15:00","BZN|NL","Without Sequence","32.24","",""
"12/04/2026 14:15:00 - 12/04/2026 14:30:00","BZN|NL","Without Sequence","57.80","",""
"12/04/2026 14:30:00 - 12/04/2026 14:45:00","BZN|NL","Without Sequence","60.43","",""
"12/04/2026 14:45:00 - 12/04/2026 15:00:00","BZN|NL","Without Sequence","95.95","",""
"12/04/2026 15:00:00 - 12/04/2026 15:15:00","BZN|NL","Without Sequence","60.43","",""
"12/04/2026 15:15:00 - 12/04/2026 15:30:00","BZN|NL","Without Sequence","90.78","",""
"12/04/2026 15:30:00 - 12/04/2026 15:45:00","BZN|NL","Without Sequence","122.98","",""
"12/04/2026 15:45:00 - 12/04/2026 16:00:00","BZN|NL","Without Sequence","136.48","",""
"12/04/2026 16:00:00 - 12/04/2026 16:15:00","BZN|NL","Without Sequence","117.65","",""
"12/04/2026 16:15:00 - 12/04/2026 16:30:00","BZN|NL","Without Sequence","126.49","",""
"12/04/2026 16:30:00 - 12/04/2026 16:45:00","BZN|NL","Without Sequence","137.93","",""
"12/04/2026 16:45:00 - 12/04/2026 17:00:00","BZN|NL","Without Sequence","147.40","",""
"12/04/2026 17:00:00 - 12/04/2026 17:15:00","BZN|NL","Without Sequence","136.97","",""
"12/04/2026 17:15:00 - 12/04/2026 17:30:00","BZN|NL","Without Sequence","136.59","",""
"12/04/2026 17:30:00 - 12/04/2026 17:45:00","BZN|NL","Without Sequence","145.46","",""
"12/04/2026 17:45:00 - 12/04/2026 18:00:00","BZN|NL","Without Sequence","157.05","",""
"12/04/2026 18:00:00 - 12/04/2026 18:15:00","BZN|NL","Without Sequence","148.88","",""
"12/04/2026 18:15:00 - 12/04/2026 18:30:00","BZN|NL","Without Sequence","147.83","",""
"12/04/2026 18:30:00 - 12/04/2026 18:45:00","BZN|NL","Without Sequence","146.09","",""
"12/04/2026 18:45:00 - 12/04/2026 19:00:00","BZN|NL","Without Sequence","140.23","",""
"12/04/2026 19:00:00 - 12/04/2026 19:15:00","BZN|NL","Without Sequence","140.92","",""
"12/04/2026 19:15:00 - 12/04/2026 19:30:00","BZN|NL","Without Sequence","135.30","",""
"12/04/2026 19:30:00 - 12/04/2026 19:45:00","BZN|NL","Without Sequence","137.30","",""
"12/04/2026 19:45:00 - 12/04/2026 20:00:00","BZN|NL","Without Sequence","133.41","",""
"12/04/2026 20:00:00 - 12/04/2026 20:15:00","BZN|NL","Without Sequence","139.59","",""
"12/04/2026 20:15:00 - 12/04/2026 20:30:00","BZN|NL","Without Sequence","134.70","",""
"12/04/2026 20:30:00 - 12/04/2026 20:45:00","BZN|NL","Without Sequence","128.72","",""
"12/04/2026 20:45:00 - 12/04/2026 21:00:00","BZN|NL","Without Sequence","119.42","",""
"12/04/2026 21:00:00 - 12/04/2026 21:15:00","BZN|NL","Without Sequence","135.05","",""
"12/04/2026 21:15:00 - 12/04/2026 21:30:00","BZN|NL","Without Sequence","119.33","",""
"12/04/2026 21:30:00 - 12/04/2026 21:45:00","BZN|NL","Without Sequence","119.42","",""
"12/04/2026 21:45:00 - 12/04/2026 22:00:00","BZN|NL","Without Sequence","110.23","",""
"12/04/2026 22:00:00 - 12/04/2026 22:15:00","BZN|NL","Without Sequence","123.33","",""
"12/04/2026 22:15:00 - 12/04/2026 22:30:00","BZN|NL","Without Sequence","119.38","",""
"12/04/2026 22:30:00 - 12/04/2026 22:45:00","BZN|NL","Without Sequence","111.99","",""
"12/04/2026 22:45:00 - 12/04/2026 23:00:00","BZN|NL","Without Sequence","108.39","",""
"12/04/2026 23:00:00 - 12/04/2026 23:15:00","BZN|NL","Without Sequence","113.29","",""
"12/04/2026 23:15:00 - 12/04/2026 23:30:00","BZN|NL","Without Sequence","110.60","",""
"12/04/2026 23:30:00 - 12/04/2026 23:45:00","BZN|NL","Without Sequence","110.00","",""
"12/04/2026 23:45:00 - 13/04/2026 00:00:00","BZN|NL","Without Sequence","105.29","",""
"13/04/2026 00:00:00 - 13/04/2026 00:15:00","BZN|NL","Without Sequence","109.20","",""
"13/04/2026 00:15:00 - 13/04/2026 00:30:00","BZN|NL","Without Sequence","102.68","",""
"13/04/2026 00:30:00 - 13/04/2026 00:45:00","BZN|NL","Without Sequence","106.99","",""
"13/04/2026 00:45:00 - 13/04/2026 01:00:00","BZN|NL","Without Sequence","105.98","",""
"13/04/2026 01:00:00 - 13/04/2026 01:15:00","BZN|NL","Without Sequence","109.28","",""
"13/04/2026 01:15:00 - 13/04/2026 01:30:00","BZN|NL","Without Sequence","104.84","",""
"13/04/2026 01:30:00 - 13/04/2026 01:45:00","BZN|NL","Without Sequence","106.92","",""
"13/04/2026 01:45:00 - 13/04/2026 02:00:00","BZN|NL","Without Sequence","103.81","",""
"13/04/2026 02:00:00 - 13/04/2026 02:15:00","BZN|NL","Without Sequence","109.16","",""
"13/04/2026 02:15:00 - 13/04/2026 02:30:00","BZN|NL","Without Sequence","109.53","",""
"13/04/2026 02:30:00 - 13/04/2026 02:45:00","BZN|NL","Without Sequence","106.40","",""
"13/04/2026 02:45:00 - 13/04/2026 03:00:00","BZN|NL","Without Sequence","111.10","",""
"13/04/2026 03:00:00 - 13/04/2026 03:15:00","BZN|NL","Without Sequence","112.64","",""
"13/04/2026 03:15:00 - 13/04/2026 03:30:00","BZN|NL","Without Sequence","113.80","",""
"13/04/2026 03:30:00 - 13/04/2026 03:45:00","BZN|NL","Without Sequence","117.49","",""
"13/04/2026 03:45:00 - 13/04/2026 04:00:00","BZN|NL","Without Sequence","124.08","",""
"13/04/2026 04:00:00 - 13/04/2026 04:15:00","BZN|NL","Without Sequence","123.40","",""
"13/04/2026 04:15:00 - 13/04/2026 04:30:00","BZN|NL","Without Sequence","134.10","",""
"13/04/2026 04:30:00 - 13/04/2026 04:45:00","BZN|NL","Without Sequence","141.82","",""
"13/04/2026 04:45:00 - 13/04/2026 05:00:00","BZN|NL","Without Sequence","140.38","",""
"13/04/2026 05:00:00 - 13/04/2026 05:15:00","BZN|NL","Without Sequence","145.16","",""
"13/04/2026 05:15:00 - 13/04/2026 05:30:00","BZN|NL","Without Sequence","143.42","",""
"13/04/2026 05:30:00 - 13/04/2026 05:45:00","BZN|NL","Without Sequence","144.22","",""
"13/04/2026 05:45:00 - 13/04/2026 06:00:00","BZN|NL","Without Sequence","144.55","",""
"13/04/2026 06:00:00 - 13/04/2026 06:15:00","BZN|NL","Without Sequence","213.31","",""
"13/04/2026 06:15:00 - 13/04/2026 06:30:00","BZN|NL","Without Sequence","172.10","",""
"13/04/2026 06:30:00 - 13/04/2026 06:45:00","BZN|NL","Without Sequence","157.43","",""
"13/04/2026 06:45:00 - 13/04/2026 07:00:00","BZN|NL","Without Sequence","150.62","",""
"13/04/2026 07:00:00 - 13/04/2026 07:15:00","BZN|NL","Without Sequence","194.22","",""
"13/04/2026 07:15:00 - 13/04/2026 07:30:00","BZN|NL","Without Sequence","178.66","",""
"13/04/2026 07:30:00 - 13/04/2026 07:45:00","BZN|NL","Without Sequence","147.57","",""
"13/04/2026 07:45:00 - 13/04/2026 08:00:00","BZN|NL","Without Sequence","133.77","",""
"13/04/2026 08:00:00 - 13/04/2026 08:15:00","BZN|NL","Without Sequence","181.69","",""
"13/04/2026 08:15:00 - 13/04/2026 08:30:00","BZN|NL","Without Sequence","136.35","",""
"13/04/2026 08:30:00 - 13/04/2026 08:45:00","BZN|NL","Without Sequence","127.53","",""
"13/04/2026 08:45:00 - 13/04/2026 09:00:00","BZN|NL","Without Sequence","122.06","",""
"13/04/2026 09:00:00 - 13/04/2026 09:15:00","BZN|NL","Without Sequence","127.95","",""
"13/04/2026 09:15:00 - 13/04/2026 09:30:00","BZN|NL","Without Sequence","118.75","",""
"13/04/2026 09:30:00 - 13/04/2026 09:45:00","BZN|NL","Without Sequence","117.66","",""
"13/04/2026 09:45:00 - 13/04/2026 10:00:00","BZN|NL","Without Sequence","123.30","",""
"13/04/2026 10:00:00 - 13/04/2026 10:15:00","BZN|NL","Without Sequence","120.34","",""
"13/04/2026 10:15:00 - 13/04/2026 10:30:00","BZN|NL","Without Sequence","109.04","",""
"13/04/2026 10:30:00 - 13/04/2026 10:45:00","BZN|NL","Without Sequence","112.48","",""
"13/04/2026 10:45:00 - 13/04/2026 11:00:00","BZN|NL","Without Sequence","105.45","",""
"13/04/2026 11:00:00 - 13/04/2026 11:15:00","BZN|NL","Without Sequence","108.24","",""
"13/04/2026 11:15:00 - 13/04/2026 11:30:00","BZN|NL","Without Sequence","107.17","",""
"13/04/2026 11:30:00 - 13/04/2026 11:45:00","BZN|NL","Without Sequence","106.54","",""
"13/04/2026 11:45:00 - 13/04/2026 12:00:00","BZN|NL","Without Sequence","103.74","",""
"13/04/2026 12:00:00 - 13/04/2026 12:15:00","BZN|NL","Without Sequence","110.31","",""
"13/04/2026 12:15:00 - 13/04/2026 12:30:00","BZN|NL","Without Sequence","117.62","",""
"13/04/2026 12:30:00 - 13/04/2026 12:45:00","BZN|NL","Without Sequence","112.92","",""
"13/04/2026 12:45:00 - 13/04/2026 13:00:00","BZN|NL","Without Sequence","116.19","",""
"13/04/2026 13:00:00 - 13/04/2026 13:15:00","BZN|NL","Without Sequence","119.42","",""
"13/04/2026 13:15:00 - 13/04/2026 13:30:00","BZN|NL","Without Sequence","119.01","",""
"13/04/2026 13:30:00 - 13/04/2026 13:45:00","BZN|NL","Without Sequence","111.15","",""
"13/04/2026 13:45:00 - 13/04/2026 14:00:00","BZN|NL","Without Sequence","118.19","",""
"13/04/2026 14:00:00 - 13/04/2026 14:15:00","BZN|NL","Without Sequence","102.05","",""
"13/04/2026 14:15:00 - 13/04/2026 14:30:00","BZN|NL","Without Sequence","104.31","",""
"13/04/2026 14:30:00 - 13/04/2026 14:45:00","BZN|NL","Without Sequence","116.89","",""
"13/04/2026 14:45:00 - 13/04/2026 15:00:00","BZN|NL","Without Sequence","131.43","",""
"13/04/2026 15:00:00 - 13/04/2026 15:15:00","BZN|NL","Without Sequence","95.20","",""
"13/04/2026 15:15:00 - 13/04/2026 15:30:00","BZN|NL","Without Sequence","117.50","",""
"13/04/2026 15:30:00 - 13/04/2026 15:45:00","BZN|NL","Without Sequence","135.79","",""
"13/04/2026 15:45:00 - 13/04/2026 16:00:00","BZN|NL","Without Sequence","153.40","",""
"13/04/2026 16:00:00 - 13/04/2026 16:15:00","BZN|NL","Without Sequence","125.69","",""
"13/04/2026 16:15:00 - 13/04/2026 16:30:00","BZN|NL","Without Sequence","140.26","",""
"13/04/2026 16:30:00 - 13/04/2026 16:45:00","BZN|NL","Without Sequence","147.07","",""
"13/04/2026 16:45:00 - 13/04/2026 17:00:00","BZN|NL","Without Sequence","165.48","",""
"13/04/2026 17:00:00 - 13/04/2026 17:15:00","BZN|NL","Without Sequence","152.45","",""
"13/04/2026 17:15:00 - 13/04/2026 17:30:00","BZN|NL","Without Sequence","159.19","",""
"13/04/2026 17:30:00 - 13/04/2026 17:45:00","BZN|NL","Without Sequence","165.03","",""
"13/04/2026 17:45:00 - 13/04/2026 18:00:00","BZN|NL","Without Sequence","183.12","",""
"13/04/2026 18:00:00 - 13/04/2026 18:15:00","BZN|NL","Without Sequence","160.37","",""
"13/04/2026 18:15:00 - 13/04/2026 18:30:00","BZN|NL","Without Sequence","160.10","",""
"13/04/2026 18:30:00 - 13/04/2026 18:45:00","BZN|NL","Without Sequence","150.59","",""
"13/04/2026 18:45:00 - 13/04/2026 19:00:00","BZN|NL","Without Sequence","144.00","",""
"13/04/2026 19:00:00 - 13/04/2026 19:15:00","BZN|NL","Without Sequence","162.50","",""
"13/04/2026 19:15:00 - 13/04/2026 19:30:00","BZN|NL","Without Sequence","147.30","",""
"13/04/2026 19:30:00 - 13/04/2026 19:45:00","BZN|NL","Without Sequence","136.18","",""
"13/04/2026 19:45:00 - 13/04/2026 20:00:00","BZN|NL","Without Sequence","127.15","",""
"13/04/2026 20:00:00 - 13/04/2026 20:15:00","BZN|NL","Without Sequence","136.87","",""
"13/04/2026 20:15:00 - 13/04/2026 20:30:00","BZN|NL","Without Sequence","130.97","",""
"13/04/2026 20:30:00 - 13/04/2026 20:45:00","BZN|NL","Without Sequence","128.56","",""
"13/04/2026 20:45:00 - 13/04/2026 21:00:00","BZN|NL","Without Sequence","126.39","",""
"13/04/2026 21:00:00 - 13/04/2026 21:15:00","BZN|NL","Without Sequence","130.98","",""
"13/04/2026 21:15:00 - 13/04/2026 21:30:00","BZN|NL","Without Sequence","124.46","",""
"13/04/2026 21:30:00 - 13/04/2026 21:45:00","BZN|NL","Without Sequence","122.10","",""
"13/04/2026 21:45:00 - 13/04/2026 22:00:00","BZN|NL","Without Sequence","113.38","",""
"13/04/2026 22:00:00 - 13/04/2026 22:15:00","BZN|NL","Without Sequence","124.13","",""
"13/04/2026 22:15:00 - 13/04/2026 22:30:00","BZN|NL","Without Sequence","116.69","",""
"13/04/2026 22:30:00 - 13/04/2026 22:45:00","BZN|NL","Without Sequence","113.72","",""
"13/04/2026 22:45:00 - 13/04/2026 23:00:00","BZN|NL","Without Sequence","111.44","",""
"13/04/2026 23:00:00 - 13/04/2026 23:15:00","BZN|NL","Without Sequence","114.13","",""
"13/04/2026 23:15:00 - 13/04/2026 23:30:00","BZN|NL","Without Sequence","113.80","",""
"13/04/2026 23:30:00 - 13/04/2026 23:45:00","BZN|NL","Without Sequence","113.32","",""
"13/04/2026 23:45:00 - 14/04/2026 00:00:00","BZN|NL","Without Sequence","115.67","",""
"14/04/2026 00:00:00 - 14/04/2026 00:15:00","BZN|NL","Without Sequence","115.60","",""
"14/04/2026 00:15:00 - 14/04/2026 00:30:00","BZN|NL","Without Sequence","115.53","",""
"14/04/2026 00:30:00 - 14/04/2026 00:45:00","BZN|NL","Without Sequence","114.93","",""
"14/04/2026 00:45:00 - 14/04/2026 01:00:00","BZN|NL","Without Sequence","115.96","",""
"14/04/2026 01:00:00 - 14/04/2026 01:15:00","BZN|NL","Without Sequence","113.53","",""
"14/04/2026 01:15:00 - 14/04/2026 01:30:00","BZN|NL","Without Sequence","112.59","",""
"14/04/2026 01:30:00 - 14/04/2026 01:45:00","BZN|NL","Without Sequence","114.26","",""
"14/04/2026 01:45:00 - 14/04/2026 02:00:00","BZN|NL","Without Sequence","113.84","",""
"14/04/2026 02:00:00 - 14/04/2026 02:15:00","BZN|NL","Without Sequence","113.33","",""
"14/04/2026 02:15:00 - 14/04/2026 02:30:00","BZN|NL","Without Sequence","113.63","",""
"14/04/2026 02:30:00 - 14/04/2026 02:45:00","BZN|NL","Without Sequence","115.40","",""
"14/04/2026 02:45:00 - 14/04/2026 03:00:00","BZN|NL","Without Sequence","116.24","",""
"14/04/2026 03:00:00 - 14/04/2026 03:15:00","BZN|NL","Without Sequence","114.65","",""
"14/04/2026 03:15:00 - 14/04/2026 03:30:00","BZN|NL","Without Sequence","116.73","",""
"14/04/2026 03:30:00 - 14/04/2026 03:45:00","BZN|NL","Without Sequence","118.00","",""
"14/04/2026 03:45:00 - 14/04/2026 04:00:00","BZN|NL","Without Sequence","122.80","",""
"14/04/2026 04:00:00 - 14/04/2026 04:15:00","BZN|NL","Without Sequence","120.10","",""
"14/04/2026 04:15:00 - 14/04/2026 04:30:00","BZN|NL","Without Sequence","135.53","",""
"14/04/2026 04:30:00 - 14/04/2026 04:45:00","BZN|NL","Without Sequence","140.71","",""
"14/04/2026 04:45:00 - 14/04/2026 05:00:00","BZN|NL","Without Sequence","156.82","",""
"14/04/2026 05:00:00 - 14/04/2026 05:15:00","BZN|NL","Without Sequence","155.57","",""
"14/04/2026 05:15:00 - 14/04/2026 05:30:00","BZN|NL","Without Sequence","167.62","",""
"14/04/2026 05:30:00 - 14/04/2026 05:45:00","BZN|NL","Without Sequence","171.86","",""
"14/04/2026 05:45:00 - 14/04/2026 06:00:00","BZN|NL","Without Sequence","155.56","",""
"14/04/2026 06:00:00 - 14/04/2026 06:15:00","BZN|NL","Without Sequence","197.95","",""
"14/04/2026 06:15:00 - 14/04/2026 06:30:00","BZN|NL","Without Sequence","180.78","",""
"14/04/2026 06:30:00 - 14/04/2026 06:45:00","BZN|NL","Without Sequence","150.38","",""
"14/04/2026 06:45:00 - 14/04/2026 07:00:00","BZN|NL","Without Sequence","132.02","",""
"14/04/2026 07:00:00 - 14/04/2026 07:15:00","BZN|NL","Without Sequence","172.43","",""
"14/04/2026 07:15:00 - 14/04/2026 07:30:00","BZN|NL","Without Sequence","134.76","",""
"14/04/2026 07:30:00 - 14/04/2026 07:45:00","BZN|NL","Without Sequence","139.92","",""
"14/04/2026 07:45:00 - 14/04/2026 08:00:00","BZN|NL","Without Sequence","119.35","",""
"14/04/2026 08:00:00 - 14/04/2026 08:15:00","BZN|NL","Without Sequence","139.30","",""
"14/04/2026 08:15:00 - 14/04/2026 08:30:00","BZN|NL","Without Sequence","123.92","",""
"14/04/2026 08:30:00 - 14/04/2026 08:45:00","BZN|NL","Without Sequence","119.00","",""
"14/04/2026 08:45:00 - 14/04/2026 09:00:00","BZN|NL","Without Sequence","111.14","",""
"14/04/2026 09:00:00 - 14/04/2026 09:15:00","BZN|NL","Without Sequence","113.34","",""
"14/04/2026 09:15:00 - 14/04/2026 09:30:00","BZN|NL","Without Sequence","110.60","",""
"14/04/2026 09:30:00 - 14/04/2026 09:45:00","BZN|NL","Without Sequence","102.91","",""
"14/04/2026 09:45:00 - 14/04/2026 10:00:00","BZN|NL","Without Sequence","100.30","",""
"14/04/2026 10:00:00 - 14/04/2026 10:15:00","BZN|NL","Without Sequence","105.79","",""
"14/04/2026 10:15:00 - 14/04/2026 10:30:00","BZN|NL","Without Sequence","99.66","",""
"14/04/2026 10:30:00 - 14/04/2026 10:45:00","BZN|NL","Without Sequence","100.22","",""
"14/04/2026 10:45:00 - 14/04/2026 11:00:00","BZN|NL","Without Sequence","96.25","",""
"14/04/2026 11:00:00 - 14/04/2026 11:15:00","BZN|NL","Without Sequence","94.22","",""
"14/04/2026 11:15:00 - 14/04/2026 11:30:00","BZN|NL","Without Sequence","94.02","",""
"14/04/2026 11:30:00 - 14/04/2026 11:45:00","BZN|NL","Without Sequence","94.78","",""
"14/04/2026 11:45:00 - 14/04/2026 12:00:00","BZN|NL","Without Sequence","92.96","",""
"14/04/2026 12:00:00 - 14/04/2026 12:15:00","BZN|NL","Without Sequence","83.51","",""
"14/04/2026 12:15:00 - 14/04/2026 12:30:00","BZN|NL","Without Sequence","87.62","",""
"14/04/2026 12:30:00 - 14/04/2026 12:45:00","BZN|NL","Without Sequence","92.69","",""
"14/04/2026 12:45:00 - 14/04/2026 13:00:00","BZN|NL","Without Sequence","102.82","",""
"14/04/2026 13:00:00 - 14/04/2026 13:15:00","BZN|NL","Without Sequence","91.23","",""
"14/04/2026 13:15:00 - 14/04/2026 13:30:00","BZN|NL","Without Sequence","99.51","",""
"14/04/2026 13:30:00 - 14/04/2026 13:45:00","BZN|NL","Without Sequence","105.66","",""
"14/04/2026 13:45:00 - 14/04/2026 14:00:00","BZN|NL","Without Sequence","113.25","",""
"14/04/2026 14:00:00 - 14/04/2026 14:15:00","BZN|NL","Without Sequence","97.95","",""
"14/04/2026 14:15:00 - 14/04/2026 14:30:00","BZN|NL","Without Sequence","101.39","",""
"14/04/2026 14:30:00 - 14/04/2026 14:45:00","BZN|NL","Without Sequence","112.79","",""
"14/04/2026 14:45:00 - 14/04/2026 15:00:00","BZN|NL","Without Sequence","120.19","",""
"14/04/2026 15:00:00 - 14/04/2026 15:15:00","BZN|NL","Without Sequence","105.20","",""
"14/04/2026 15:15:00 - 14/04/2026 15:30:00","BZN|NL","Without Sequence","124.55","",""
"14/04/2026 15:30:00 - 14/04/2026 15:45:00","BZN|NL","Without Sequence","135.47","",""
"14/04/2026 15:45:00 - 14/04/2026 16:00:00","BZN|NL","Without Sequence","140.96","",""
"14/04/2026 16:00:00 - 14/04/2026 16:15:00","BZN|NL","Without Sequence","125.58","",""
"14/04/2026 16:15:00 - 14/04/2026 16:30:00","BZN|NL","Without Sequence","143.35","",""
"14/04/2026 16:30:00 - 14/04/2026 16:45:00","BZN|NL","Without Sequence","152.57","",""
"14/04/2026 16:45:00 - 14/04/2026 17:00:00","BZN|NL","Without Sequence","189.58","",""
"14/04/2026 17:00:00 - 14/04/2026 17:15:00","BZN|NL","Without Sequence","163.97","",""
"14/04/2026 17:15:00 - 14/04/2026 17:30:00","BZN|NL","Without Sequence","185.47","",""
"14/04/2026 17:30:00 - 14/04/2026 17:45:00","BZN|NL","Without Sequence","222.10","",""
"14/04/2026 17:45:00 - 14/04/2026 18:00:00","BZN|NL","Without Sequence","279.06","",""
"14/04/2026 18:00:00 - 14/04/2026 18:15:00","BZN|NL","Without Sequence","245.92","",""
"14/04/2026 18:15:00 - 14/04/2026 18:30:00","BZN|NL","Without Sequence","241.18","",""
"14/04/2026 18:30:00 - 14/04/2026 18:45:00","BZN|NL","Without Sequence","218.78","",""
"14/04/2026 18:45:00 - 14/04/2026 19:00:00","BZN|NL","Without Sequence","191.45","",""
"14/04/2026 19:00:00 - 14/04/2026 19:15:00","BZN|NL","Without Sequence","180.18","",""
"14/04/2026 19:15:00 - 14/04/2026 19:30:00","BZN|NL","Without Sequence","163.96","",""
"14/04/2026 19:30:00 - 14/04/2026 19:45:00","BZN|NL","Without Sequence","151.29","",""
"14/04/2026 19:45:00 - 14/04/2026 20:00:00","BZN|NL","Without Sequence","144.52","",""
"14/04/2026 20:00:00 - 14/04/2026 20:15:00","BZN|NL","Without Sequence","153.04","",""
"14/04/2026 20:15:00 - 14/04/2026 20:30:00","BZN|NL","Without Sequence","145.31","",""
"14/04/2026 20:30:00 - 14/04/2026 20:45:00","BZN|NL","Without Sequence","142.18","",""
"14/04/2026 20:45:00 - 14/04/2026 21:00:00","BZN|NL","Without Sequence","134.47","",""
"14/04/2026 21:00:00 - 14/04/2026 21:15:00","BZN|NL","Without Sequence","145.04","",""
"14/04/2026 21:15:00 - 14/04/2026 21:30:00","BZN|NL","Without Sequence","135.87","",""
"14/04/2026 21:30:00 - 14/04/2026 21:45:00","BZN|NL","Without Sequence","129.50","",""
"14/04/2026 21:45:00 - 14/04/2026 22:00:00","BZN|NL","Without Sequence","116.68","",""
"14/04/2026 22:00:00 - 14/04/2026 22:15:00","BZN|NL","Without Sequence","124.50","",""
"14/04/2026 22:15:00 - 14/04/2026 22:30:00","BZN|NL","Without Sequence","121.69","",""
"14/04/2026 22:30:00 - 14/04/2026 22:45:00","BZN|NL","Without Sequence","117.75","",""
"14/04/2026 22:45:00 - 14/04/2026 23:00:00","BZN|NL","Without Sequence","113.98","",""
"14/04/2026 23:00:00 - 14/04/2026 23:15:00","BZN|NL","Without Sequence","116.86","",""
"14/04/2026 23:15:00 - 14/04/2026 23:30:00","BZN|NL","Without Sequence","114.91","",""
"14/04/2026 23:30:00 - 14/04/2026 23:45:00","BZN|NL","Without Sequence","112.01","",""
"14/04/2026 23:45:00 - 15/04/2026 00:00:00","BZN|NL","Without Sequence","109.46","",""
"15/04/2026 00:00:00 - 15/04/2026 00:15:00","BZN|NL","Without Sequence","110.76","",""
"15/04/2026 00:15:00 - 15/04/2026 00:30:00","BZN|NL","Without Sequence","109.19","",""
"15/04/2026 00:30:00 - 15/04/2026 00:45:00","BZN|NL","Without Sequence","107.40","",""
"15/04/2026 00:45:00 - 15/04/2026 01:00:00","BZN|NL","Without Sequence","106.70","",""
"15/04/2026 01:00:00 - 15/04/2026 01:15:00","BZN|NL","Without Sequence","105.92","",""
"15/04/2026 01:15:00 - 15/04/2026 01:30:00","BZN|NL","Without Sequence","105.81","",""
"15/04/2026 01:30:00 - 15/04/2026 01:45:00","BZN|NL","Without Sequence","105.79","",""
"15/04/2026 01:45:00 - 15/04/2026 02:00:00","BZN|NL","Without Sequence","105.77","",""
"15/04/2026 02:00:00 - 15/04/2026 02:15:00","BZN|NL","Without Sequence","105.91","",""
"15/04/2026 02:15:00 - 15/04/2026 02:30:00","BZN|NL","Without Sequence","104.96","",""
"15/04/2026 02:30:00 - 15/04/2026 02:45:00","BZN|NL","Without Sequence","107.02","",""
"15/04/2026 02:45:00 - 15/04/2026 03:00:00","BZN|NL","Without Sequence","108.60","",""
"15/04/2026 03:00:00 - 15/04/2026 03:15:00","BZN|NL","Without Sequence","109.78","",""
"15/04/2026 03:15:00 - 15/04/2026 03:30:00","BZN|NL","Without Sequence","114.25","",""
"15/04/2026 03:30:00 - 15/04/2026 03:45:00","BZN|NL","Without Sequence","119.02","",""
"15/04/2026 03:45:00 - 15/04/2026 04:00:00","BZN|NL","Without Sequence","127.43","",""
"15/04/2026 04:00:00 - 15/04/2026 04:15:00","BZN|NL","Without Sequence","130.75","",""
"15/04/2026 04:15:00 - 15/04/2026 04:30:00","BZN|NL","Without Sequence","139.90","",""
"15/04/2026 04:30:00 - 15/04/2026 04:45:00","BZN|NL","Without Sequence","144.06","",""
"15/04/2026 04:45:00 - 15/04/2026 05:00:00","BZN|NL","Without Sequence","148.61","",""
"15/04/2026 05:00:00 - 15/04/2026 05:15:00","BZN|NL","Without Sequence","160.13","",""
"15/04/2026 05:15:00 - 15/04/2026 05:30:00","BZN|NL","Without Sequence","159.89","",""
"15/04/2026 05:30:00 - 15/04/2026 05:45:00","BZN|NL","Without Sequence","157.17","",""
"15/04/2026 05:45:00 - 15/04/2026 06:00:00","BZN|NL","Without Sequence","142.45","",""
"15/04/2026 06:00:00 - 15/04/2026 06:15:00","BZN|NL","Without Sequence","164.50","",""
"15/04/2026 06:15:00 - 15/04/2026 06:30:00","BZN|NL","Without Sequence","141.88","",""
"15/04/2026 06:30:00 - 15/04/2026 06:45:00","BZN|NL","Without Sequence","135.77","",""
"15/04/2026 06:45:00 - 15/04/2026 07:00:00","BZN|NL","Without Sequence","114.25","",""
"15/04/2026 07:00:00 - 15/04/2026 07:15:00","BZN|NL","Without Sequence","130.00","",""
"15/04/2026 07:15:00 - 15/04/2026 07:30:00","BZN|NL","Without Sequence","121.94","",""
"15/04/2026 07:30:00 - 15/04/2026 07:45:00","BZN|NL","Without Sequence","108.94","",""
"15/04/2026 07:45:00 - 15/04/2026 08:00:00","BZN|NL","Without Sequence","103.11","",""
"15/04/2026 08:00:00 - 15/04/2026 08:15:00","BZN|NL","Without Sequence","126.00","",""
"15/04/2026 08:15:00 - 15/04/2026 08:30:00","BZN|NL","Without Sequence","95.08","",""
"15/04/2026 08:30:00 - 15/04/2026 08:45:00","BZN|NL","Without Sequence","84.38","",""
"15/04/2026 08:45:00 - 15/04/2026 09:00:00","BZN|NL","Without Sequence","73.59","",""
"15/04/2026 09:00:00 - 15/04/2026 09:15:00","BZN|NL","Without Sequence","88.07","",""
"15/04/2026 09:15:00 - 15/04/2026 09:30:00","BZN|NL","Without Sequence","75.12","",""
"15/04/2026 09:30:00 - 15/04/2026 09:45:00","BZN|NL","Without Sequence","63.85","",""
"15/04/2026 09:45:00 - 15/04/2026 10:00:00","BZN|NL","Without Sequence","48.71","",""
"15/04/2026 10:00:00 - 15/04/2026 10:15:00","BZN|NL","Without Sequence","60.26","",""
"15/04/2026 10:15:00 - 15/04/2026 10:30:00","BZN|NL","Without Sequence","50.05","",""
"15/04/2026 10:30:00 - 15/04/2026 10:45:00","BZN|NL","Without Sequence","47.50","",""
"15/04/2026 10:45:00 - 15/04/2026 11:00:00","BZN|NL","Without Sequence","42.19","",""
"15/04/2026 11:00:00 - 15/04/2026 11:15:00","BZN|NL","Without Sequence","41.06","",""
"15/04/2026 11:15:00 - 15/04/2026 11:30:00","BZN|NL","Without Sequence","40.66","",""
"15/04/2026 11:30:00 - 15/04/2026 11:45:00","BZN|NL","Without Sequence","41.96","",""
"15/04/2026 11:45:00 - 15/04/2026 12:00:00","BZN|NL","Without Sequence","45.91","",""
"15/04/2026 12:00:00 - 15/04/2026 12:15:00","BZN|NL","Without Sequence","34.98","",""
"15/04/2026 12:15:00 - 15/04/2026 12:30:00","BZN|NL","Without Sequence","53.49","",""
"15/04/2026 12:30:00 - 15/04/2026 12:45:00","BZN|NL","Without Sequence","63.97","",""
"15/04/2026 12:45:00 - 15/04/2026 13:00:00","BZN|NL","Without Sequence","75.37","",""
"15/04/2026 13:00:00 - 15/04/2026 13:15:00","BZN|NL","Without Sequence","56.71","",""
"15/04/2026 13:15:00 - 15/04/2026 13:30:00","BZN|NL","Without Sequence","66.19","",""
"15/04/2026 13:30:00 - 15/04/2026 13:45:00","BZN|NL","Without Sequence","74.89","",""
"15/04/2026 13:45:00 - 15/04/2026 14:00:00","BZN|NL","Without Sequence","84.44","",""
"15/04/2026 14:00:00 - 15/04/2026 14:15:00","BZN|NL","Without Sequence","74.77","",""
"15/04/2026 14:15:00 - 15/04/2026 14:30:00","BZN|NL","Without Sequence","85.25","",""
"15/04/2026 14:30:00 - 15/04/2026 14:45:00","BZN|NL","Without Sequence","92.43","",""
"15/04/2026 14:45:00 - 15/04/2026 15:00:00","BZN|NL","Without Sequence","98.26","",""
"15/04/2026 15:00:00 - 15/04/2026 15:15:00","BZN|NL","Without Sequence","96.34","",""
"15/04/2026 15:15:00 - 15/04/2026 15:30:00","BZN|NL","Without Sequence","104.66","",""
"15/04/2026 15:30:00 - 15/04/2026 15:45:00","BZN|NL","Without Sequence","116.60","",""
"15/04/2026 15:45:00 - 15/04/2026 16:00:00","BZN|NL","Without Sequence","126.83","",""
"15/04/2026 16:00:00 - 15/04/2026 16:15:00","BZN|NL","Without Sequence","114.66","",""
"15/04/2026 16:15:00 - 15/04/2026 16:30:00","BZN|NL","Without Sequence","121.60","",""
"15/04/2026 16:30:00 - 15/04/2026 16:45:00","BZN|NL","Without Sequence","133.69","",""
"15/04/2026 16:45:00 - 15/04/2026 17:00:00","BZN|NL","Without Sequence","148.65","",""
"15/04/2026 17:00:00 - 15/04/2026 17:15:00","BZN|NL","Without Sequence","146.49","",""
"15/04/2026 17:15:00 - 15/04/2026 17:30:00","BZN|NL","Without Sequence","161.09","",""
"15/04/2026 17:30:00 - 15/04/2026 17:45:00","BZN|NL","Without Sequence","165.32","",""
"15/04/2026 17:45:00 - 15/04/2026 18:00:00","BZN|NL","Without Sequence","190.21","",""
"15/04/2026 18:00:00 - 15/04/2026 18:15:00","BZN|NL","Without Sequence","188.66","",""
"15/04/2026 18:15:00 - 15/04/2026 18:30:00","BZN|NL","Without Sequence","177.52","",""
"15/04/2026 18:30:00 - 15/04/2026 18:45:00","BZN|NL","Without Sequence","172.38","",""
"15/04/2026 18:45:00 - 15/04/2026 19:00:00","BZN|NL","Without Sequence","152.24","",""
"15/04/2026 19:00:00 - 15/04/2026 19:15:00","BZN|NL","Without Sequence","166.07","",""
"15/04/2026 19:15:00 - 15/04/2026 19:30:00","BZN|NL","Without Sequence","146.89","",""
"15/04/2026 19:30:00 - 15/04/2026 19:45:00","BZN|NL","Without Sequence","139.97","",""
"15/04/2026 19:45:00 - 15/04/2026 20:00:00","BZN|NL","Without Sequence","125.73","",""
"15/04/2026 20:00:00 - 15/04/2026 20:15:00","BZN|NL","Without Sequence","140.37","",""
"15/04/2026 20:15:00 - 15/04/2026 20:30:00","BZN|NL","Without Sequence","132.58","",""
"15/04/2026 20:30:00 - 15/04/2026 20:45:00","BZN|NL","Without Sequence","126.76","",""
"15/04/2026 20:45:00 - 15/04/2026 21:00:00","BZN|NL","Without Sequence","123.15","",""
"15/04/2026 21:00:00 - 15/04/2026 21:15:00","BZN|NL","Without Sequence","130.11","",""
"15/04/2026 21:15:00 - 15/04/2026 21:30:00","BZN|NL","Without Sequence","120.71","",""
"15/04/2026 21:30:00 - 15/04/2026 21:45:00","BZN|NL","Without Sequence","112.29","",""
"15/04/2026 21:45:00 - 15/04/2026 22:00:00","BZN|NL","Without Sequence","103.40","",""
"15/04/2026 22:00:00 - 15/04/2026 22:15:00","BZN|NL","Without Sequence","111.26","",""
"15/04/2026 22:15:00 - 15/04/2026 22:30:00","BZN|NL","Without Sequence","107.13","",""
"15/04/2026 22:30:00 - 15/04/2026 22:45:00","BZN|NL","Without Sequence","102.38","",""
"15/04/2026 22:45:00 - 15/04/2026 23:00:00","BZN|NL","Without Sequence","99.01","",""
"15/04/2026 23:00:00 - 15/04/2026 23:15:00","BZN|NL","Without Sequence","103.08","",""
"15/04/2026 23:15:00 - 15/04/2026 23:30:00","BZN|NL","Without Sequence","99.69","",""
"15/04/2026 23:30:00 - 15/04/2026 23:45:00","BZN|NL","Without Sequence","99.19","",""
"15/04/2026 23:45:00 - 16/04/2026 00:00:00","BZN|NL","Without Sequence","98.45","",""
"16/04/2026 00:00:00 - 16/04/2026 00:15:00","BZN|NL","Without Sequence","98.64","",""
"16/04/2026 00:15:00 - 16/04/2026 00:30:00","BZN|NL","Without Sequence","97.97","",""
"16/04/2026 00:30:00 - 16/04/2026 00:45:00","BZN|NL","Without Sequence","97.89","",""
"16/04/2026 00:45:00 - 16/04/2026 01:00:00","BZN|NL","Without Sequence","95.76","",""
"16/04/2026 01:00:00 - 16/04/2026 01:15:00","BZN|NL","Without Sequence","96.05","",""
"16/04/2026 01:15:00 - 16/04/2026 01:30:00","BZN|NL","Without Sequence","96.30","",""
"16/04/2026 01:30:00 - 16/04/2026 01:45:00","BZN|NL","Without Sequence","98.01","",""
"16/04/2026 01:45:00 - 16/04/2026 02:00:00","BZN|NL","Without Sequence","96.20","",""
"16/04/2026 02:00:00 - 16/04/2026 02:15:00","BZN|NL","Without Sequence","95.11","",""
"16/04/2026 02:15:00 - 16/04/2026 02:30:00","BZN|NL","Without Sequence","97.29","",""
"16/04/2026 02:30:00 - 16/04/2026 02:45:00","BZN|NL","Without Sequence","100.98","",""
"16/04/2026 02:45:00 - 16/04/2026 03:00:00","BZN|NL","Without Sequence","104.10","",""
"16/04/2026 03:00:00 - 16/04/2026 03:15:00","BZN|NL","Without Sequence","98.12","",""
"16/04/2026 03:15:00 - 16/04/2026 03:30:00","BZN|NL","Without Sequence","101.69","",""
"16/04/2026 03:30:00 - 16/04/2026 03:45:00","BZN|NL","Without Sequence","109.22","",""
"16/04/2026 03:45:00 - 16/04/2026 04:00:00","BZN|NL","Without Sequence","120.51","",""
"16/04/2026 04:00:00 - 16/04/2026 04:15:00","BZN|NL","Without Sequence","121.15","",""
"16/04/2026 04:15:00 - 16/04/2026 04:30:00","BZN|NL","Without Sequence","130.87","",""
"16/04/2026 04:30:00 - 16/04/2026 04:45:00","BZN|NL","Without Sequence","137.94","",""
"16/04/2026 04:45:00 - 16/04/2026 05:00:00","BZN|NL","Without Sequence","149.64","",""
"16/04/2026 05:00:00 - 16/04/2026 05:15:00","BZN|NL","Without Sequence","146.07","",""
"16/04/2026 05:15:00 - 16/04/2026 05:30:00","BZN|NL","Without Sequence","146.40","",""
"16/04/2026 05:30:00 - 16/04/2026 05:45:00","BZN|NL","Without Sequence","141.41","",""
"16/04/2026 05:45:00 - 16/04/2026 06:00:00","BZN|NL","Without Sequence","133.42","",""
"16/04/2026 06:00:00 - 16/04/2026 06:15:00","BZN|NL","Without Sequence","159.65","",""
"16/04/2026 06:15:00 - 16/04/2026 06:30:00","BZN|NL","Without Sequence","139.51","",""
"16/04/2026 06:30:00 - 16/04/2026 06:45:00","BZN|NL","Without Sequence","128.53","",""
"16/04/2026 06:45:00 - 16/04/2026 07:00:00","BZN|NL","Without Sequence","101.97","",""
"16/04/2026 07:00:00 - 16/04/2026 07:15:00","BZN|NL","Without Sequence","123.46","",""
"16/04/2026 07:15:00 - 16/04/2026 07:30:00","BZN|NL","Without Sequence","109.99","",""
"16/04/2026 07:30:00 - 16/04/2026 07:45:00","BZN|NL","Without Sequence","102.59","",""
"16/04/2026 07:45:00 - 16/04/2026 08:00:00","BZN|NL","Without Sequence","102.40","",""
"16/04/2026 08:00:00 - 16/04/2026 08:15:00","BZN|NL","Without Sequence","120.19","",""
"16/04/2026 08:15:00 - 16/04/2026 08:30:00","BZN|NL","Without Sequence","97.50","",""
"16/04/2026 08:30:00 - 16/04/2026 08:45:00","BZN|NL","Without Sequence","86.16","",""
"16/04/2026 08:45:00 - 16/04/2026 09:00:00","BZN|NL","Without Sequence","60.87","",""
"16/04/2026 09:00:00 - 16/04/2026 09:15:00","BZN|NL","Without Sequence","86.95","",""
"16/04/2026 09:15:00 - 16/04/2026 09:30:00","BZN|NL","Without Sequence","74.14","",""
"16/04/2026 09:30:00 - 16/04/2026 09:45:00","BZN|NL","Without Sequence","58.53","",""
"16/04/2026 09:45:00 - 16/04/2026 10:00:00","BZN|NL","Without Sequence","45.62","",""
"16/04/2026 10:00:00 - 16/04/2026 10:15:00","BZN|NL","Without Sequence","72.15","",""
"16/04/2026 10:15:00 - 16/04/2026 10:30:00","BZN|NL","Without Sequence","56.29","",""
"16/04/2026 10:30:00 - 16/04/2026 10:45:00","BZN|NL","Without Sequence","48.47","",""
"16/04/2026 10:45:00 - 16/04/2026 11:00:00","BZN|NL","Without Sequence","37.94","",""
"16/04/2026 11:00:00 - 16/04/2026 11:15:00","BZN|NL","Without Sequence","50.00","",""
"16/04/2026 11:15:00 - 16/04/2026 11:30:00","BZN|NL","Without Sequence","43.71","",""
"16/04/2026 11:30:00 - 16/04/2026 11:45:00","BZN|NL","Without Sequence","36.66","",""
"16/04/2026 11:45:00 - 16/04/2026 12:00:00","BZN|NL","Without Sequence","29.64","",""
"16/04/2026 12:00:00 - 16/04/2026 12:15:00","BZN|NL","Without Sequence","31.58","",""
"16/04/2026 12:15:00 - 16/04/2026 12:30:00","BZN|NL","Without Sequence","43.00","",""
"16/04/2026 12:30:00 - 16/04/2026 12:45:00","BZN|NL","Without Sequence","52.08","",""
"16/04/2026 12:45:00 - 16/04/2026 13:00:00","BZN|NL","Without Sequence","58.99","",""
"16/04/2026 13:00:00 - 16/04/2026 13:15:00","BZN|NL","Without Sequence","46.05","",""
"16/04/2026 13:15:00 - 16/04/2026 13:30:00","BZN|NL","Without Sequence","56.01","",""
"16/04/2026 13:30:00 - 16/04/2026 13:45:00","BZN|NL","Without Sequence","66.19","",""
"16/04/2026 13:45:00 - 16/04/2026 14:00:00","BZN|NL","Without Sequence","79.00","",""
"16/04/2026 14:00:00 - 16/04/2026 14:15:00","BZN|NL","Without Sequence","57.18","",""
"16/04/2026 14:15:00 - 16/04/2026 14:30:00","BZN|NL","Without Sequence","76.04","",""
"16/04/2026 14:30:00 - 16/04/2026 14:45:00","BZN|NL","Without Sequence","88.52","",""
"16/04/2026 14:45:00 - 16/04/2026 15:00:00","BZN|NL","Without Sequence","94.26","",""
"16/04/2026 15:00:00 - 16/04/2026 15:15:00","BZN|NL","Without Sequence","85.14","",""
"16/04/2026 15:15:00 - 16/04/2026 15:30:00","BZN|NL","Without Sequence","100.01","",""
"16/04/2026 15:30:00 - 16/04/2026 15:45:00","BZN|NL","Without Sequence","117.35","",""
"16/04/2026 15:45:00 - 16/04/2026 16:00:00","BZN|NL","Without Sequence","121.66","",""
"16/04/2026 16:00:00 - 16/04/2026 16:15:00","BZN|NL","Without Sequence","95.44","",""
"16/04/2026 16:15:00 - 16/04/2026 16:30:00","BZN|NL","Without Sequence","120.68","",""
"16/04/2026 16:30:00 - 16/04/2026 16:45:00","BZN|NL","Without Sequence","132.31","",""
"16/04/2026 16:45:00 - 16/04/2026 17:00:00","BZN|NL","Without Sequence","147.57","",""
"16/04/2026 17:00:00 - 16/04/2026 17:15:00","BZN|NL","Without Sequence","130.60","",""
"16/04/2026 17:15:00 - 16/04/2026 17:30:00","BZN|NL","Without Sequence","148.39","",""
"16/04/2026 17:30:00 - 16/04/2026 17:45:00","BZN|NL","Without Sequence","162.59","",""
"16/04/2026 17:45:00 - 16/04/2026 18:00:00","BZN|NL","Without Sequence","197.38","",""
"16/04/2026 18:00:00 - 16/04/2026 18:15:00","BZN|NL","Without Sequence","185.17","",""
"16/04/2026 18:15:00 - 16/04/2026 18:30:00","BZN|NL","Without Sequence","187.93","",""
"16/04/2026 18:30:00 - 16/04/2026 18:45:00","BZN|NL","Without Sequence","179.49","",""
"16/04/2026 18:45:00 - 16/04/2026 19:00:00","BZN|NL","Without Sequence","170.06","",""
"16/04/2026 19:00:00 - 16/04/2026 19:15:00","BZN|NL","Without Sequence","169.50","",""
"16/04/2026 19:15:00 - 16/04/2026 19:30:00","BZN|NL","Without Sequence","157.55","",""
"16/04/2026 19:30:00 - 16/04/2026 19:45:00","BZN|NL","Without Sequence","144.54","",""
"16/04/2026 19:45:00 - 16/04/2026 20:00:00","BZN|NL","Without Sequence","135.20","",""
"16/04/2026 20:00:00 - 16/04/2026 20:15:00","BZN|NL","Without Sequence","148.67","",""
"16/04/2026 20:15:00 - 16/04/2026 20:30:00","BZN|NL","Without Sequence","139.51","",""
"16/04/2026 20:30:00 - 16/04/2026 20:45:00","BZN|NL","Without Sequence","134.87","",""
"16/04/2026 20:45:00 - 16/04/2026 21:00:00","BZN|NL","Without Sequence","125.99","",""
"16/04/2026 21:00:00 - 16/04/2026 21:15:00","BZN|NL","Without Sequence","132.57","",""
"16/04/2026 21:15:00 - 16/04/2026 21:30:00","BZN|NL","Without Sequence","127.05","",""
"16/04/2026 21:30:00 - 16/04/2026 21:45:00","BZN|NL","Without Sequence","124.58","",""
"16/04/2026 21:45:00 - 16/04/2026 22:00:00","BZN|NL","Without Sequence","118.46","",""
"16/04/2026 22:00:00 - 16/04/2026 22:15:00","BZN|NL","Without Sequence","128.48","",""
"16/04/2026 22:15:00 - 16/04/2026 22:30:00","BZN|NL","Without Sequence","123.41","",""
"16/04/2026 22:30:00 - 16/04/2026 22:45:00","BZN|NL","Without Sequence","118.37","",""
"16/04/2026 22:45:00 - 16/04/2026 23:00:00","BZN|NL","Without Sequence","115.94","",""
"16/04/2026 23:00:00 - 16/04/2026 23:15:00","BZN|NL","Without Sequence","118.00","",""
"16/04/2026 23:15:00 - 16/04/2026 23:30:00","BZN|NL","Without Sequence","117.06","",""
"16/04/2026 23:30:00 - 16/04/2026 23:45:00","BZN|NL","Without Sequence","113.96","",""
"16/04/2026 23:45:00 - 17/04/2026 00:00:00","BZN|NL","Without Sequence","112.77","",""
"17/04/2026 00:00:00 - 17/04/2026 00:15:00","BZN|NL","Without Sequence","113.04","",""
"17/04/2026 00:15:00 - 17/04/2026 00:30:00","BZN|NL","Without Sequence","112.77","",""
"17/04/2026 00:30:00 - 17/04/2026 00:45:00","BZN|NL","Without Sequence","112.31","",""
"17/04/2026 00:45:00 - 17/04/2026 01:00:00","BZN|NL","Without Sequence","112.01","",""
"17/04/2026 01:00:00 - 17/04/2026 01:15:00","BZN|NL","Without Sequence","109.22","",""
"17/04/2026 01:15:00 - 17/04/2026 01:30:00","BZN|NL","Without Sequence","107.67","",""
"17/04/2026 01:30:00 - 17/04/2026 01:45:00","BZN|NL","Without Sequence","108.10","",""
"17/04/2026 01:45:00 - 17/04/2026 02:00:00","BZN|NL","Without Sequence","107.91","",""
"17/04/2026 02:00:00 - 17/04/2026 02:15:00","BZN|NL","Without Sequence","109.71","",""
"17/04/2026 02:15:00 - 17/04/2026 02:30:00","BZN|NL","Without Sequence","109.58","",""
"17/04/2026 02:30:00 - 17/04/2026 02:45:00","BZN|NL","Without Sequence","110.75","",""
"17/04/2026 02:45:00 - 17/04/2026 03:00:00","BZN|NL","Without Sequence","112.65","",""
"17/04/2026 03:00:00 - 17/04/2026 03:15:00","BZN|NL","Without Sequence","108.15","",""
"17/04/2026 03:15:00 - 17/04/2026 03:30:00","BZN|NL","Without Sequence","112.69","",""
"17/04/2026 03:30:00 - 17/04/2026 03:45:00","BZN|NL","Without Sequence","118.94","",""
"17/04/2026 03:45:00 - 17/04/2026 04:00:00","BZN|NL","Without Sequence","135.96","",""
"17/04/2026 04:00:00 - 17/04/2026 04:15:00","BZN|NL","Without Sequence","128.34","",""
"17/04/2026 04:15:00 - 17/04/2026 04:30:00","BZN|NL","Without Sequence","147.96","",""
"17/04/2026 04:30:00 - 17/04/2026 04:45:00","BZN|NL","Without Sequence","146.54","",""
"17/04/2026 04:45:00 - 17/04/2026 05:00:00","BZN|NL","Without Sequence","151.70","",""
"17/04/2026 05:00:00 - 17/04/2026 05:15:00","BZN|NL","Without Sequence","154.95","",""
"17/04/2026 05:15:00 - 17/04/2026 05:30:00","BZN|NL","Without Sequence","149.01","",""
"17/04/2026 05:30:00 - 17/04/2026 05:45:00","BZN|NL","Without Sequence","146.02","",""
"17/04/2026 05:45:00 - 17/04/2026 06:00:00","BZN|NL","Without Sequence","133.95","",""
"17/04/2026 06:00:00 - 17/04/2026 06:15:00","BZN|NL","Without Sequence","153.45","",""
"17/04/2026 06:15:00 - 17/04/2026 06:30:00","BZN|NL","Without Sequence","134.12","",""
"17/04/2026 06:30:00 - 17/04/2026 06:45:00","BZN|NL","Without Sequence","118.75","",""
"17/04/2026 06:45:00 - 17/04/2026 07:00:00","BZN|NL","Without Sequence","97.33","",""
"17/04/2026 07:00:00 - 17/04/2026 07:15:00","BZN|NL","Without Sequence","123.02","",""
"17/04/2026 07:15:00 - 17/04/2026 07:30:00","BZN|NL","Without Sequence","106.60","",""
"17/04/2026 07:30:00 - 17/04/2026 07:45:00","BZN|NL","Without Sequence","93.68","",""
"17/04/2026 07:45:00 - 17/04/2026 08:00:00","BZN|NL","Without Sequence","92.89","",""
"17/04/2026 08:00:00 - 17/04/2026 08:15:00","BZN|NL","Without Sequence","116.37","",""
"17/04/2026 08:15:00 - 17/04/2026 08:30:00","BZN|NL","Without Sequence","107.30","",""
"17/04/2026 08:30:00 - 17/04/2026 08:45:00","BZN|NL","Without Sequence","97.16","",""
"17/04/2026 08:45:00 - 17/04/2026 09:00:00","BZN|NL","Without Sequence","61.09","",""
"17/04/2026 09:00:00 - 17/04/2026 09:15:00","BZN|NL","Without Sequence","106.01","",""
"17/04/2026 09:15:00 - 17/04/2026 09:30:00","BZN|NL","Without Sequence","79.27","",""
"17/04/2026 09:30:00 - 17/04/2026 09:45:00","BZN|NL","Without Sequence","59.76","",""
"17/04/2026 09:45:00 - 17/04/2026 10:00:00","BZN|NL","Without Sequence","37.98","",""
"17/04/2026 10:00:00 - 17/04/2026 10:15:00","BZN|NL","Without Sequence","66.62","",""
"17/04/2026 10:15:00 - 17/04/2026 10:30:00","BZN|NL","Without Sequence","47.33","",""
"17/04/2026 10:30:00 - 17/04/2026 10:45:00","BZN|NL","Without Sequence","34.46","",""
"17/04/2026 10:45:00 - 17/04/2026 11:00:00","BZN|NL","Without Sequence","33.96","",""
"17/04/2026 11:00:00 - 17/04/2026 11:15:00","BZN|NL","Without Sequence","36.72","",""
"17/04/2026 11:15:00 - 17/04/2026 11:30:00","BZN|NL","Without Sequence","36.84","",""
"17/04/2026 11:30:00 - 17/04/2026 11:45:00","BZN|NL","Without Sequence","38.57","",""
"17/04/2026 11:45:00 - 17/04/2026 12:00:00","BZN|NL","Without Sequence","43.49","",""
"17/04/2026 12:00:00 - 17/04/2026 12:15:00","BZN|NL","Without Sequence","30.62","",""
"17/04/2026 12:15:00 - 17/04/2026 12:30:00","BZN|NL","Without Sequence","38.20","",""
"17/04/2026 12:30:00 - 17/04/2026 12:45:00","BZN|NL","Without Sequence","50.10","",""
"17/04/2026 12:45:00 - 17/04/2026 13:00:00","BZN|NL","Without Sequence","68.92","",""
"17/04/2026 13:00:00 - 17/04/2026 13:15:00","BZN|NL","Without Sequence","28.39","",""
"17/04/2026 13:15:00 - 17/04/2026 13:30:00","BZN|NL","Without Sequence","51.46","",""
"17/04/2026 13:30:00 - 17/04/2026 13:45:00","BZN|NL","Without Sequence","80.57","",""
"17/04/2026 13:45:00 - 17/04/2026 14:00:00","BZN|NL","Without Sequence","100.00","",""
"17/04/2026 14:00:00 - 17/04/2026 14:15:00","BZN|NL","Without Sequence","58.69","",""
"17/04/2026 14:15:00 - 17/04/2026 14:30:00","BZN|NL","Without Sequence","78.31","",""
"17/04/2026 14:30:00 - 17/04/2026 14:45:00","BZN|NL","Without Sequence","88.13","",""
"17/04/2026 14:45:00 - 17/04/2026 15:00:00","BZN|NL","Without Sequence","100.84","",""
"17/04/2026 15:00:00 - 17/04/2026 15:15:00","BZN|NL","Without Sequence","102.28","",""
"17/04/2026 15:15:00 - 17/04/2026 15:30:00","BZN|NL","Without Sequence","99.91","",""
"17/04/2026 15:30:00 - 17/04/2026 15:45:00","BZN|NL","Without Sequence","104.96","",""
"17/04/2026 15:45:00 - 17/04/2026 16:00:00","BZN|NL","Without Sequence","106.93","",""
"17/04/2026 16:00:00 - 17/04/2026 16:15:00","BZN|NL","Without Sequence","112.18","",""
"17/04/2026 16:15:00 - 17/04/2026 16:30:00","BZN|NL","Without Sequence","111.87","",""
"17/04/2026 16:30:00 - 17/04/2026 16:45:00","BZN|NL","Without Sequence","124.59","",""
"17/04/2026 16:45:00 - 17/04/2026 17:00:00","BZN|NL","Without Sequence","132.40","",""
"17/04/2026 17:00:00 - 17/04/2026 17:15:00","BZN|NL","Without Sequence","131.64","",""
"17/04/2026 17:15:00 - 17/04/2026 17:30:00","BZN|NL","Without Sequence","139.78","",""
"17/04/2026 17:30:00 - 17/04/2026 17:45:00","BZN|NL","Without Sequence","152.46","",""
"17/04/2026 17:45:00 - 17/04/2026 18:00:00","BZN|NL","Without Sequence","178.16","",""
"17/04/2026 18:00:00 - 17/04/2026 18:15:00","BZN|NL","Without Sequence","161.83","",""
"17/04/2026 18:15:00 - 17/04/2026 18:30:00","BZN|NL","Without Sequence","157.94","",""
"17/04/2026 18:30:00 - 17/04/2026 18:45:00","BZN|NL","Without Sequence","150.10","",""
"17/04/2026 18:45:00 - 17/04/2026 19:00:00","BZN|NL","Without Sequence","143.24","",""
"17/04/2026 19:00:00 - 17/04/2026 19:15:00","BZN|NL","Without Sequence","152.70","",""
"17/04/2026 19:15:00 - 17/04/2026 19:30:00","BZN|NL","Without Sequence","139.56","",""
"17/04/2026 19:30:00 - 17/04/2026 19:45:00","BZN|NL","Without Sequence","134.03","",""
"17/04/2026 19:45:00 - 17/04/2026 20:00:00","BZN|NL","Without Sequence","121.05","",""
"17/04/2026 20:00:00 - 17/04/2026 20:15:00","BZN|NL","Without Sequence","134.38","",""
"17/04/2026 20:15:00 - 17/04/2026 20:30:00","BZN|NL","Without Sequence","123.95","",""
"17/04/2026 20:30:00 - 17/04/2026 20:45:00","BZN|NL","Without Sequence","118.76","",""
"17/04/2026 20:45:00 - 17/04/2026 21:00:00","BZN|NL","Without Sequence","113.29","",""
"17/04/2026 21:00:00 - 17/04/2026 21:15:00","BZN|NL","Without Sequence","115.48","",""
"17/04/2026 21:15:00 - 17/04/2026 21:30:00","BZN|NL","Without Sequence","112.63","",""
"17/04/2026 21:30:00 - 17/04/2026 21:45:00","BZN|NL","Without Sequence","109.67","",""
"17/04/2026 21:45:00 - 17/04/2026 22:00:00","BZN|NL","Without Sequence","108.08","",""
"17/04/2026 22:00:00 - 17/04/2026 22:15:00","BZN|NL","Without Sequence","121.22","",""
"17/04/2026 22:15:00 - 17/04/2026 22:30:00","BZN|NL","Without Sequence","116.60","",""
"17/04/2026 22:30:00 - 17/04/2026 22:45:00","BZN|NL","Without Sequence","109.67","",""
"17/04/2026 22:45:00 - 17/04/2026 23:00:00","BZN|NL","Without Sequence","107.61","",""
"17/04/2026 23:00:00 - 17/04/2026 23:15:00","BZN|NL","Without Sequence","111.46","",""
"17/04/2026 23:15:00 - 17/04/2026 23:30:00","BZN|NL","Without Sequence","108.86","",""
"17/04/2026 23:30:00 - 17/04/2026 23:45:00","BZN|NL","Without Sequence","108.09","",""
"17/04/2026 23:45:00 - 18/04/2026 00:00:00","BZN|NL","Without Sequence","104.87","",""
"18/04/2026 00:00:00 - 18/04/2026 00:15:00","BZN|NL","Without Sequence","107.01","",""
"18/04/2026 00:15:00 - 18/04/2026 00:30:00","BZN|NL","Without Sequence","105.91","",""
"18/04/2026 00:30:00 - 18/04/2026 00:45:00","BZN|NL","Without Sequence","106.44","",""
"18/04/2026 00:45:00 - 18/04/2026 01:00:00","BZN|NL","Without Sequence","105.81","",""
"18/04/2026 01:00:00 - 18/04/2026 01:15:00","BZN|NL","Without Sequence","104.64","",""
"18/04/2026 01:15:00 - 18/04/2026 01:30:00","BZN|NL","Without Sequence","103.46","",""
"18/04/2026 01:30:00 - 18/04/2026 01:45:00","BZN|NL","Without Sequence","103.50","",""
"18/04/2026 01:45:00 - 18/04/2026 02:00:00","BZN|NL","Without Sequence","103.47","",""
"18/04/2026 02:00:00 - 18/04/2026 02:15:00","BZN|NL","Without Sequence","103.63","",""
"18/04/2026 02:15:00 - 18/04/2026 02:30:00","BZN|NL","Without Sequence","104.20","",""
"18/04/2026 02:30:00 - 18/04/2026 02:45:00","BZN|NL","Without Sequence","104.42","",""
"18/04/2026 02:45:00 - 18/04/2026 03:00:00","BZN|NL","Without Sequence","105.75","",""
"18/04/2026 03:00:00 - 18/04/2026 03:15:00","BZN|NL","Without Sequence","106.10","",""
"18/04/2026 03:15:00 - 18/04/2026 03:30:00","BZN|NL","Without Sequence","105.84","",""
"18/04/2026 03:30:00 - 18/04/2026 03:45:00","BZN|NL","Without Sequence","107.30","",""
"18/04/2026 03:45:00 - 18/04/2026 04:00:00","BZN|NL","Without Sequence","106.90","",""
"18/04/2026 04:00:00 - 18/04/2026 04:15:00","BZN|NL","Without Sequence","108.18","",""
"18/04/2026 04:15:00 - 18/04/2026 04:30:00","BZN|NL","Without Sequence","107.72","",""
"18/04/2026 04:30:00 - 18/04/2026 04:45:00","BZN|NL","Without Sequence","109.80","",""
"18/04/2026 04:45:00 - 18/04/2026 05:00:00","BZN|NL","Without Sequence","102.62","",""
"18/04/2026 05:00:00 - 18/04/2026 05:15:00","BZN|NL","Without Sequence","106.25","",""
"18/04/2026 05:15:00 - 18/04/2026 05:30:00","BZN|NL","Without Sequence","107.90","",""
"18/04/2026 05:30:00 - 18/04/2026 05:45:00","BZN|NL","Without Sequence","107.58","",""
"18/04/2026 05:45:00 - 18/04/2026 06:00:00","BZN|NL","Without Sequence","94.21","",""
"18/04/2026 06:00:00 - 18/04/2026 06:15:00","BZN|NL","Without Sequence","105.82","",""
"18/04/2026 06:15:00 - 18/04/2026 06:30:00","BZN|NL","Without Sequence","104.26","",""
"18/04/2026 06:30:00 - 18/04/2026 06:45:00","BZN|NL","Without Sequence","102.41","",""
"18/04/2026 06:45:00 - 18/04/2026 07:00:00","BZN|NL","Without Sequence","94.16","",""
"18/04/2026 07:00:00 - 18/04/2026 07:15:00","BZN|NL","Without Sequence","101.67","",""
"18/04/2026 07:15:00 - 18/04/2026 07:30:00","BZN|NL","Without Sequence","100.00","",""
"18/04/2026 07:30:00 - 18/04/2026 07:45:00","BZN|NL","Without Sequence","85.95","",""
"18/04/2026 07:45:00 - 18/04/2026 08:00:00","BZN|NL","Without Sequence","60.10","",""
"18/04/2026 08:00:00 - 18/04/2026 08:15:00","BZN|NL","Without Sequence","117.97","",""
"18/04/2026 08:15:00 - 18/04/2026 08:30:00","BZN|NL","Without Sequence","65.14","",""
"18/04/2026 08:30:00 - 18/04/2026 08:45:00","BZN|NL","Without Sequence","36.11","",""
"18/04/2026 08:45:00 - 18/04/2026 09:00:00","BZN|NL","Without Sequence","33.06","",""
"18/04/2026 09:00:00 - 18/04/2026 09:15:00","BZN|NL","Without Sequence","41.40","",""
"18/04/2026 09:15:00 - 18/04/2026 09:30:00","BZN|NL","Without Sequence","40.94","",""
"18/04/2026 09:30:00 - 18/04/2026 09:45:00","BZN|NL","Without Sequence","41.43","",""
"18/04/2026 09:45:00 - 18/04/2026 10:00:00","BZN|NL","Without Sequence","40.10","",""
"18/04/2026 10:00:00 - 18/04/2026 10:15:00","BZN|NL","Without Sequence","33.02","",""
"18/04/2026 10:15:00 - 18/04/2026 10:30:00","BZN|NL","Without Sequence","33.09","",""
"18/04/2026 10:30:00 - 18/04/2026 10:45:00","BZN|NL","Without Sequence","30.87","",""
"18/04/2026 10:45:00 - 18/04/2026 11:00:00","BZN|NL","Without Sequence","31.42","",""
"18/04/2026 11:00:00 - 18/04/2026 11:15:00","BZN|NL","Without Sequence","33.64","",""
"18/04/2026 11:15:00 - 18/04/2026 11:30:00","BZN|NL","Without Sequence","33.01","",""
"18/04/2026 11:30:00 - 18/04/2026 11:45:00","BZN|NL","Without Sequence","34.84","",""
"18/04/2026 11:45:00 - 18/04/2026 12:00:00","BZN|NL","Without Sequence","34.67","",""
"18/04/2026 12:00:00 - 18/04/2026 12:15:00","BZN|NL","Without Sequence","33.50","",""
"18/04/2026 12:15:00 - 18/04/2026 12:30:00","BZN|NL","Without Sequence","33.60","",""
"18/04/2026 12:30:00 - 18/04/2026 12:45:00","BZN|NL","Without Sequence","34.78","",""
"18/04/2026 12:45:00 - 18/04/2026 13:00:00","BZN|NL","Without Sequence","37.15","",""
"18/04/2026 13:00:00 - 18/04/2026 13:15:00","BZN|NL","Without Sequence","19.98","",""
"18/04/2026 13:15:00 - 18/04/2026 13:30:00","BZN|NL","Without Sequence","28.55","",""
"18/04/2026 13:30:00 - 18/04/2026 13:45:00","BZN|NL","Without Sequence","43.92","",""
"18/04/2026 13:45:00 - 18/04/2026 14:00:00","BZN|NL","Without Sequence","41.84","",""
"18/04/2026 14:00:00 - 18/04/2026 14:15:00","BZN|NL","Without Sequence","25.05","",""
"18/04/2026 14:15:00 - 18/04/2026 14:30:00","BZN|NL","Without Sequence","50.17","",""
"18/04/2026 14:30:00 - 18/04/2026 14:45:00","BZN|NL","Without Sequence","84.14","",""
"18/04/2026 14:45:00 - 18/04/2026 15:00:00","BZN|NL","Without Sequence","105.84","",""
"18/04/2026 15:00:00 - 18/04/2026 15:15:00","BZN|NL","Without Sequence","70.62","",""
"18/04/2026 15:15:00 - 18/04/2026 15:30:00","BZN|NL","Without Sequence","85.81","",""
"18/04/2026 15:30:00 - 18/04/2026 15:45:00","BZN|NL","Without Sequence","102.38","",""
"18/04/2026 15:45:00 - 18/04/2026 16:00:00","BZN|NL","Without Sequence","110.00","",""
"18/04/2026 16:00:00 - 18/04/2026 16:15:00","BZN|NL","Without Sequence","106.07","",""
"18/04/2026 16:15:00 - 18/04/2026 16:30:00","BZN|NL","Without Sequence","111.95","",""
"18/04/2026 16:30:00 - 18/04/2026 16:45:00","BZN|NL","Without Sequence","122.36","",""
"18/04/2026 16:45:00 - 18/04/2026 17:00:00","BZN|NL","Without Sequence","129.99","",""
"18/04/2026 17:00:00 - 18/04/2026 17:15:00","BZN|NL","Without Sequence","114.85","",""
"18/04/2026 17:15:00 - 18/04/2026 17:30:00","BZN|NL","Without Sequence","128.17","",""
"18/04/2026 17:30:00 - 18/04/2026 17:45:00","BZN|NL","Without Sequence","138.39","",""
"18/04/2026 17:45:00 - 18/04/2026 18:00:00","BZN|NL","Without Sequence","143.22","",""
"18/04/2026 18:00:00 - 18/04/2026 18:15:00","BZN|NL","Without Sequence","140.10","",""
"18/04/2026 18:15:00 - 18/04/2026 18:30:00","BZN|NL","Without Sequence","146.71","",""
"18/04/2026 18:30:00 - 18/04/2026 18:45:00","BZN|NL","Without Sequence","146.89","",""
"18/04/2026 18:45:00 - 18/04/2026 19:00:00","BZN|NL","Without Sequence","143.01","",""
"18/04/2026 19:00:00 - 18/04/2026 19:15:00","BZN|NL","Without Sequence","150.27","",""
"18/04/2026 19:15:00 - 18/04/2026 19:30:00","BZN|NL","Without Sequence","140.94","",""
"18/04/2026 19:30:00 - 18/04/2026 19:45:00","BZN|NL","Without Sequence","130.75","",""
"18/04/2026 19:45:00 - 18/04/2026 20:00:00","BZN|NL","Without Sequence","128.98","",""
"18/04/2026 20:00:00 - 18/04/2026 20:15:00","BZN|NL","Without Sequence","126.92","",""
"18/04/2026 20:15:00 - 18/04/2026 20:30:00","BZN|NL","Without Sequence","126.19","",""
"18/04/2026 20:30:00 - 18/04/2026 20:45:00","BZN|NL","Without Sequence","123.08","",""
"18/04/2026 20:45:00 - 18/04/2026 21:00:00","BZN|NL","Without Sequence","122.52","",""
"18/04/2026 21:00:00 - 18/04/2026 21:15:00","BZN|NL","Without Sequence","126.49","",""
"18/04/2026 21:15:00 - 18/04/2026 21:30:00","BZN|NL","Without Sequence","122.86","",""
"18/04/2026 21:30:00 - 18/04/2026 21:45:00","BZN|NL","Without Sequence","121.91","",""
"18/04/2026 21:45:00 - 18/04/2026 22:00:00","BZN|NL","Without Sequence","114.60","",""
"18/04/2026 22:00:00 - 18/04/2026 22:15:00","BZN|NL","Without Sequence","122.02","",""
"18/04/2026 22:15:00 - 18/04/2026 22:30:00","BZN|NL","Without Sequence","114.64","",""
"18/04/2026 22:30:00 - 18/04/2026 22:45:00","BZN|NL","Without Sequence","113.39","",""
"18/04/2026 22:45:00 - 18/04/2026 23:00:00","BZN|NL","Without Sequence","111.92","",""
"18/04/2026 23:00:00 - 18/04/2026 23:15:00","BZN|NL","Without Sequence","112.28","",""
"18/04/2026 23:15:00 - 18/04/2026 23:30:00","BZN|NL","Without Sequence","103.57","",""
"18/04/2026 23:30:00 - 18/04/2026 23:45:00","BZN|NL","Without Sequence","104.14","",""
"18/04/2026 23:45:00 - 19/04/2026 00:00:00","BZN|NL","Without Sequence","100.90","",""
"19/04/2026 00:00:00 - 19/04/2026 00:15:00","BZN|NL","Without Sequence","111.68","",""
"19/04/2026 00:15:00 - 19/04/2026 00:30:00","BZN|NL","Without Sequence","109.98","",""
"19/04/2026 00:30:00 - 19/04/2026 00:45:00","BZN|NL","Without Sequence","108.86","",""
"19/04/2026 00:45:00 - 19/04/2026 01:00:00","BZN|NL","Without Sequence","106.27","",""
"19/04/2026 01:00:00 - 19/04/2026 01:15:00","BZN|NL","Without Sequence","108.36","",""
"19/04/2026 01:15:00 - 19/04/2026 01:30:00","BZN|NL","Without Sequence","105.39","",""
"19/04/2026 01:30:00 - 19/04/2026 01:45:00","BZN|NL","Without Sequence","100.87","",""
"19/04/2026 01:45:00 - 19/04/2026 02:00:00","BZN|NL","Without Sequence","98.37","",""
"19/04/2026 02:00:00 - 19/04/2026 02:15:00","BZN|NL","Without Sequence","105.54","",""
"19/04/2026 02:15:00 - 19/04/2026 02:30:00","BZN|NL","Without Sequence","105.40","",""
"19/04/2026 02:30:00 - 19/04/2026 02:45:00","BZN|NL","Without Sequence","102.20","",""
"19/04/2026 02:45:00 - 19/04/2026 03:00:00","BZN|NL","Without Sequence","100.71","",""
"19/04/2026 03:00:00 - 19/04/2026 03:15:00","BZN|NL","Without Sequence","97.41","",""
"19/04/2026 03:15:00 - 19/04/2026 03:30:00","BZN|NL","Without Sequence","96.87","",""
"19/04/2026 03:30:00 - 19/04/2026 03:45:00","BZN|NL","Without Sequence","97.91","",""
"19/04/2026 03:45:00 - 19/04/2026 04:00:00","BZN|NL","Without Sequence","99.61","",""
"19/04/2026 04:00:00 - 19/04/2026 04:15:00","BZN|NL","Without Sequence","99.20","",""
"19/04/2026 04:15:00 - 19/04/2026 04:30:00","BZN|NL","Without Sequence","98.82","",""
"19/04/2026 04:30:00 - 19/04/2026 04:45:00","BZN|NL","Without Sequence","103.89","",""
"19/04/2026 04:45:00 - 19/04/2026 05:00:00","BZN|NL","Without Sequence","100.92","",""
"19/04/2026 05:00:00 - 19/04/2026 05:15:00","BZN|NL","Without Sequence","104.69","",""
"19/04/2026 05:15:00 - 19/04/2026 05:30:00","BZN|NL","Without Sequence","100.44","",""
"19/04/2026 05:30:00 - 19/04/2026 05:45:00","BZN|NL","Without Sequence","96.07","",""
"19/04/2026 05:45:00 - 19/04/2026 06:00:00","BZN|NL","Without Sequence","90.53","",""
"19/04/2026 06:00:00 - 19/04/2026 06:15:00","BZN|NL","Without Sequence","112.55","",""
"19/04/2026 06:15:00 - 19/04/2026 06:30:00","BZN|NL","Without Sequence","100.22","",""
"19/04/2026 06:30:00 - 19/04/2026 06:45:00","BZN|NL","Without Sequence","92.15","",""
"19/04/2026 06:45:00 - 19/04/2026 07:00:00","BZN|NL","Without Sequence","84.09","",""
"19/04/2026 07:00:00 - 19/04/2026 07:15:00","BZN|NL","Without Sequence","99.07","",""
"19/04/2026 07:15:00 - 19/04/2026 07:30:00","BZN|NL","Without Sequence","86.44","",""
"19/04/2026 07:30:00 - 19/04/2026 07:45:00","BZN|NL","Without Sequence","86.37","",""
"19/04/2026 07:45:00 - 19/04/2026 08:00:00","BZN|NL","Without Sequence","78.76","",""
"19/04/2026 08:00:00 - 19/04/2026 08:15:00","BZN|NL","Without Sequence","78.27","",""
"19/04/2026 08:15:00 - 19/04/2026 08:30:00","BZN|NL","Without Sequence","66.85","",""
"19/04/2026 08:30:00 - 19/04/2026 08:45:00","BZN|NL","Without Sequence","58.01","",""
"19/04/2026 08:45:00 - 19/04/2026 09:00:00","BZN|NL","Without Sequence","42.14","",""
"19/04/2026 09:00:00 - 19/04/2026 09:15:00","BZN|NL","Without Sequence","45.75","",""
"19/04/2026 09:15:00 - 19/04/2026 09:30:00","BZN|NL","Without Sequence","36.12","",""
"19/04/2026 09:30:00 - 19/04/2026 09:45:00","BZN|NL","Without Sequence","21.71","",""
"19/04/2026 09:45:00 - 19/04/2026 10:00:00","BZN|NL","Without Sequence","9.68","",""
"19/04/2026 10:00:00 - 19/04/2026 10:15:00","BZN|NL","Without Sequence","30.91","",""
"19/04/2026 10:15:00 - 19/04/2026 10:30:00","BZN|NL","Without Sequence","1.32","",""
"19/04/2026 10:30:00 - 19/04/2026 10:45:00","BZN|NL","Without Sequence","0.00","",""
"19/04/2026 10:45:00 - 19/04/2026 11:00:00","BZN|NL","Without Sequence","-0.01","",""
"19/04/2026 11:00:00 - 19/04/2026 11:15:00","BZN|NL","Without Sequence","0.00","",""
"19/04/2026 11:15:00 - 19/04/2026 11:30:00","BZN|NL","Without Sequence","-0.09","",""
"19/04/2026 11:30:00 - 19/04/2026 11:45:00","BZN|NL","Without Sequence","-1.20","",""
"19/04/2026 11:45:00 - 19/04/2026 12:00:00","BZN|NL","Without Sequence","-2.10","",""
"19/04/2026 12:00:00 - 19/04/2026 12:15:00","BZN|NL","Without Sequence","-2.10","",""
"19/04/2026 12:15:00 - 19/04/2026 12:30:00","BZN|NL","Without Sequence","-2.49","",""
"19/04/2026 12:30:00 - 19/04/2026 12:45:00","BZN|NL","Without Sequence","-3.04","",""
"19/04/2026 12:45:00 - 19/04/2026 13:00:00","BZN|NL","Without Sequence","-4.39","",""
"19/04/2026 13:00:00 - 19/04/2026 13:15:00","BZN|NL","Without Sequence","-3.21","",""
"19/04/2026 13:15:00 - 19/04/2026 13:30:00","BZN|NL","Without Sequence","-2.80","",""
"19/04/2026 13:30:00 - 19/04/2026 13:45:00","BZN|NL","Without Sequence","-2.01","",""
"19/04/2026 13:45:00 - 19/04/2026 14:00:00","BZN|NL","Without Sequence","-1.00","",""
"19/04/2026 14:00:00 - 19/04/2026 14:15:00","BZN|NL","Without Sequence","-1.31","",""
"19/04/2026 14:15:00 - 19/04/2026 14:30:00","BZN|NL","Without Sequence","-0.63","",""
"19/04/2026 14:30:00 - 19/04/2026 14:45:00","BZN|NL","Without Sequence","11.50","",""
"19/04/2026 14:45:00 - 19/04/2026 15:00:00","BZN|NL","Without Sequence","44.36","",""
"19/04/2026 15:00:00 - 19/04/2026 15:15:00","BZN|NL","Without Sequence","24.75","",""
"19/04/2026 15:15:00 - 19/04/2026 15:30:00","BZN|NL","Without Sequence","59.45","",""
"19/04/2026 15:30:00 - 19/04/2026 15:45:00","BZN|NL","Without Sequence","78.22","",""
"19/04/2026 15:45:00 - 19/04/2026 16:00:00","BZN|NL","Without Sequence","98.90","",""
"19/04/2026 16:00:00 - 19/04/2026 16:15:00","BZN|NL","Without Sequence","85.35","",""
"19/04/2026 16:15:00 - 19/04/2026 16:30:00","BZN|NL","Without Sequence","97.52","",""
"19/04/2026 16:30:00 - 19/04/2026 16:45:00","BZN|NL","Without Sequence","110.05","",""
"19/04/2026 16:45:00 - 19/04/2026 17:00:00","BZN|NL","Without Sequence","122.50","",""
"19/04/2026 17:00:00 - 19/04/2026 17:15:00","BZN|NL","Without Sequence","110.73","",""
"19/04/2026 17:15:00 - 19/04/2026 17:30:00","BZN|NL","Without Sequence","115.84","",""
"19/04/2026 17:30:00 - 19/04/2026 17:45:00","BZN|NL","Without Sequence","118.78","",""
"19/04/2026 17:45:00 - 19/04/2026 18:00:00","BZN|NL","Without Sequence","121.88","",""
"19/04/2026 18:00:00 - 19/04/2026 18:15:00","BZN|NL","Without Sequence","120.37","",""
"19/04/2026 18:15:00 - 19/04/2026 18:30:00","BZN|NL","Without Sequence","124.47","",""
"19/04/2026 18:30:00 - 19/04/2026 18:45:00","BZN|NL","Without Sequence","126.33","",""
"19/04/2026 18:45:00 - 19/04/2026 19:00:00","BZN|NL","Without Sequence","127.40","",""
"19/04/2026 19:00:00 - 19/04/2026 19:15:00","BZN|NL","Without Sequence","129.60","",""
"19/04/2026 19:15:00 - 19/04/2026 19:30:00","BZN|NL","Without Sequence","121.48","",""
"19/04/2026 19:30:00 - 19/04/2026 19:45:00","BZN|NL","Without Sequence","119.12","",""
"19/04/2026 19:45:00 - 19/04/2026 20:00:00","BZN|NL","Without Sequence","118.36","",""
"19/04/2026 20:00:00 - 19/04/2026 20:15:00","BZN|NL","Without Sequence","121.74","",""
"19/04/2026 20:15:00 - 19/04/2026 20:30:00","BZN|NL","Without Sequence","119.48","",""
"19/04/2026 20:30:00 - 19/04/2026 20:45:00","BZN|NL","Without Sequence","119.94","",""
"19/04/2026 20:45:00 - 19/04/2026 21:00:00","BZN|NL","Without Sequence","115.09","",""
"19/04/2026 21:00:00 - 19/04/2026 21:15:00","BZN|NL","Without Sequence","115.61","",""
"19/04/2026 21:15:00 - 19/04/2026 21:30:00","BZN|NL","Without Sequence","111.97","",""
"19/04/2026 21:30:00 - 19/04/2026 21:45:00","BZN|NL","Without Sequence","110.86","",""
"19/04/2026 21:45:00 - 19/04/2026 22:00:00","BZN|NL","Without Sequence","106.76","",""
"19/04/2026 22:00:00 - 19/04/2026 22:15:00","BZN|NL","Without Sequence","125.00","",""
"19/04/2026 22:15:00 - 19/04/2026 22:30:00","BZN|NL","Without Sequence","110.80","",""
"19/04/2026 22:30:00 - 19/04/2026 22:45:00","BZN|NL","Without Sequence","106.84","",""
"19/04/2026 22:45:00 - 19/04/2026 23:00:00","BZN|NL","Without Sequence","107.09","",""
"19/04/2026 23:00:00 - 19/04/2026 23:15:00","BZN|NL","Without Sequence","107.28","",""
"19/04/2026 23:15:00 - 19/04/2026 23:30:00","BZN|NL","Without Sequence","104.14","",""
"19/04/2026 23:30:00 - 19/04/2026 23:45:00","BZN|NL","Without Sequence","104.10","",""
"19/04/2026 23:45:00 - 20/04/2026 00:00:00","BZN|NL","Without Sequence","100.90","",""
"20/04/2026 00:00:00 - 20/04/2026 00:15:00","BZN|NL","Without Sequence","107.78","",""
"20/04/2026 00:15:00 - 20/04/2026 00:30:00","BZN|NL","Without Sequence","103.59","",""
"20/04/2026 00:30:00 - 20/04/2026 00:45:00","BZN|NL","Without Sequence","103.57","",""
"20/04/2026 00:45:00 - 20/04/2026 01:00:00","BZN|NL","Without Sequence","102.68","",""
"20/04/2026 01:00:00 - 20/04/2026 01:15:00","BZN|NL","Without Sequence","102.79","",""
"20/04/2026 01:15:00 - 20/04/2026 01:30:00","BZN|NL","Without Sequence","102.13","",""
"20/04/2026 01:30:00 - 20/04/2026 01:45:00","BZN|NL","Without Sequence","102.86","",""
"20/04/2026 01:45:00 - 20/04/2026 02:00:00","BZN|NL","Without Sequence","101.16","",""
"20/04/2026 02:00:00 - 20/04/2026 02:15:00","BZN|NL","Without Sequence","101.11","",""
"20/04/2026 02:15:00 - 20/04/2026 02:30:00","BZN|NL","Without Sequence","101.32","",""
"20/04/2026 02:30:00 - 20/04/2026 02:45:00","BZN|NL","Without Sequence","102.26","",""
"20/04/2026 02:45:00 - 20/04/2026 03:00:00","BZN|NL","Without Sequence","109.38","",""
"20/04/2026 03:00:00 - 20/04/2026 03:15:00","BZN|NL","Without Sequence","93.63","",""
"20/04/2026 03:15:00 - 20/04/2026 03:30:00","BZN|NL","Without Sequence","103.20","",""
"20/04/2026 03:30:00 - 20/04/2026 03:45:00","BZN|NL","Without Sequence","111.10","",""
"20/04/2026 03:45:00 - 20/04/2026 04:00:00","BZN|NL","Without Sequence","125.87","",""
"20/04/2026 04:00:00 - 20/04/2026 04:15:00","BZN|NL","Without Sequence","109.01","",""
"20/04/2026 04:15:00 - 20/04/2026 04:30:00","BZN|NL","Without Sequence","122.21","",""
"20/04/2026 04:30:00 - 20/04/2026 04:45:00","BZN|NL","Without Sequence","135.21","",""
"20/04/2026 04:45:00 - 20/04/2026 05:00:00","BZN|NL","Without Sequence","129.57","",""
"20/04/2026 05:00:00 - 20/04/2026 05:15:00","BZN|NL","Without Sequence","157.47","",""
"20/04/2026 05:15:00 - 20/04/2026 05:30:00","BZN|NL","Without Sequence","171.70","",""
"20/04/2026 05:30:00 - 20/04/2026 05:45:00","BZN|NL","Without Sequence","159.54","",""
"20/04/2026 05:45:00 - 20/04/2026 06:00:00","BZN|NL","Without Sequence","136.39","",""
"20/04/2026 06:00:00 - 20/04/2026 06:15:00","BZN|NL","Without Sequence","200.95","",""
"20/04/2026 06:15:00 - 20/04/2026 06:30:00","BZN|NL","Without Sequence","152.52","",""
"20/04/2026 06:30:00 - 20/04/2026 06:45:00","BZN|NL","Without Sequence","127.17","",""
"20/04/2026 06:45:00 - 20/04/2026 07:00:00","BZN|NL","Without Sequence","114.10","",""
"20/04/2026 07:00:00 - 20/04/2026 07:15:00","BZN|NL","Without Sequence","173.27","",""
"20/04/2026 07:15:00 - 20/04/2026 07:30:00","BZN|NL","Without Sequence","121.67","",""
"20/04/2026 07:30:00 - 20/04/2026 07:45:00","BZN|NL","Without Sequence","102.31","",""
"20/04/2026 07:45:00 - 20/04/2026 08:00:00","BZN|NL","Without Sequence","80.68","",""
"20/04/2026 08:00:00 - 20/04/2026 08:15:00","BZN|NL","Without Sequence","123.37","",""
"20/04/2026 08:15:00 - 20/04/2026 08:30:00","BZN|NL","Without Sequence","94.78","",""
"20/04/2026 08:30:00 - 20/04/2026 08:45:00","BZN|NL","Without Sequence","90.63","",""
"20/04/2026 08:45:00 - 20/04/2026 09:00:00","BZN|NL","Without Sequence","79.73","",""
"20/04/2026 09:00:00 - 20/04/2026 09:15:00","BZN|NL","Without Sequence","101.49","",""
"20/04/2026 09:15:00 - 20/04/2026 09:30:00","BZN|NL","Without Sequence","87.43","",""
"20/04/2026 09:30:00 - 20/04/2026 09:45:00","BZN|NL","Without Sequence","76.73","",""
"20/04/2026 09:45:00 - 20/04/2026 10:00:00","BZN|NL","Without Sequence","56.91","",""
"20/04/2026 10:00:00 - 20/04/2026 10:15:00","BZN|NL","Without Sequence","73.64","",""
"20/04/2026 10:15:00 - 20/04/2026 10:30:00","BZN|NL","Without Sequence","51.71","",""
"20/04/2026 10:30:00 - 20/04/2026 10:45:00","BZN|NL","Without Sequence","45.13","",""
"20/04/2026 10:45:00 - 20/04/2026 11:00:00","BZN|NL","Without Sequence","34.25","",""
"20/04/2026 11:00:00 - 20/04/2026 11:15:00","BZN|NL","Without Sequence","47.14","",""
"20/04/2026 11:15:00 - 20/04/2026 11:30:00","BZN|NL","Without Sequence","40.00","",""
"20/04/2026 11:30:00 - 20/04/2026 11:45:00","BZN|NL","Without Sequence","34.60","",""
"20/04/2026 11:45:00 - 20/04/2026 12:00:00","BZN|NL","Without Sequence","29.59","",""
"20/04/2026 12:00:00 - 20/04/2026 12:15:00","BZN|NL","Without Sequence","22.94","",""
"20/04/2026 12:15:00 - 20/04/2026 12:30:00","BZN|NL","Without Sequence","29.90","",""
"20/04/2026 12:30:00 - 20/04/2026 12:45:00","BZN|NL","Without Sequence","40.81","",""
"20/04/2026 12:45:00 - 20/04/2026 13:00:00","BZN|NL","Without Sequence","53.78","",""
"20/04/2026 13:00:00 - 20/04/2026 13:15:00","BZN|NL","Without Sequence","42.56","",""
"20/04/2026 13:15:00 - 20/04/2026 13:30:00","BZN|NL","Without Sequence","58.30","",""
"20/04/2026 13:30:00 - 20/04/2026 13:45:00","BZN|NL","Without Sequence","71.30","",""
"20/04/2026 13:45:00 - 20/04/2026 14:00:00","BZN|NL","Without Sequence","83.33","",""
"20/04/2026 14:00:00 - 20/04/2026 14:15:00","BZN|NL","Without Sequence","61.17","",""
"20/04/2026 14:15:00 - 20/04/2026 14:30:00","BZN|NL","Without Sequence","68.40","",""
"20/04/2026 14:30:00 - 20/04/2026 14:45:00","BZN|NL","Without Sequence","78.93","",""
"20/04/2026 14:45:00 - 20/04/2026 15:00:00","BZN|NL","Without Sequence","91.64","",""
"20/04/2026 15:00:00 - 20/04/2026 15:15:00","BZN|NL","Without Sequence","81.59","",""
"20/04/2026 15:15:00 - 20/04/2026 15:30:00","BZN|NL","Without Sequence","87.73","",""
"20/04/2026 15:30:00 - 20/04/2026 15:45:00","BZN|NL","Without Sequence","107.99","",""
"20/04/2026 15:45:00 - 20/04/2026 16:00:00","BZN|NL","Without Sequence","125.36","",""
"20/04/2026 16:00:00 - 20/04/2026 16:15:00","BZN|NL","Without Sequence","103.64","",""
"20/04/2026 16:15:00 - 20/04/2026 16:30:00","BZN|NL","Without Sequence","119.18","",""
"20/04/2026 16:30:00 - 20/04/2026 16:45:00","BZN|NL","Without Sequence","118.17","",""
"20/04/2026 16:45:00 - 20/04/2026 17:00:00","BZN|NL","Without Sequence","130.01","",""
"20/04/2026 17:00:00 - 20/04/2026 17:15:00","BZN|NL","Without Sequence","118.48","",""
"20/04/2026 17:15:00 - 20/04/2026 17:30:00","BZN|NL","Without Sequence","122.56","",""
"20/04/2026 17:30:00 - 20/04/2026 17:45:00","BZN|NL","Without Sequence","132.71","",""
"20/04/2026 17:45:00 - 20/04/2026 18:00:00","BZN|NL","Without Sequence","157.61","",""
"20/04/2026 18:00:00 - 20/04/2026 18:15:00","BZN|NL","Without Sequence","129.23","",""
"20/04/2026 18:15:00 - 20/04/2026 18:30:00","BZN|NL","Without Sequence","130.08","",""
"20/04/2026 18:30:00 - 20/04/2026 18:45:00","BZN|NL","Without Sequence","128.38","",""
"20/04/2026 18:45:00 - 20/04/2026 19:00:00","BZN|NL","Without Sequence","129.73","",""
"20/04/2026 19:00:00 - 20/04/2026 19:15:00","BZN|NL","Without Sequence","130.05","",""
"20/04/2026 19:15:00 - 20/04/2026 19:30:00","BZN|NL","Without Sequence","123.02","",""
"20/04/2026 19:30:00 - 20/04/2026 19:45:00","BZN|NL","Without Sequence","121.27","",""
"20/04/2026 19:45:00 - 20/04/2026 20:00:00","BZN|NL","Without Sequence","118.98","",""
"20/04/2026 20:00:00 - 20/04/2026 20:15:00","BZN|NL","Without Sequence","119.28","",""
"20/04/2026 20:15:00 - 20/04/2026 20:30:00","BZN|NL","Without Sequence","113.85","",""
"20/04/2026 20:30:00 - 20/04/2026 20:45:00","BZN|NL","Without Sequence","116.12","",""
"20/04/2026 20:45:00 - 20/04/2026 21:00:00","BZN|NL","Without Sequence","105.80","",""
"20/04/2026 21:00:00 - 20/04/2026 21:15:00","BZN|NL","Without Sequence","109.90","",""
"20/04/2026 21:15:00 - 20/04/2026 21:30:00","BZN|NL","Without Sequence","100.13","",""
"20/04/2026 21:30:00 - 20/04/2026 21:45:00","BZN|NL","Without Sequence","97.31","",""
"20/04/2026 21:45:00 - 20/04/2026 22:00:00","BZN|NL","Without Sequence","89.09","",""
"20/04/2026 22:00:00 - 20/04/2026 22:15:00","BZN|NL","Without Sequence","101.59","",""
"20/04/2026 22:15:00 - 20/04/2026 22:30:00","BZN|NL","Without Sequence","99.82","",""
"20/04/2026 22:30:00 - 20/04/2026 22:45:00","BZN|NL","Without Sequence","98.60","",""
"20/04/2026 22:45:00 - 20/04/2026 23:00:00","BZN|NL","Without Sequence","91.67","",""
"20/04/2026 23:00:00 - 20/04/2026 23:15:00","BZN|NL","Without Sequence","95.87","",""
"20/04/2026 23:15:00 - 20/04/2026 23:30:00","BZN|NL","Without Sequence","92.30","",""
"20/04/2026 23:30:00 - 20/04/2026 23:45:00","BZN|NL","Without Sequence","96.27","",""
"20/04/2026 23:45:00 - 21/04/2026 00:00:00","BZN|NL","Without Sequence","92.06","",""
"21/04/2026 00:00:00 - 21/04/2026 00:15:00","BZN|NL","Without Sequence","91.98","",""
"21/04/2026 00:15:00 - 21/04/2026 00:30:00","BZN|NL","Without Sequence","91.98","",""
"21/04/2026 00:30:00 - 21/04/2026 00:45:00","BZN|NL","Without Sequence","93.22","",""
"21/04/2026 00:45:00 - 21/04/2026 01:00:00","BZN|NL","Without Sequence","92.93","",""
"21/04/2026 01:00:00 - 21/04/2026 01:15:00","BZN|NL","Without Sequence","92.30","",""
"21/04/2026 01:15:00 - 21/04/2026 01:30:00","BZN|NL","Without Sequence","92.55","",""
"21/04/2026 01:30:00 - 21/04/2026 01:45:00","BZN|NL","Without Sequence","92.87","",""
"21/04/2026 01:45:00 - 21/04/2026 02:00:00","BZN|NL","Without Sequence","101.71","",""
"21/04/2026 02:00:00 - 21/04/2026 02:15:00","BZN|NL","Without Sequence","91.58","",""
"21/04/2026 02:15:00 - 21/04/2026 02:30:00","BZN|NL","Without Sequence","95.10","",""
"21/04/2026 02:30:00 - 21/04/2026 02:45:00","BZN|NL","Without Sequence","94.77","",""
"21/04/2026 02:45:00 - 21/04/2026 03:00:00","BZN|NL","Without Sequence","98.64","",""
"21/04/2026 03:00:00 - 21/04/2026 03:15:00","BZN|NL","Without Sequence","88.41","",""
"21/04/2026 03:15:00 - 21/04/2026 03:30:00","BZN|NL","Without Sequence","91.45","",""
"21/04/2026 03:30:00 - 21/04/2026 03:45:00","BZN|NL","Without Sequence","97.88","",""
"21/04/2026 03:45:00 - 21/04/2026 04:00:00","BZN|NL","Without Sequence","103.64","",""
"21/04/2026 04:00:00 - 21/04/2026 04:15:00","BZN|NL","Without Sequence","105.56","",""
"21/04/2026 04:15:00 - 21/04/2026 04:30:00","BZN|NL","Without Sequence","116.48","",""
"21/04/2026 04:30:00 - 21/04/2026 04:45:00","BZN|NL","Without Sequence","119.10","",""
"21/04/2026 04:45:00 - 21/04/2026 05:00:00","BZN|NL","Without Sequence","126.90","",""
"21/04/2026 05:00:00 - 21/04/2026 05:15:00","BZN|NL","Without Sequence","140.93","",""
"21/04/2026 05:15:00 - 21/04/2026 05:30:00","BZN|NL","Without Sequence","139.14","",""
"21/04/2026 05:30:00 - 21/04/2026 05:45:00","BZN|NL","Without Sequence","128.51","",""
"21/04/2026 05:45:00 - 21/04/2026 06:00:00","BZN|NL","Without Sequence","117.32","",""
"21/04/2026 06:00:00 - 21/04/2026 06:15:00","BZN|NL","Without Sequence","141.14","",""
"21/04/2026 06:15:00 - 21/04/2026 06:30:00","BZN|NL","Without Sequence","124.12","",""
"21/04/2026 06:30:00 - 21/04/2026 06:45:00","BZN|NL","Without Sequence","115.07","",""
"21/04/2026 06:45:00 - 21/04/2026 07:00:00","BZN|NL","Without Sequence","95.46","",""
"21/04/2026 07:00:00 - 21/04/2026 07:15:00","BZN|NL","Without Sequence","132.48","",""
"21/04/2026 07:15:00 - 21/04/2026 07:30:00","BZN|NL","Without Sequence","111.00","",""
"21/04/2026 07:30:00 - 21/04/2026 07:45:00","BZN|NL","Without Sequence","85.83","",""
"21/04/2026 07:45:00 - 21/04/2026 08:00:00","BZN|NL","Without Sequence","53.98","",""
"21/04/2026 08:00:00 - 21/04/2026 08:15:00","BZN|NL","Without Sequence","81.07","",""
"21/04/2026 08:15:00 - 21/04/2026 08:30:00","BZN|NL","Without Sequence","71.46","",""
"21/04/2026 08:30:00 - 21/04/2026 08:45:00","BZN|NL","Without Sequence","48.18","",""
"21/04/2026 08:45:00 - 21/04/2026 09:00:00","BZN|NL","Without Sequence","15.73","",""
"21/04/2026 09:00:00 - 21/04/2026 09:15:00","BZN|NL","Without Sequence","38.81","",""
"21/04/2026 09:15:00 - 21/04/2026 09:30:00","BZN|NL","Without Sequence","22.21","",""
"21/04/2026 09:30:00 - 21/04/2026 09:45:00","BZN|NL","Without Sequence","10.75","",""
"21/04/2026 09:45:00 - 21/04/2026 10:00:00","BZN|NL","Without Sequence","0.01","",""
"21/04/2026 10:00:00 - 21/04/2026 10:15:00","BZN|NL","Without Sequence","0.00","",""
"21/04/2026 10:15:00 - 21/04/2026 10:30:00","BZN|NL","Without Sequence","-2.03","",""
"21/04/2026 10:30:00 - 21/04/2026 10:45:00","BZN|NL","Without Sequence","-2.05","",""
"21/04/2026 10:45:00 - 21/04/2026 11:00:00","BZN|NL","Without Sequence","-2.31","",""
"21/04/2026 11:00:00 - 21/04/2026 11:15:00","BZN|NL","Without Sequence","-4.00","",""
"21/04/2026 11:15:00 - 21/04/2026 11:30:00","BZN|NL","Without Sequence","-7.04","",""
"21/04/2026 11:30:00 - 21/04/2026 11:45:00","BZN|NL","Without Sequence","-7.04","",""
"21/04/2026 11:45:00 - 21/04/2026 12:00:00","BZN|NL","Without Sequence","-7.04","",""
"21/04/2026 12:00:00 - 21/04/2026 12:15:00","BZN|NL","Without Sequence","-9.90","",""
"21/04/2026 12:15:00 - 21/04/2026 12:30:00","BZN|NL","Without Sequence","-9.02","",""
"21/04/2026 12:30:00 - 21/04/2026 12:45:00","BZN|NL","Without Sequence","-7.05","",""
"21/04/2026 12:45:00 - 21/04/2026 13:00:00","BZN|NL","Without Sequence","-6.52","",""
"21/04/2026 13:00:00 - 21/04/2026 13:15:00","BZN|NL","Without Sequence","-5.10","",""
"21/04/2026 13:15:00 - 21/04/2026 13:30:00","BZN|NL","Without Sequence","-4.00","",""
"21/04/2026 13:30:00 - 21/04/2026 13:45:00","BZN|NL","Without Sequence","-2.08","",""
"21/04/2026 13:45:00 - 21/04/2026 14:00:00","BZN|NL","Without Sequence","-2.04","",""
"21/04/2026 14:00:00 - 21/04/2026 14:15:00","BZN|NL","Without Sequence","-2.06","",""
"21/04/2026 14:15:00 - 21/04/2026 14:30:00","BZN|NL","Without Sequence","-1.40","",""
"21/04/2026 14:30:00 - 21/04/2026 14:45:00","BZN|NL","Without Sequence","0.00","",""
"21/04/2026 14:45:00 - 21/04/2026 15:00:00","BZN|NL","Without Sequence","37.04","",""
"21/04/2026 15:00:00 - 21/04/2026 15:15:00","BZN|NL","Without Sequence","24.21","",""
"21/04/2026 15:15:00 - 21/04/2026 15:30:00","BZN|NL","Without Sequence","53.69","",""
"21/04/2026 15:30:00 - 21/04/2026 15:45:00","BZN|NL","Without Sequence","75.56","",""
"21/04/2026 15:45:00 - 21/04/2026 16:00:00","BZN|NL","Without Sequence","91.16","",""
"21/04/2026 16:00:00 - 21/04/2026 16:15:00","BZN|NL","Without Sequence","72.46","",""
"21/04/2026 16:15:00 - 21/04/2026 16:30:00","BZN|NL","Without Sequence","82.84","",""
"21/04/2026 16:30:00 - 21/04/2026 16:45:00","BZN|NL","Without Sequence","105.94","",""
"21/04/2026 16:45:00 - 21/04/2026 17:00:00","BZN|NL","Without Sequence","121.29","",""
"21/04/2026 17:00:00 - 21/04/2026 17:15:00","BZN|NL","Without Sequence","102.41","",""
"21/04/2026 17:15:00 - 21/04/2026 17:30:00","BZN|NL","Without Sequence","117.21","",""
"21/04/2026 17:30:00 - 21/04/2026 17:45:00","BZN|NL","Without Sequence","125.17","",""
"21/04/2026 17:45:00 - 21/04/2026 18:00:00","BZN|NL","Without Sequence","140.65","",""
"21/04/2026 18:00:00 - 21/04/2026 18:15:00","BZN|NL","Without Sequence","137.13","",""
"21/04/2026 18:15:00 - 21/04/2026 18:30:00","BZN|NL","Without Sequence","134.02","",""
"21/04/2026 18:30:00 - 21/04/2026 18:45:00","BZN|NL","Without Sequence","129.70","",""
"21/04/2026 18:45:00 - 21/04/2026 19:00:00","BZN|NL","Without Sequence","121.54","",""
"21/04/2026 19:00:00 - 21/04/2026 19:15:00","BZN|NL","Without Sequence","132.96","",""
"21/04/2026 19:15:00 - 21/04/2026 19:30:00","BZN|NL","Without Sequence","122.15","",""
"21/04/2026 19:30:00 - 21/04/2026 19:45:00","BZN|NL","Without Sequence","115.27","",""
"21/04/2026 19:45:00 - 21/04/2026 20:00:00","BZN|NL","Without Sequence","113.50","",""
"21/04/2026 20:00:00 - 21/04/2026 20:15:00","BZN|NL","Without Sequence","118.53","",""
"21/04/2026 20:15:00 - 21/04/2026 20:30:00","BZN|NL","Without Sequence","113.93","",""
"21/04/2026 20:30:00 - 21/04/2026 20:45:00","BZN|NL","Without Sequence","113.23","",""
"21/04/2026 20:45:00 - 21/04/2026 21:00:00","BZN|NL","Without Sequence","108.90","",""
"21/04/2026 21:00:00 - 21/04/2026 21:15:00","BZN|NL","Without Sequence","106.05","",""
"21/04/2026 21:15:00 - 21/04/2026 21:30:00","BZN|NL","Without Sequence","105.54","",""
"21/04/2026 21:30:00 - 21/04/2026 21:45:00","BZN|NL","Without Sequence","100.19","",""
"21/04/2026 21:45:00 - 21/04/2026 22:00:00","BZN|NL","Without Sequence","95.74","",""
"21/04/2026 22:00:00 - 21/04/2026 22:15:00","BZN|NL","Without Sequence","100.46","",""
"21/04/2026 22:15:00 - 21/04/2026 22:30:00","BZN|NL","Without Sequence","98.74","",""
"21/04/2026 22:30:00 - 21/04/2026 22:45:00","BZN|NL","Without Sequence","98.08","",""
"21/04/2026 22:45:00 - 21/04/2026 23:00:00","BZN|NL","Without Sequence","94.44","",""
"21/04/2026 23:00:00 - 21/04/2026 23:15:00","BZN|NL","Without Sequence","98.00","",""
"21/04/2026 23:15:00 - 21/04/2026 23:30:00","BZN|NL","Without Sequence","96.23","",""
"21/04/2026 23:30:00 - 21/04/2026 23:45:00","BZN|NL","Without Sequence","94.89","",""
"21/04/2026 23:45:00 - 22/04/2026 00:00:00","BZN|NL","Without Sequence","94.18","",""
"22/04/2026 00:00:00 - 22/04/2026 00:15:00","BZN|NL","Without Sequence","101.02","",""
"22/04/2026 00:15:00 - 22/04/2026 00:30:00","BZN|NL","Without Sequence","95.58","",""
"22/04/2026 00:30:00 - 22/04/2026 00:45:00","BZN|NL","Without Sequence","96.28","",""
"22/04/2026 00:45:00 - 22/04/2026 01:00:00","BZN|NL","Without Sequence","92.28","",""
"22/04/2026 01:00:00 - 22/04/2026 01:15:00","BZN|NL","Without Sequence","94.19","",""
"22/04/2026 01:15:00 - 22/04/2026 01:30:00","BZN|NL","Without Sequence","94.30","",""
"22/04/2026 01:30:00 - 22/04/2026 01:45:00","BZN|NL","Without Sequence","98.60","",""
"22/04/2026 01:45:00 - 22/04/2026 02:00:00","BZN|NL","Without Sequence","99.37","",""
"22/04/2026 02:00:00 - 22/04/2026 02:15:00","BZN|NL","Without Sequence","93.98","",""
"22/04/2026 02:15:00 - 22/04/2026 02:30:00","BZN|NL","Without Sequence","94.09","",""
"22/04/2026 02:30:00 - 22/04/2026 02:45:00","BZN|NL","Without Sequence","95.90","",""
"22/04/2026 02:45:00 - 22/04/2026 03:00:00","BZN|NL","Without Sequence","101.69","",""
"22/04/2026 03:00:00 - 22/04/2026 03:15:00","BZN|NL","Without Sequence","93.04","",""
"22/04/2026 03:15:00 - 22/04/2026 03:30:00","BZN|NL","Without Sequence","101.10","",""
"22/04/2026 03:30:00 - 22/04/2026 03:45:00","BZN|NL","Without Sequence","107.74","",""
"22/04/2026 03:45:00 - 22/04/2026 04:00:00","BZN|NL","Without Sequence","120.90","",""
"22/04/2026 04:00:00 - 22/04/2026 04:15:00","BZN|NL","Without Sequence","111.51","",""
"22/04/2026 04:15:00 - 22/04/2026 04:30:00","BZN|NL","Without Sequence","120.88","",""
"22/04/2026 04:30:00 - 22/04/2026 04:45:00","BZN|NL","Without Sequence","132.15","",""
"22/04/2026 04:45:00 - 22/04/2026 05:00:00","BZN|NL","Without Sequence","131.93","",""
"22/04/2026 05:00:00 - 22/04/2026 05:15:00","BZN|NL","Without Sequence","154.98","",""
"22/04/2026 05:15:00 - 22/04/2026 05:30:00","BZN|NL","Without Sequence","143.22","",""
"22/04/2026 05:30:00 - 22/04/2026 05:45:00","BZN|NL","Without Sequence","128.92","",""
"22/04/2026 05:45:00 - 22/04/2026 06:00:00","BZN|NL","Without Sequence","110.89","",""
"22/04/2026 06:00:00 - 22/04/2026 06:15:00","BZN|NL","Without Sequence","135.48","",""
"22/04/2026 06:15:00 - 22/04/2026 06:30:00","BZN|NL","Without Sequence","129.40","",""
"22/04/2026 06:30:00 - 22/04/2026 06:45:00","BZN|NL","Without Sequence","116.01","",""
"22/04/2026 06:45:00 - 22/04/2026 07:00:00","BZN|NL","Without Sequence","73.41","",""
"22/04/2026 07:00:00 - 22/04/2026 07:15:00","BZN|NL","Without Sequence","130.00","",""
"22/04/2026 07:15:00 - 22/04/2026 07:30:00","BZN|NL","Without Sequence","98.87","",""
"22/04/2026 07:30:00 - 22/04/2026 07:45:00","BZN|NL","Without Sequence","70.04","",""
"22/04/2026 07:45:00 - 22/04/2026 08:00:00","BZN|NL","Without Sequence","34.61","",""
"22/04/2026 08:00:00 - 22/04/2026 08:15:00","BZN|NL","Without Sequence","57.79","",""
"22/04/2026 08:15:00 - 22/04/2026 08:30:00","BZN|NL","Without Sequence","15.88","",""
"22/04/2026 08:30:00 - 22/04/2026 08:45:00","BZN|NL","Without Sequence","0.48","",""
"22/04/2026 08:45:00 - 22/04/2026 09:00:00","BZN|NL","Without Sequence","-1.54","",""
"22/04/2026 09:00:00 - 22/04/2026 09:15:00","BZN|NL","Without Sequence","-0.14","",""
"22/04/2026 09:15:00 - 22/04/2026 09:30:00","BZN|NL","Without Sequence","-0.70","",""
"22/04/2026 09:30:00 - 22/04/2026 09:45:00","BZN|NL","Without Sequence","-0.83","",""
"22/04/2026 09:45:00 - 22/04/2026 10:00:00","BZN|NL","Without Sequence","-4.79","",""
"22/04/2026 10:00:00 - 22/04/2026 10:15:00","BZN|NL","Without Sequence","-2.21","",""
"22/04/2026 10:15:00 - 22/04/2026 10:30:00","BZN|NL","Without Sequence","-5.00","",""
"22/04/2026 10:30:00 - 22/04/2026 10:45:00","BZN|NL","Without Sequence","-7.04","",""
"22/04/2026 10:45:00 - 22/04/2026 11:00:00","BZN|NL","Without Sequence","-11.80","",""
"22/04/2026 11:00:00 - 22/04/2026 11:15:00","BZN|NL","Without Sequence","-12.69","",""
"22/04/2026 11:15:00 - 22/04/2026 11:30:00","BZN|NL","Without Sequence","-17.49","",""
"22/04/2026 11:30:00 - 22/04/2026 11:45:00","BZN|NL","Without Sequence","-23.83","",""
"22/04/2026 11:45:00 - 22/04/2026 12:00:00","BZN|NL","Without Sequence","-24.38","",""
"22/04/2026 12:00:00 - 22/04/2026 12:15:00","BZN|NL","Without Sequence","-27.15","",""
"22/04/2026 12:15:00 - 22/04/2026 12:30:00","BZN|NL","Without Sequence","-21.29","",""
"22/04/2026 12:30:00 - 22/04/2026 12:45:00","BZN|NL","Without Sequence","-14.42","",""
"22/04/2026 12:45:00 - 22/04/2026 13:00:00","BZN|NL","Without Sequence","-9.90","",""
"22/04/2026 13:00:00 - 22/04/2026 13:15:00","BZN|NL","Without Sequence","-9.34","",""
"22/04/2026 13:15:00 - 22/04/2026 13:30:00","BZN|NL","Without Sequence","-5.09","",""
"22/04/2026 13:30:00 - 22/04/2026 13:45:00","BZN|NL","Without Sequence","-2.09","",""
"22/04/2026 13:45:00 - 22/04/2026 14:00:00","BZN|NL","Without Sequence","-1.21","",""
"22/04/2026 14:00:00 - 22/04/2026 14:15:00","BZN|NL","Without Sequence","-1.33","",""
"22/04/2026 14:15:00 - 22/04/2026 14:30:00","BZN|NL","Without Sequence","-1.37","",""
"22/04/2026 14:30:00 - 22/04/2026 14:45:00","BZN|NL","Without Sequence","0.00","",""
"22/04/2026 14:45:00 - 22/04/2026 15:00:00","BZN|NL","Without Sequence","3.49","",""
"22/04/2026 15:00:00 - 22/04/2026 15:15:00","BZN|NL","Without Sequence","4.23","",""
"22/04/2026 15:15:00 - 22/04/2026 15:30:00","BZN|NL","Without Sequence","26.24","",""
"22/04/2026 15:30:00 - 22/04/2026 15:45:00","BZN|NL","Without Sequence","72.70","",""
"22/04/2026 15:45:00 - 22/04/2026 16:00:00","BZN|NL","Without Sequence","100.10","",""
"22/04/2026 16:00:00 - 22/04/2026 16:15:00","BZN|NL","Without Sequence","65.71","",""
"22/04/2026 16:15:00 - 22/04/2026 16:30:00","BZN|NL","Without Sequence","83.55","",""
"22/04/2026 16:30:00 - 22/04/2026 16:45:00","BZN|NL","Without Sequence","104.90","",""
"22/04/2026 16:45:00 - 22/04/2026 17:00:00","BZN|NL","Without Sequence","118.78","",""
"22/04/2026 17:00:00 - 22/04/2026 17:15:00","BZN|NL","Without Sequence","99.67","",""
"22/04/2026 17:15:00 - 22/04/2026 17:30:00","BZN|NL","Without Sequence","120.20","",""
"22/04/2026 17:30:00 - 22/04/2026 17:45:00","BZN|NL","Without Sequence","131.32","",""
"22/04/2026 17:45:00 - 22/04/2026 18:00:00","BZN|NL","Without Sequence","168.85","",""
"22/04/2026 18:00:00 - 22/04/2026 18:15:00","BZN|NL","Without Sequence","157.49","",""
"22/04/2026 18:15:00 - 22/04/2026 18:30:00","BZN|NL","Without Sequence","148.13","",""
"22/04/2026 18:30:00 - 22/04/2026 18:45:00","BZN|NL","Without Sequence","147.71","",""
"22/04/2026 18:45:00 - 22/04/2026 19:00:00","BZN|NL","Without Sequence","138.16","",""
"22/04/2026 19:00:00 - 22/04/2026 19:15:00","BZN|NL","Without Sequence","137.57","",""
"22/04/2026 19:15:00 - 22/04/2026 19:30:00","BZN|NL","Without Sequence","114.65","",""
"22/04/2026 19:30:00 - 22/04/2026 19:45:00","BZN|NL","Without Sequence","110.85","",""
"22/04/2026 19:45:00 - 22/04/2026 20:00:00","BZN|NL","Without Sequence","107.63","",""
"22/04/2026 20:00:00 - 22/04/2026 20:15:00","BZN|NL","Without Sequence","114.10","",""
"22/04/2026 20:15:00 - 22/04/2026 20:30:00","BZN|NL","Without Sequence","112.14","",""
"22/04/2026 20:30:00 - 22/04/2026 20:45:00","BZN|NL","Without Sequence","110.48","",""
"22/04/2026 20:45:00 - 22/04/2026 21:00:00","BZN|NL","Without Sequence","104.08","",""
"22/04/2026 21:00:00 - 22/04/2026 21:15:00","BZN|NL","Without Sequence","109.47","",""
"22/04/2026 21:15:00 - 22/04/2026 21:30:00","BZN|NL","Without Sequence","107.14","",""
"22/04/2026 21:30:00 - 22/04/2026 21:45:00","BZN|NL","Without Sequence","103.77","",""
"22/04/2026 21:45:00 - 22/04/2026 22:00:00","BZN|NL","Without Sequence","99.93","",""
